category,product_name
Nha Sach Tiki,Sách - Lá Hoa Trên Đường Về - Sa Môn Thích Pháp Hoà - Tặng Kèm Bookmark Lá Bồ Đề Random 1 Trong 3 Mẫu + Bookmark + Postcard
Nha Sach Tiki,Thám Tử Lừng Danh Conan - Tập 107
Nha Sach Tiki,Monster - Deluxe Edition –  [Chọn Tập Lẻ
Nha Sach Tiki,Sách Thương Tiến Tửu
Nha Sach Tiki,Sách Cô Bé Hàng Xóm Và Bốn Viên Kẹo (Nguyễn Nhật Ánh) - 2 phiên bản & quà tặng kèm
Nha Sach Tiki,Bộ Truyện One Piece [Chọn Tập Lẻ
Nha Sach Tiki,Sách Dragon Ball - 7 Viên Ngọc Rồng [Chọn Tập Lẻ
Nha Sach Tiki,Rắc Rối Đáng Yêu - Love☆Com
Nha Sach Tiki,Sách IELTS Writing: Viết Luận “Chất Như Nước Cất”
Nha Sach Tiki,Siêu Quậy Teppei Tập 1 – Tập 31 - Tập 1
Nha Sach Tiki,Thanh Gươm Diệt Quỷ - 9- Đại Chiến Dịch Xâm Nhập Phố Đèn Đỏ
Nha Sach Tiki,Sách Sứ Mệnh Hail Mary – Project Hail Mary
Nha Sach Tiki,Hoa Thơm Kiêu Hãnh (Chọn tập lẻ)
Nha Sach Tiki,Boxset Nguyên Tội Của Takopi (2 Tập)
Nha Sach Tiki,Sobotei Dinh Thự Ma Ám (Chọn tập lẻ)
Nha Sach Tiki,Sách Kẻ Trộm Cà Chua
Nha Sach Tiki,Sách Thiên Quan Tứ Phúc
Nha Sach Tiki,Sách Sống cuộc đời giàu có nhất của bạn (Robin Sharma)
Nha Sach Tiki,Sách Husky Và Sư Tôn Mèo Trắng Của Hắn
Nha Sach Tiki,Sách Khi Mọi Điều Không Như Ý
Nha Sach Tiki,"Sách Lên Đỉnh Núi Mở Tiệm Bánh Mì - Triết lí Wazawaza: Những con người hạnh phúc, 2 loại bánh mì, và doanh thu thường niên 300 triệu Yên"
Nha Sach Tiki,Thám Tử Lừng Danh Conan (Bản Nâng Cấp) - [Chọn Tập Lẻ
Nha Sach Tiki,Sách Không Gia Đình (Tái Bản)
Nha Sach Tiki,Sách Con Đường Chẳng Mấy Ai Đi
Nha Sach Tiki,Sách Chiến tranh không có một khuôn mặt phụ nữ (Tái bản)
Nha Sach Tiki,Sách Beartown 2: Chúng tôi đấu với các bạn
Nha Sach Tiki,Sách Vòng Quanh Thế Giới
Nha Sach Tiki,"Sách Beartown - Thị trấn nhỏ, giấc mơ lớn"
Nha Sach Tiki,Bookmark kẹp sách giấy cứng
Nha Sach Tiki,Sách Cánh Cửa Mở Rộng -Thần Thoại Sisyphus
Nha Sach Tiki,Sách Người Đàn Ông Mang Tên Ove (Tái Bản 2022)
Nha Sach Tiki,Sách Những Kẻ Âu Lo
Nha Sach Tiki,Sách Nghệ Thuật Tinh Tế Của Việc Đếch Quan Tâm (Tái Bản)
Nha Sach Tiki,Sách Người Bà Tài Giỏi Vùng Saga
Nha Sach Tiki,Sách 7 Thói Quen Hiệu Quả (The 7 Habits Of Highly Effective People) - Stephen R. Covey - PACE Books
Nha Sach Tiki,Combo Doraemon Truyện Ngắn (45 Tập) - Tái Bản
Nha Sach Tiki,Combo Doraemon - Truyện Dài (Trọn Bộ 24 Cuốn) - Tái Bản
Nha Sach Tiki,Sách Bà Ngoại Tôi Gửi Lời Xin Lỗi
Nha Sach Tiki,Ship of Theseus - NXB Trẻ
Nha Sach Tiki,Sách Tính Bản Ác (M. Scott Peck) - Tuệ Tri
Nha Sach Tiki,Bộ Sách Quiz! Khoa Học Kì Thú [Chọn Tập Lẻ
Nha Sach Tiki,Sách Ma Đạo Tổ Sư - Tái Bản 2025
Nha Sach Tiki,Masamune Báo Thù [Chọn Tập Lẻ
Nha Sach Tiki,Nữ Binh Thần Tốc
Nha Sach Tiki,Sách Vị Ngây Thơ
Nha Sach Tiki,Sách Kiêu Hãnh Và Định Kiến
Nha Sach Tiki,"Sách Hồi Ức, Giấc Mơ, Suy Ngẫm - Hành Trình Vào Nội Tâm Của Carl Jung – Nơi Ký Ức, Giấc Mơ Và Triết Lý Giao Thoa"
Nha Sach Tiki,Tình Yêu Nhân Vật Phụ - Tập 1 (Tặng kèm Thiệp + Bookmark giấy)
Nha Sach Tiki,Sách Boxset Cá Voi Đêm Bão Và Những Câu Chuyện Khác (5 Cuốn)
Nha Sach Tiki,Hồ Sơ Mật The Top Secret Season 0
Nha Sach Tiki,Combo Giáo Trình Chuẩn HSK 3 - Sách Bài Học và Bài tập (Bộ 2 cuốn)
Nha Sach Tiki,Combo Giáo Trình Chuẩn HSK 2 - Sách Bài Học và Bài tập (Bộ 2 cuốn)
Nha Sach Tiki,Sách Cách Sống
Nha Sach Tiki,Series các tập Gachiakuta
Nha Sach Tiki,Sách Vở bài tập Toán 2- tập hai- Chân Trời Sáng Tạo (Kèm Nilon bọc Sách)
Nha Sach Tiki,Historie
Nha Sach Tiki,Sách Trăm năm cô đơn
Nha Sach Tiki,Sách Đừng nhặt bạn trai trong thùng rác
Nha Sach Tiki,Sách Xông vào lối âm dương
Nha Sach Tiki,Sách Kính Vạn Hoa Chết Chóc
Nha Sach Tiki,Sách Giáo Trình Chuẩn HSK 1 Bài Học (Quét Mã QR Để Nghe File Mp3)
Nha Sach Tiki,"Sách Dầu Mỏ, Tiền Bạc Và Quyền Lực (BC)"
Nha Sach Tiki,Sách Nhật ký Đặng Thùy Trâm
Nha Sach Tiki,Sách Hạ Đỏ
Nha Sach Tiki,Sách Thay Đổi Câu Hỏi Thay Đổi Cuộc Đời
Nha Sach Tiki,Sách Cây Cam Ngọt Của Tôi
Nha Sach Tiki,Sách Nhân Gian Đáng Giá
Nha Sach Tiki,Sách Trường Ca Achilles (Quà Tặng Kèm: 01 Bookmark + 01 Phụ Lục)
Nha Sach Tiki,Sách Một Đời Như Kẻ Tìm Đường
Nha Sach Tiki,Sách Luyện Nói Tiếng Trung Quốc Cấp Tốc Cho Người Bắt Đầu - Tập 1 (Kèm file MP3) (Tái Bản)
Nha Sach Tiki,Sách Cánh Đồng Bất Tận (Tái Bản)
Nha Sach Tiki,Sách Suối Nguồn (Tái Bản)
Nha Sach Tiki,Sách Boxset Harry Potter - Tiếng Việt (Trọn Bộ 7 Tập)
Nha Sach Tiki,Sách Gọi Em Bằng Tên Anh - Call Me By Your Name
Nha Sach Tiki,Sách Giáo Trình Chuẩn HSK 1 - Bài Học (Kèm file MP3)
Nha Sach Tiki,Sách Cảo thơm. Đại Nam kỳ nhân liệt truyện (bìa cứng)
Nha Sach Tiki,Sách Thủy Cung Đáy Biển Magmell [ Chọn Tập Lẻ
Nha Sach Tiki,Sách - Phương Pháp Đặt Câu Hỏi Của Socrates - Khai Mở Tư Duy Phản Biện Và Hiểu Biết Sâu Sắc
Nha Sach Tiki,Sách BEASTARS [Chọn Tập Lẻ
Nha Sach Tiki,Cánh Tư và Lửa Thép (Combo và Lẻ)
Nha Sach Tiki,Sách Nếp Nhà - Từ Gốc Rễ Đến Ngọn Gió
Nha Sach Tiki,Sách Chiến Tranh Tiền Tệ - Phần 1 - Ai Thực Sự Là Người Giàu Nhất Thế Giới
Nha Sach Tiki,Combo Doraemon Plus
Nha Sach Tiki,Bộ Truyện - Itto - Cơn lốc sân cỏ
Nha Sach Tiki,Sách Phía Đông Vườn Địa Đàng
Nha Sach Tiki,Sách Công Cụ Của Những Người Khổng Lồ
Nha Sach Tiki,Series các tập Claymore
Nha Sach Tiki,Sakamoto Days Sát thủ huyền thoại [Chọn Tập Lẻ
Nha Sach Tiki,Sách Tâm Lý Học Về Tiền
Nha Sach Tiki,Sách Hiểu Về Bản Chất Con Người - Lý Luận Của Bậc Thầy Tâm Thần Học
Nha Sach Tiki,Sách Trốn Lên Mái Nhà Để Khóc
Nha Sach Tiki,Sách Đúng Việc
Nha Sach Tiki,Sách Giao Tiếp Bất Bạo Động (Nonviolent Communication)
Nha Sach Tiki,Sách Liệu Pháp Chữa Bệnh - Khu Phản Xạ
Nha Sach Tiki,Sách Sự Trả Thù Của Địa Lý
Nha Sach Tiki,Sách Hai số phận (bìa cứng)
Nha Sach Tiki,Sách 30 Tuổi - Mọi Thứ Chỉ Mới Bắt Đầu
Nha Sach Tiki,Sách Con người và Biểu tượng - Man and his symbols
Nha Sach Tiki,Sách Tôi Tự Học
Nha Sach Tiki,Sách Thay Đổi Tí Hon - Hiệu Quả Bất Ngờ Atomic Habits (Tái Bản Lần 4)
Nha Sach Tiki,Sách Vừa Nhắm Mắt Vừa Mở Cửa Số
Nha Sach Tiki,"Ra Bờ Suối Ngắm Hoa Kèn Hồng (Truyện Dài-Nguyễn Nhật Ánh) - Bìa Mềm (Màu Hồng) (Tặng Kèm Bookmark Bồi Hai Mặt, Thiệp Trái Tim In Bài Thơ Của Tác Giả)"
Nha Sach Tiki,Sách - Lão tử đạo đức kinh
Nha Sach Tiki,"Sách Deep Work - Làm Ra Làm, Chơi Ra Chơi (Tái Bản)"
Nha Sach Tiki,Sách Khởi Nghiệp Tinh Gọn (The Lean Startup) (Tái Bản)
Nha Sach Tiki,Sách Storytelling With Data - Kể Chuyện Thông Qua Dữ Liệu (Cuốn Cẩm Nang Hướng Dẫn Trực Quan Hóa Dữ Liệu)
Nha Sach Tiki,Sách Nghĩ Giàu Và Làm Giàu (Bìa Mềm)
Nha Sach Tiki,Sách Nhà Giả Kim (Tái Bản)
Nha Sach Tiki,Sách 48 Nguyên Tắc Chủ Chốt Của Quyền Lực (Tái Bản 2020)
Nha Sach Tiki,Sách Dế Mèn Phiêu Lưu Ký
Nha Sach Tiki,"Combo 4 cuốn: Chuyện con mèo dạy hải âu bay, Chuyện con mèo con chuột và bạn thân của nó, Chuyện con ốc sên, Chuyện chú chó tên là trung thành"
Nha Sach Tiki,Sách Dạy Con Làm Giàu (Tập 1) - Để Không Có Tiền Vẫn Tạo Ra Tiền - Cha Giàu Cha Nghèo (Tái Bản)
Nha Sach Tiki,Sách Giáo Trình Chuẩn HSK 4 Bài Học (Tập 2)
Nha Sach Tiki,Sách Giáo Trình Chuẩn HSK 1 - Bài Tập (Kèm file MP3)
Nha Sach Tiki,Sách Người Tuyết Của Em Có Thể Sống Được Bao Lâu? - Tập 2
Nha Sach Tiki,Sách Thám tử ẩm thực Kamogawa
Nha Sach Tiki,Tuyển Tập Kiệt Tác Fujiko F Fujio - F The Best [Tặng Kèm Set Sticker Khổ Lớn]
Nha Sach Tiki,Sách Tokyo Aliens - [Chọn Tập Lẻ
Nha Sach Tiki,Sách Những Ngày Thường Bất Ổn Của Yano [Chọn Tập Lẻ
Nha Sach Tiki,Sách Nisekoi - Cặp Đôi Giả Tạo
Nha Sach Tiki,Ngũ Hành Của Tôi Thiếu Em
Nha Sach Tiki,Sách Giải Thích Ngữ Pháp Tiếng Anh (Ấn Phẩm Mới)
Nha Sach Tiki,Sách Tư duy dã tràng - Tim trí giao tranh
Nha Sach Tiki,Combo Giáo Trình Chuẩn HSK 5 Tập 1 - Sách Bài Học và Bài tập (Bộ 2 cuốn)
Nha Sach Tiki,Combo Giáo Trình Chuẩn HSK 4 Tập 2 - Sách Bài Học và Bài tập (Bộ 2 cuốn)
Nha Sach Tiki,Sách TỘI ÁC VÀ HÌNH PHẠT
Nha Sach Tiki,Sách Hệ Thống Tự Cứu Của Nhân Vật Phản Diện (Tái bản)
Nha Sach Tiki,Sách Tuần Làm Việc 4 Giờ (Tái Bản)
Nha Sach Tiki,Sách Bông hồng vàng & Bình minh mưa
Nha Sach Tiki,Phù thủy và dã thú
Nha Sach Tiki,Sách Lịch sử Việt Nam bằng hình - Gần 2000 minh họa tranh ảnh và bản đồ
Nha Sach Tiki,"Sách Harry Potter - Boxset 30 Cuốn, Trọn bộ 7 tập - Khổ nhỏ"
Nha Sach Tiki,Sách Lười - Một lần Lười bằng Mười than thuốc bổ
Nha Sach Tiki,Sách Dám bị ghét
Nha Sach Tiki,"Sách Tự học nhạc lý cơ bản (Phương pháp trình bày khoa học - Diễn giải tỉ mỉ, chi tiết - Nhiều ví dụ minh họa cụ thể - Bài tập thực hành phong phú) (Tái bản có bổ sung sửa chữa)"
Nha Sach Tiki,Sách Giải mã Hoóc-môn Dopamine
Nha Sach Tiki,Sách Định luật Murphy – Mọi bí mật tâm lý thao túng cuộc đời bạn
Nha Sach Tiki,Sách Tận Hưởng Hành Trình Nuôi Con Sữa Mẹ
Nha Sach Tiki,Sách Bốn Thỏa Ước
Nha Sach Tiki,Sách Đừng bao giờ đi ăn một mình
Nha Sach Tiki,Sách Nỗi buồn chiến tranh
Nha Sach Tiki,Sách Còn chút gì để nhớ (Tái Bản 2022)
Nha Sach Tiki,Sách Nhà Lãnh Đạo Không Chức Danh
Nha Sach Tiki,Sách Ngôi Nhà Bên Bờ Biển Xanh Thẳm
Nha Sach Tiki,Sách Dinh Dưỡng Học Bị Thất Truyền - Dinh Dưỡng Đẩy Lùi Bệnh Tật
Nha Sach Tiki,Combo Trọn Bộ 31 Tập: Siêu Quậy Teppei
Nha Sach Tiki,Sách Thất Lạc Cõi Người (Bìa Mềm)
Nha Sach Tiki,Sách TS Thu Giang - Lão Tử Đạo Đức Kinh (Tái Bản)
Nha Sach Tiki,Sách Bác Sĩ Riêng Của Bé Yêu - Chào Con! Ba Mẹ Đã Sẵn Sàng (Tái Bản)
Nha Sach Tiki,Sách Đi Tìm Lẽ Sống (Tái Bản )
Nha Sach Tiki,Combo Danh Nhân Thế Giới (10 cuốn) - Tái Bản
Nha Sach Tiki,Sách Cho Tôi Xin Một Vé Đi Tuổi Thơ
Nha Sach Tiki,Sách Yêu Những Điều Không Hoàn Hảo
Nha Sach Tiki,Sách Điều Kỳ Diệu Của Tiệm Tạp Hóa NAMIYA (Tái Bản)
Nha Sach Tiki,Sách 100 cái chân - NXB Trẻ
Nha Sach Tiki,Sách Tiếng Lòng Khó Giấu (Tập 1)
Nha Sach Tiki,"Điệu múa chim công, có ai thấy không"
Nha Sach Tiki,Sách Và Cậu Bước Đến
Nha Sach Tiki,Sách Cuốn Từ Điển Kì Bí
Nha Sach Tiki,Sách Sương Mù Tập 2
Nha Sach Tiki,Nhóc Miko! Cô bé nhí nhảnh
Nha Sach Tiki,Sách Đâu Đó Ngoài Khơi Xa - Phần Tiếp Theo Của Ngôi Nhà Bên Bờ Biển Xanh Thẳm
Nha Sach Tiki,Sách Hà Thanh Hải Yến - Ngang Qua Ngõ Nhỏ Bình An
Nha Sach Tiki,"Sách Giáo Trình Destination Grammar & Vocabulary B1, B2, C1&C2 (Phân Loại Lẻ)"
Nha Sach Tiki,Sách Tĩnh Lặng Là Dáng Vẻ Đẹp Nhất Của Bạn
Nha Sach Tiki,ReLIFE
Nha Sach Tiki,Sách Chuyện Con Mèo Dạy Hải Âu Bay
Nha Sach Tiki,Sách Tại sao các quốc gia thất bại
Nha Sach Tiki,Tiệm sách của nàng (Nguyễn Nhật Ánh)
Nha Sach Tiki,Sách Tư Duy Nhanh Và Chậm (Tái Bản)
Nha Sach Tiki,Series các tập WIND BREAKER
Nha Sach Tiki,Sách Agatha Christie. Thi thể trong thư viện - Một vụ án của Jane Marple
Nha Sach Tiki,Bộ sách Em yêu Biển đảo-Biên cương
Nha Sach Tiki,Series các tập Moriarty the patriot
Nha Sach Tiki,Sách Tuổi Thơ Dữ Dội - Tập 2
Nha Sach Tiki,Sách Britt-Marie Đã Ở Đây (Fredrid Backman)
Nha Sach Tiki,Sách Chủ nghĩa khắc kỷ - phong cách sống bản lĩnh và bình thản (Tái Bản)
Nha Sach Tiki,Sách Những Kẻ Xuất Chúng (Tái Bản)
Nha Sach Tiki,Nỗi Buồn Chiến Tranh (Tái Bản 2022)
Nha Sach Tiki,Sách Cân Bằng Cảm Xúc Cả Lúc Bão Giông (Tặng Kèm Bookmark)(Tái Bản)
Nha Sach Tiki,Sách Giáo Trình Chuẩn HSK 4 - Tập 1 Bài Học (Quét Mã QR Để Nghe File MP3)(Tái Bản)
Nha Sach Tiki,Sách Làm Chủ - Mastery
Nha Sach Tiki,Sách Kafka bên bờ biển (Tái Bản 2020)
Nha Sach Tiki,Sách Agatha Christie - Vụ Ám Sát Ông Roger Ackroyd (Tái Bản)
Nha Sach Tiki,Sách Phân Tâm Học Nhập Môn
Nha Sach Tiki,Sách Dế Mèn Phiêu Lưu Ký (Tái Bản)
Nha Sach Tiki,Sách Đàn Ông Sao Hỏa Đàn Bà Sao Kim
Nha Sach Tiki,Sách Người Đua Diều (Tái Bản 2018)
Nha Sach Tiki,Sách Giáo Trình Chuẩn HSK 5 Bài Học (Tập 1)
Nha Sach Tiki,Sách Lĩnh Nam Chích Quái
Nha Sach Tiki,Combo Darwin’s Game – Trò chơi tiến hóa (Tập 3+4)
Nha Sach Tiki,Sách Hiệp Hội Các Nạn Nhân Cùng Tên
Nha Sach Tiki,Combo Làm Dâu Nhà Sói (Tập 2+3)
Nha Sach Tiki,(Combo 3 cuốn) KHI KÝ ỨC CÒN CHƯA PHAI NHẠT; KHI LỜI NÓI DỐI CÒN CHƯA LỘ DIỆN; KHI TÁCH CÀ PHÊ CÒN CHƯA NGUỘI - Toshikazu Kawaguchi – NXB Trẻ
Nha Sach Tiki,Sách Đời Gió Bụi
Nha Sach Tiki,Combo Itto – Sóng Gió Cầu Trường (26 Tập)
Nha Sach Tiki,Sách Khi Đàn Sếu Bay Về Phương Nam
Nha Sach Tiki,Sách Tư Duy Hệ Thống
Nha Sach Tiki,Sách Người Ăn Chay
Nha Sach Tiki,"Sách Hồi Ký Nguyễn Thị Bình - Gia Đình, Bạn Bè và Đất Nước"
Nha Sach Tiki,"Sách Nói Chuyện Là Bản Năng, Giữ Miệng Là Tu Dưỡng, Im Lặng Là Trí Tuệ"
Nha Sach Tiki,Combo Giáo Trình Chuẩn HSK 4 Tập 1 - Sách Bài Học và Bài tập (Bộ 2 cuốn)
Nha Sach Tiki,Thám Tử Lừng Danh Conan Tập 105
Nha Sach Tiki,Sách Ngữ Pháp Tiếng Anh Tối Giản dành cho người mới bắt đầu - Tác giả BS. Đỗ Trung Kiên
Nha Sach Tiki,Sách Cơ Thể Người
Nha Sach Tiki,Sách Cho đời nhẹ lên cao - Giải mã sáu hormone hạnh phúc
Nha Sach Tiki,Sách Trong Đầu Có Giấu Con Voi
Nha Sach Tiki,Sách Bản Đồ Chiến Lược
Nha Sach Tiki,Sách Tiếng Anh Giao Tiếp Bệnh Viện dành cho người mới bắt đầu - Tác giả BS. Đỗ Trung Kiên
Nha Sach Tiki,Sách HARRY POTTER - KỲ THƯ PHÙ THỦY
Nha Sach Tiki,"	 Sách Mùa hè không tên (Nguyễn Nhật Ánh) - Tặng kèm Bookmark, Tranh màu"
Nha Sach Tiki,Doraemon Plus Tập 5
Nha Sach Tiki,Sách Hoàng Tử Bé
Nha Sach Tiki,Atomic Habits - Thay Đổi Tí Hon Hiệu Quả Bất Ngờ (Tái Bản 2023)
Nha Sach Tiki,Sách Giải Trí Đến Chết
Nha Sach Tiki,Sách Ăn Gì Không Chết - Sức Mạnh Chữa Lành Của Thực Phẩm
Nha Sach Tiki,Sách Không Diệt Không Sinh Đừng Sợ Hãi (TB5)
Nha Sach Tiki,Sách Sapiens Lược Sử Loài Người (Tái Bản 2022)
Nha Sach Tiki,Sách Làm Chủ Bình Minh - Sống Đời Xuất Chúng - CLB 5 Giờ Sáng (Robin Sharma)
Nha Sach Tiki,Sách Veil – Sắc Trắng Yêu Kiều - Tập 3 (Tặng Kèm Postcard)
Nha Sach Tiki,Sách Cẩm Nang Khám Phá Cơ Thể Người (Tặng Kèm Bookmark)
Nha Sach Tiki,Sách Tuổi Trẻ Đáng Giá Bao Nhiêu (Tái Bản)
Nha Sach Tiki,Sách Tư Duy Đặt Cược: Quyết Định Sáng Suốt Hơn Khi Không Có Đủ Thông Tin
Nha Sach Tiki,Sách Những Quy Luật Của Bản Chất Con Người
Nha Sach Tiki,Sách Tối Đa Hóa Hiệu Suất Công Việc – Việc 12 Tháng Làm Trong 12 Tuần
Nha Sach Tiki,Sách Mô Phỏng Đề Thi HSK - Phiên Bản Mới - Cấp Độ 4
Nha Sach Tiki,Sách Ngày Xưa Có Một Con Bò…(Tái Bản)
Nha Sach Tiki,Sách Tư Duy Pháp Lý Của Luật Sư (Tái Bản)
Nha Sach Tiki,Sách ​Liễu Phàm Tứ Huấn (Tái Bản)
Nha Sach Tiki,Sách Host Club Trường Ouran
Nha Sach Tiki,Kính Vạn Hoa Bộ Kỉ Niệm 30 Năm - Tặng Kèm 01 Sổ Tay Kính Vạn Hoa
Nha Sach Tiki,Sách Vòng Lặp Thứ 7 Của Tiểu Thư Phản Diện - Cuộc Sống Hôn Nhân Tự Tại Giữa Lòng Địch Quốc (Chọn Tập Lẻ)
Nha Sach Tiki,Sách Là Họa Không Thể Tránh (Tập 1 + Tập 2)
Nha Sach Tiki,Sách Giải Mã Tâm Lý Hành Vi Về Tiền
Nha Sach Tiki,Sách Sự Thịnh Vượng Của Các Quốc Gia
Nha Sach Tiki,Sách Thuyết Mặc Kệ Họ
Nha Sach Tiki,Đừng Chạm Vào Gà Con Nóng Nảy - Sách Tương Tác Thông Minh
Nha Sach Tiki,Sách Các triều đại Việt Nam
Nha Sach Tiki,Sách 365 Ngày Ký Họa 5 Giây Vẽ Tất Tần Tật Mọi Thứ Trên Đời
Nha Sach Tiki,Sách Về với gia đình
Nha Sach Tiki,Sống Sáng - Phan Việt - Sáng Books
Nha Sach Tiki,Bộ sách Kỳ thi năng lực Nhật ngữ - Point & Practice N4
Nha Sach Tiki,Cánh cửa mở rộng. Núi thần Tập 1+2
Nha Sach Tiki,Sách Same As Ever: Quy Luật Bất Biến Về Bản Chất Con Người Và Tâm Lý Làm Giàu
Nha Sach Tiki,Sách Liễu Phàm Tứ Huấn
Nha Sach Tiki,"Sách Nơi Nào Có Mẹ, Nơi Ấy Là Nhà"
Nha Sach Tiki,Sách Khoa học khám phá: Giai điệu dây và bản giao hưởng của vũ trụ
Nha Sach Tiki,Sách 500 câu hỏi Tại sao - Thế nào
Nha Sach Tiki,Sách Thần thoại Bắc Âu – Văn xuôi Edda và thơ Edda
Nha Sach Tiki,Hananoi và Triệu chứng tình yêu
Nha Sach Tiki,Sách Lý Thuyết Trò Chơi
Nha Sach Tiki,Chainsaw Man - Tập 10
Nha Sach Tiki,Sách Trí Tuệ Do Thái (Tái Bản)
Nha Sach Tiki,Blue Period - Tập 08
Nha Sach Tiki,"Sách Súng, Vi Trùng Và Thép (Tái bản)"
Nha Sach Tiki,Tokyo Revengers - Tập 5
Nha Sach Tiki,Sách The One Thing - Điều Ý Nghĩa Nhất (Tái Bản 2022)
Nha Sach Tiki,Combo 23 Tập Thanh Gươm Diệt Quỷ (Tập 1-23)
Nha Sach Tiki,Sách Chiến Tranh Tiền Tệ - Phần 2 - Sự Thống Trị Của Quyền Lực Tài Chính (Tái Bản)
Nha Sach Tiki,Sách Flow - Dòng Chảy
Nha Sach Tiki,Combo 4 Cuốn: Bộ Sách Tinh Hoa Đạo Học Đông Phương (Bìa Cứng - Mạ Vàng)
Nha Sach Tiki,Sách Thuật Yêu Đương (Tái Bản)
Nha Sach Tiki,Sách Set 3 cuốn Moi Moi và những người bạn - Dành cho trẻ từ 0-2 tuổi
Nha Sach Tiki,Sách Tâm Bệnh Học
Nha Sach Tiki,Sách Tuổi Thơ Dữ Dội - Tập 1 (Tái Bản)
Nha Sach Tiki,Sách Từ Những Hạt Mầm: Hột Điều Của Sóc
Nha Sach Tiki,Sách Tự Học Đột Phá - Kĩ Năng Viết Lại Câu Tiếng Anh
Nha Sach Tiki,Sách Giáo Trình Chuẩn HSK 2 - Bài Học (Kèm file MP3)
Nha Sach Tiki,Sách Người Tuyết Của Em Có Thể Sống Được Bao Lâu? - Tập 1
Nha Sach Tiki,KHI TÁCH CÀ PHÊ CÒN CHƯA NGUỘI - Toshikazu Kawaguchi – Bảo Chương dịch – NXB Trẻ
Nha Sach Tiki,Sách Lũng Tây Nổi Gió
Nha Sach Tiki,Sách Dương Mưu
Nha Sach Tiki,Sách Sống Đời Giản Dị
Nha Sach Tiki,Sách Agatha Christie - Kỳ Án Bảy Mặt Đồng Hồ
Nha Sach Tiki,Sách Chuyển Động Thông Minh Đa Ngữ Việt - Anh - Pháp (Giúp Trẻ Nhận Biết Thế Giới Xung Quanh Thật Trực Quan Và Sinh Động)
Nha Sach Tiki,Vùng Đất Xa Xăm
Nha Sach Tiki,Thánh Địa Khủng Long - Tập 5 (Tặng DINOSAUR CARD)
Nha Sach Tiki,Sách Hồ Sơ Máu- Vén Màn 13 Vụ Án Rúng Động Mọi Thời Đại
Nha Sach Tiki,Sách Đôi mắt của Mona
Nha Sach Tiki,Combo Giáo Trình Chuẩn YCT 1 - Sách Bài Học và Bài tập (Bộ 2 cuốn)
Nha Sach Tiki,Sách MANIFEST – 7 Bước Để Thay Đổi Cuộc Đời Bạn Mãi Mãi
Nha Sach Tiki,Combo 11 Tập: Người Bà Tài Giỏi Vùng Saga
Nha Sach Tiki,Chú Thuật Hồi Chiến Tập 15: Biến Cố Shibuya -Biến Thân
Nha Sach Tiki,Sách Bá Tước Monte Cristo (Bìa Cứng) - Tái Bản
Nha Sach Tiki,Sách Phong thủy nhà ở - Bí mật giúp gia chủ đón tài rước lộc
Nha Sach Tiki,Sách Trở nên phi thường - Becoming Supernatural - Happy Live
Nha Sach Tiki,Sách Basic IELTS Reading
Nha Sach Tiki,"Màu Acrylic 100ml Cao Cấp Dạng Hũ Finenolo Deli - Tô Đất Sét, Đất Nặn Tự Khô, Vẽ Túi Vải Tote, Quần Áo DIY, Giày, Tranh Tường, Đa Chất Liệu, Tươi Sáng, Nhanh Khô - Nhiều Màu Sắc"
Nha Sach Tiki,Sách Harry Potter Và Phòng Chứa Bí Mật
Nha Sach Tiki,Sách Thư Tình Gửi Một Người (Trịnh Công Sơn) (Tái Bản)
Nha Sach Tiki,Sách Huấn Luyện Cảm Xúc Để Con Trẻ Phát Triển Toàn Diện
Nha Sach Tiki,Sách Sức Mạnh Tiềm Thức (Tái Bản) (Bìa Mềm)
Nha Sach Tiki,Sách Trắng
Nha Sach Tiki,Làm Con Dấu Theo Yêu Cầu Hiệu Shiny Cao Cấp
Nha Sach Tiki,Sách Được Học (Tái Bản)
Nha Sach Tiki,Thám Tử Lừng Danh Conan - Hanzawa - Chàng Hung Thủ Số Nhọ - Tập 2
Nha Sach Tiki,Thám Tử Lừng Danh Conan - Giờ Trà Của Zero Tập 3
Nha Sach Tiki,Sách Thiên Nga Đen (Tái Bản 2020)
Nha Sach Tiki,Sách Một Đời Quản Trị (Tái Bản)
Nha Sach Tiki,Sách Doanh Nghiệp Của Thế Kỷ 21 (Tái Bản 2019)
Nha Sach Tiki,Sách Luyện Nói Tiếng Trung Quốc Cấp Tốc Cho Người Bắt Đầu - Tập 2 (Kèm file MP3) (Tái Bản)
Nha Sach Tiki,Sách Hoàng Tử Bé (Tái Bản)
Nha Sach Tiki,Sách Cây Bách Buồn (Tái Bản)
Nha Sach Tiki,Sách Từ Câu Sai Đến Câu Hay
Nha Sach Tiki,Sách Trang Tử Tinh Hoa
Nha Sach Tiki,Lịch Sử Các Dân Tộc A-Rập - Công Trình Kinh Điển Về 13 Thế Kỷ Lịch Sử & Văn Minh A-Rập - Albert Hourani
Nha Sach Tiki,Hàng Xóm Của Tôi TOTORO (Truyện tranh màu) - [Chọn Tập Lẻ
Nha Sach Tiki,Sách Báu Vật Của Đời
Nha Sach Tiki,Luận Kết Cục Trông Mặt Mà Bắt Hình Dong
Nha Sach Tiki,Itto - Sóng Gió Cầu Trường - [Tái Bản 2025
Nha Sach Tiki,Hell Mode (Manga) - Triệu Hồi Sư Khởi Nguyên
Nha Sach Tiki,[Boxset Việt Hoá]  The Solar Kingdom (Bộ Bài Tarot & Sách Hướng Dẫn)
Nha Sach Tiki,Slam Dunk - Deluxe Edition ( Các Tập Lẻ)
Nha Sach Tiki,Sách Cội Rễ (Bìa Mềm)
Nha Sach Tiki,Sách Ánh Sao Bên Tôi
Nha Sach Tiki,"Sách Huyễn Tưởng Về Bình Thường - Sang Chấn Tâm Lý, Bệnh Tật Và Chữa Lành Trong Một Nền Văn Hóa Độc Hại"
Nha Sach Tiki,Sách Uy thế lượng tử. Cuộc cách mạng máy tính lượng tử sẽ làm thay đổi tất cả như thế nào
Nha Sach Tiki,Sách NVIDIA Cỗ Máy Tư Duy Vĩ Đại
Nha Sach Tiki,Sách Jane Eyre
Nha Sach Tiki,Sách Người Ếch - Kẻ Giết Người Hàng Loạt
Nha Sach Tiki,Sách Tăng Tốc Bán Hàng Bằng SPIN
Nha Sach Tiki,Bộ Sách Thưởng Thức Triết Học
Nha Sach Tiki,Sách Thẻ Điểm Cân Bằng - The Balanced Scorecard
Nha Sach Tiki,Sách Quản Trị Bằng Văn Hóa
Nha Sach Tiki,Shin - Cậu Bé Bút Chì Tập 4
Nha Sach Tiki,Shin - Cậu Bé Bút Chì Truyện Dài Tập 1: Cuộc Giao Tranh Thời Chiến Quốc
Nha Sach Tiki,Sách Sherlock Holmes Trọn Bộ 3 Tập
Nha Sach Tiki,Sách Ba người thầy vĩ đại (Tái bản)
Nha Sach Tiki,Truyện Ma Không Hồi Kết - Bản Thường - Tặng Kèm 1 Bookmark In 2 Mặt
Nha Sach Tiki,Bút gel bấm 0.5mm nhiều màu Deli - 1 chiếc - độ dài mực lên tới 1000m Đen/Nâu/ Đỏ/ Xanh Dương/ Xanh Lá/ Tím/ Cam - EG118
Nha Sach Tiki,Sách Và Rồi Chẳng Còn Ai (Agatha Christie)
Nha Sach Tiki,Sách OSHO Yêu - Being In Love - Yêu Trong Tỉnh Thức
Nha Sach Tiki,Sách Những Con Chim Ẩn Mình Chờ Chết (Tái Bản 2020)
Nha Sach Tiki,Sách Con Đường Đi Đến Thành Công Bằng Sự Tử Tế (Tái Bản 2020)
Nha Sach Tiki,Sách Khi Lỗi Thuộc Về Những Vì Sao (Tái Bản)
Nha Sach Tiki,Thám Tử Lừng Danh Conan - Giờ Trà Của Zero Tập 1
Nha Sach Tiki,Sách Mắt Biếc (Tái Bản 2019)
Nha Sach Tiki,Sách Feynman Chuyện Thật Như Đùa (Tái Bản)
Nha Sach Tiki,Sách Harry Potter Hành Trình Xuyên Lịch Sử Pháp Thuật
Nha Sach Tiki,Sách Bước Chậm Lại Giữa Thế Gian Vội Vã (Tái Bản)
Nha Sach Tiki,Giáo Trình HSK 3 - Sách Bài Tập (Kèm MP3)
Nha Sach Tiki,Sách Khi yêu thương còn chưa quên lãng
Nha Sach Tiki,Sách - Ngoài Vùng Ý Thức - Tuệ Tri
Nha Sach Tiki,Hikaru - Kì Thủ Cờ Vây - Ultimate Edition ( Chọn Tập)
Nha Sach Tiki,Sách Codename Anastasia (Tập 2)
Nha Sach Tiki,Sách - Ảo Ảnh Trong Xã Hội Dư Thừa Kết Nối
Nha Sach Tiki,"Sách Mình Chia Tay Rồi, Có Nhớ Không?"
Nha Sach Tiki,Sách Nguyễn Nhật Ánh - Cô Bé Hàng Xóm Và Bốn Viên Kẹo - Bìa Cứng - Tặng Kèm Random 1 Trong 4 Mẫu Bookmark + Sticker + Sổ Vẽ
Nha Sach Tiki,Sách Nguyễn Nhật Ánh - Cô Bé Hàng Xóm Và Bốn Viên Kẹo - Tặng Kèm Random 1 Trong 4 Mẫu Bookmark + Sticker
Nha Sach Tiki,Sách Đêm Cho Chuột: Tuyển Tập Những Vụ Án Kì Ảo Của Mikihiko Renjo
Nha Sach Tiki,Lời Thì Thầm Tinh Tú – Star Whispers (Bộ Bài Và Sách Hướng Dẫn)
Nha Sach Tiki,Sách Ai Đó - Tập 1
Nha Sach Tiki,Sách Agatha Christie. Án mạng vùng Lưỡng Hà
Nha Sach Tiki,Kotaro sống một mình
Nha Sach Tiki,Sách Trà hoa nữ
Nha Sach Tiki,Sách Hot Search Trời Giáng
Nha Sach Tiki,Sách Ông Trăm Tuổi Trèo Qua Cửa Sổ Và Biến Mất (Tái Bản) - 2024
Nha Sach Tiki,"Combo Những người khốn khổ (3 quyển - tập 1, 2 ,3)"
Nha Sach Tiki,Sách Tâm lý học toàn thư. Tâm lý học phát triển
Nha Sach Tiki,Combo Chinh Phục Kỹ Năng Nói - Viết và Luyện Đề Thi Bậc B1-C1 VSTEP (3 Cuốn)
Nha Sach Tiki,Sách Nam Kỳ Ngao Du
Nha Sach Tiki,Sách Sĩ Số Lớp Vắng 0
Nha Sach Tiki,Sách U Mộng Ảnh
Nha Sach Tiki,Combo Magic Kaito (5 Cuốn) (Tái Bản 2022)
Nha Sach Tiki,Sách Khéo Ăn Nói Sẽ Có Được Thiên Hạ
Nha Sach Tiki,Combo 2 cuốn Truyện Dành Cho Thiếu Nhi : Tuổi Thơ Dữ Dội - Tập 1 + 2 (Tái Bản)
Nha Sach Tiki,Sách Hạ đỏ (Tái Bản 2022)
Nha Sach Tiki,Sách Ngồi Khóc Trên Cây
Nha Sach Tiki,Sách Một Thoáng Ta Rực Rỡ Ở Nhân Gian
Nha Sach Tiki,Sách The Mastery Of Self - Hành Trình Thấu Hiểu Bản Thân Và Tìm Thấy Tự Do
Nha Sach Tiki,Sách Siddhartha (Tái Bản 2021)
Nha Sach Tiki,Sách Thuật Tư Tưởng (Tái Bản)
Nha Sach Tiki,Sách How Psychology Works - Hiểu Hết Về Tâm Lý Học
Nha Sach Tiki,Sách Bản Chất Của Người
Nha Sach Tiki,Sách Ngàn Mặt Trời Rực Rỡ (Tái Bản)
Nha Sach Tiki,Sách Totto - Chan Bên Cửa Sổ (Tái Bản)
Nha Sach Tiki,Sách Ticket To Childhood
Nha Sach Tiki,Sách Giáo Trình Chuẩn HSK 5 Bài Tập (Tập 1)
Nha Sach Tiki,Sách Từ Những Hạt Mầm: Kiến Đen Tìm Mè
Nha Sach Tiki,Sách Giáo Trình Chuẩn HSK 4 Bài Học (Tập 1)
Nha Sach Tiki,Sách Anh Em Nhà Motohashi Tập 4
Nha Sach Tiki,Sách Loạn Nhịp Vì Người (Tập 2)
Nha Sach Tiki,Lý Thuyết Trò Chơi Tài Chính
Nha Sach Tiki,Sách Có Người Đợi Cơm
Nha Sach Tiki,Sách - Tư Duy Nhanh Và Chậm - Thinking Fast And Slow - Khổ Nhỏ
Nha Sach Tiki,Sách Méthode Rose - Phương pháp hồng năm thứ nhất với đàn piano - Giáo trình dạy piano nổi tiếng của Pháp - File Audio đánh mẫu tặng kèm trên website
Nha Sach Tiki,Sách MANIFEST – Thực Hành Mở Khóa Tiềm Năng Vô Hạn Của Bạn
Nha Sach Tiki,Sách Dầu Và Máu
Nha Sach Tiki,Sách Rèn Luyện Tư Duy Phản Biện
Nha Sach Tiki,Sách Hạnh Phúc Mỗi Ngày
Nha Sach Tiki,Chính Sách Tiền Tệ Thế Kỷ 21
Nha Sach Tiki,Combo Dragon Ball Super
Nha Sach Tiki,Sách Đồ Giải Kinh Lạc Huyệt Vị Cơ Thể (Tái Bản) - Bìa Mềm
Nha Sach Tiki,Sách Vùng Đất Quỷ Tha Ma Bắt
Nha Sach Tiki,Sách Chú bé mang Pyjama sọc
Nha Sach Tiki,"Sách Lỗ Ban Kinh toàn thư (Tác phẩm kinh điển về thuật chọn ngày tốt, phong thuỷ kiến trúc Trung Hoa cổ đại)(bìa cứng)"
Nha Sach Tiki,Sách Y học dinh dưỡng - Những điều bác sĩ không nói với bạn
Nha Sach Tiki,Sách Thuật Thao Túng - Góc Tối Ẩn Sau Mỗi Câu Nói
Nha Sach Tiki,Sách Sông Đông Êm Đềm (Trọn Bộ 2 Tập)
Nha Sach Tiki,"Sách Dọn đường tâm lý, thuyết phục chắc thắng"
Nha Sach Tiki,Sách Bí Quyết Hội Họa - Luyện Vẽ Hình Khối
Nha Sach Tiki,Sách Circe
Nha Sach Tiki,Sách Để Con Được Ốm
Nha Sach Tiki,Sách Sức Mạnh Của Ngôn Từ (Tái Bản 2022)
Nha Sach Tiki,Sách Clean Code – Mã Sạch Và Con Đường Trở Thành Lập Trình Viên Giỏi
Nha Sach Tiki,My Hero Academia - Học Viện Siêu Anh Hùng - Tập 10: All For One
Nha Sach Tiki,Sách Power Vs Force - Trường Năng Lượng Và Những Nhân Tố Quyết Định Hành Vi Của Con Người (Tái Bản)
Nha Sach Tiki,"Sách Câu Chuyện Cơ Thể Con Người: Tiến Hóa, Sức Khỏe Và Bệnh Tật"
Nha Sach Tiki,Sách Tư Bản Thế Kỷ 21
Nha Sach Tiki,Sách Từ Tốt Đến Vĩ Đại (Tái bản)
Nha Sach Tiki,Sách Những Tù Nhân Của Địa Lý
Nha Sach Tiki,Sách Stephen Hawking - Trả Lời Ngắn Gọn Những Câu Hỏi Lớn
Nha Sach Tiki,Sách Tư Duy Hệ Thống Trong Công Việc
Nha Sach Tiki,Sách Ngoảnh Lại Đã Một Đời
Nha Sach Tiki,Sách Giáo Trình Chuẩn YCT 1 (Kèm file MP3)
Nha Sach Tiki,Sách Trật Tự Thế Giới (Tái Bản)
Nha Sach Tiki,Sách Đất Rừng Phương Nam (Tái Bản)
Nha Sach Tiki,Sách Tất Cả Các Dòng Sông Đều Chảy (2015)
Nha Sach Tiki,Dấu Ấn Hoàng Gia - Tập 48
Nha Sach Tiki,Cẩm Nang Tự Học – Tài Chính Cá Nhân | Hiểu Tiền – Quản Lý Tài Chính – Sống Bình An | Xây Dựng Nền Tảng Tài Chính Bền Vững
Nha Sach Tiki,Sách Hãy lái máy cày của mình qua xương những sinh linh chết
Nha Sach Tiki,Sách Jim Rohn – Đánh Thức Năng Lực Làm Việc & Học Tập | Tư Duy – Kỷ Luật – Thành Công | Bizbooks
Nha Sach Tiki,Sách Lịch Sử Thế Giới Vô Hình
Nha Sach Tiki,Sách Án Mạng Trong Tháp Thủy Tinh
Nha Sach Tiki,Bộ luật Hình sự (hiện hành)
Nha Sach Tiki,Sách liệu pháp dinh dưỡng cho mọi loại bệnh ( chính hãng Nowlife)
Nha Sach Tiki,Sách Phía Tây Không Có Gì Lạ - Tái Bản
Nha Sach Tiki,"Sách Hồi Ức Đến Tương Lai - Suy ngẫm về văn hóa, giáo dục và con đường phát triển của Việt Nam"
Nha Sach Tiki,Bộ 3 Sách Song Ngữ: Lời thì thầm trong tổ ấm + Lời thì thầm với cha + Lời thì thầm với mẹ - Đầy Đủ File Nghe
Nha Sach Tiki,Sách Hoàng Đế Nội Kinh - Linh Khu
Nha Sach Tiki,Veil - Sắc Đỏ Tung Bay - Tập 6
Nha Sach Tiki,Sách Lịch Sử Cơ Độc Giáo
Nha Sach Tiki,Sách Những Điều Đáng Làm Tạo Ra Sản Phẩm Đáng Giá
Nha Sach Tiki,Sách Xứ tuyết
Nha Sach Tiki,Bộ Sách Chuyện Hay Sử Việt - Thời Bắc Thuộc – Cuộc Kháng Cự Ngàn Năm
Nha Sach Tiki,Sách Bình Minh U Uẩn
Nha Sach Tiki,Sách How Brands Grow - Con Đường Tăng Trưởng Thương Hiệu (Những Sự Thật Về Tiếp Thị Chưa Từng Được Khám Phá)
Nha Sach Tiki,Gã nghiện giày - Tự truyện của nhà sáng lập Nike
Nha Sach Tiki,Sách 1111 - Nhật Ký Sáu Vạn Dặm Trên Yên Xe Cà Tàng
Nha Sach Tiki,Sách Sơn Hải Kinh
Nha Sach Tiki,Sách Harry Potter và Hòn đá phù thủy (Tái Bản 2022)
Nha Sach Tiki,Sách Những Người Nhật Tử Tế
Nha Sach Tiki,Kay's Anatomy - Giải Phẫu Cơ Thể Người (Một Cuốn Sách Cực Ngầu Về Giải Phẫu Cơ Thể)
Nha Sach Tiki,Sách Văn Minh Đông Phương Và Tây Phương (Ts Thu Giang Nguyễn Duy Cần)(Tái Bản)
Nha Sach Tiki,Sách 24 Bài Học Sống Còn Để Đầu Tư Thành Công Trên Thị Trường Chứng Khoán (Tái Bản)
Nha Sach Tiki,Sách Cẩm Nang Con Gái (Tái Bản)
Nha Sach Tiki,Sách Óc Sáng Suốt (Tái Bản 2021)
Nha Sach Tiki,Sách Xa Ngoài Kia Nơi Loài Tôm Hát - Where The Crawdads Sing
Nha Sach Tiki,Sách Hiểu Nghèo Thoát Nghèo (Tái Bản)
Nha Sach Tiki,Combo Những Chiếc Xe Hiệp Sĩ ( 8 Cuốn )
Nha Sach Tiki,Sách Khi Hơi Thở Hóa Thinh Không
Nha Sach Tiki,"Sách Hiệp Định Paris - Thắng Lợi Của Ý Chí Độc Lập, Tự Chủ Và Chính Nghĩa Việt Nam - Nguyễn Thị Bình"
Nha Sach Tiki,Sách Bài Học Tiếng Hy Lạp
Nha Sach Tiki,Sách Thú Hoang
Nha Sach Tiki,Boxset Orange - Lá Thư Từ Tương Lai [Tặng Kèm Set 8 Postcard]
Nha Sach Tiki,Combo 2 cuốn Mạc Ngôn: ĐÀN HƯƠNG HÌNH + BÁU VẬT CỦA ĐỜI – Bìa cứng – Tác giả đoạt giải Nobel văn chương 2012 – Trần Đình Hiến dịch – Huy Hoàng Bookstore
Nha Sach Tiki,Truyện Cổ Nga - Những Cuộc Phiêu Lưu Và Những Phép Màu
Nha Sach Tiki,Sách - Giải Mã Marketing Hiện Đại - Những Khám Phá Mới Nhất Về Khoa Học Marketing Bài Học Từ Các Thương Hiệu Thành Công Nhất Thế Giới
Nha Sach Tiki,Sách Thiên Văn Học Trực Quan
Nha Sach Tiki,Sách Hoàng Đế Xứ Gladness - Ocean Vuong
Nha Sach Tiki,Sách Em Bé Và Tôi ( Chọn Tập Lẻ)
Nha Sach Tiki,Sách Ứng Dụng AI Trong Công Việc
Nha Sach Tiki,Sách Cuộc Chiến Kim Loại Hiếm
Nha Sach Tiki,Sách Bí Ẩn Thảm Án Ở Styles (Agatha Christie) (NXB Trẻ)
Nha Sach Tiki,Sách Cơ Hội Luôn Thiên Vị Người Kiên Trì - Bizbooks
Nha Sach Tiki,Sách Vẻ Đẹp Của Cảnh Sắc Tầm Thường
Nha Sach Tiki,Thám Tử Lừng Danh Conan Tập 103
Nha Sach Tiki,Sách Gã hề Chicot
Nha Sach Tiki,Bộ sách Harry Potter - Tiếng Việt - Khổ nhỏ - Tập 6 - Harry Potter và Hoàng tử lai (set 4 cuốn)
Nha Sach Tiki,Sách Trường An 12 Canh Giờ (Tập 1)
Nha Cua Doi Song,[NEW] Cốc giữ nhiệt inox 304 Elmich EL8345 dung tích 480ML - Hàng Chính Hãng
Nha Cua Doi Song,1 gói Diệt chuột dạng viên Hợp Trí Storm 0.005% gói 20 viên
Nha Cua Doi Song,"Nồi phủ sứ chống dính Elmich Olive Classic EL5533OV size 16,18,20cm - Hàng chính hãng"
Nha Cua Doi Song,Bình giữ nhiệt LocknLock Bucket One-Touch LHC3345 có quai dung tích 550ml thép không gỉ - 3 màu
Nha Cua Doi Song,Bình giữ nhiệt LocknLock Balance grip tumbler LHC4397 dung tích 900ml / LHC4398 dung tích 1.2L có quai - 3 màu
Nha Cua Doi Song,"Máy xay muối và tiêu LocknLock một chạm 2 màu (Trắng, Đen) - CKO118"
Nha Cua Doi Song,Nồi phủ sứ chống dính Elmich Olive Classic EL-5535OV - Hàng chính hãng
Nha Cua Doi Song,Chảo chống dính Elmich EL5972 - EL5972SK (Xanh pastel)
Nha Cua Doi Song,Nồi phủ sứ an toàn Elmich Verona EL5525SK
Nha Cua Doi Song,Chảo inox 304 đa lớp cao cấp SUNHOUSE IN20-24-26M6E - 3 lớp nguyên khối - Cán rỗng hạn chế bỏng
Nha Cua Doi Song,Bình giữ nhiệt METRO CAFE TUMBLER LocknLock LHC4359 - Dung tích 650ml
Nha Cua Doi Song,Hộp đựng thực phẩm bằng thép không gỉ LocknLock Color Coated STS Container nhiều dung tích
Nha Cua Doi Song,Cốc giữ nhiệt inox 304 Elmich EL8345 dung tích 480ML - Hàng Chính Hãng
Nha Cua Doi Song,Bình giữ nhiệt Metro Cafe Tumbler LocknLock LHC4357 - Dung tích 500ml - Phủ sứ
Nha Cua Doi Song,"Khăn Lau Bếp 2 Mặt Đa Năng Dày Dặn Siêu Thấm - Lau Bát Đĩa Bàn Ghế Khăn Lau 2 Mặt Siêu Thấm, Khăn Lau Không Phai Màu Nhanh Khô, Khăn Lau Bếp, Khăn Lau Kính, Lau Bát Đa Năng"
Nha Cua Doi Song,"Nhang sạch Liên Tâm 29cm Hộp 50 cây - Ít khói, nhang sen 100% từ thiên nhiên, trầm hương nguyên chất, khuynh diệp, sả chanh"
Nha Cua Doi Song,Bàn học gấp gọn mặt gỗ chân nhựa - giao màu ngẫu nhiên
Nha Cua Doi Song,Bình giữ nhiệt inox 316 Elmich EL8315 dung tích 480ml - Hàng Chính Hãng
Nha Cua Doi Song,Bình giữ nhiệt gia đình inox 304 Elmich EL8299 dung tích 900ml - Hàng chính hãng
Nha Cua Doi Song,"Túi đựng rác gia đình , Bao đựng rác văn phòng 1kg 3 cuộn màu đen"
Nha Cua Doi Song,Bình giữ nhiệt Sling Ring Tumbler LocknLock LHC4321IVY - Dung tích 650ml - Màu IVY
Nha Cua Doi Song,Bình giữ nhiệt LocknLock Riga Tumbler Vietnam Edition LHC4160 897ml
Nha Cua Doi Song,"Bộ nồi Inox dập nguyên khối Elmich Trimax Classic EL-2110OL Size 18, 20, 24, chảo 26cm"
Nha Cua Doi Song,Bình giữ nhiệt Lock&Lock Maman Cup Vacuum Bottle LHC1487PIK 505ml
Nha Cua Doi Song,Bình đựng thức ăn giữ nhiệt Inox 316 Elmich EL8019 dung tích 600ml
Nha Cua Doi Song,Găng tay cao su tự nhiên Lock&amp;Lock ETM830 (có móc treo)
Nha Cua Doi Song,"Ghế chỉnh dáng ngồi đúng - Roichen Hàn Quốc (Made in Korea). Dùng cho Nam, Nữ, Trẻ em. Hàng chính hãng"
Nha Cua Doi Song,Ca nước giữ nhiệt LocknLock Metro Mug LHC4219MIT 475ml - Màu
Nha Cua Doi Song,"Bóng Philips LED bulb Essential E27 (5W,7W,9W,11W,13W) - E27 (3000K/6500K)"
Nha Cua Doi Song,"Combo 02 Hộp nhựa chứa đựng, bảo quản thực phẩm khô cao cấp Inomata Canister - Made in Japan"
Nha Cua Doi Song,Bình Giữ Nhiệt Locknlock Bucket Tumbler 540ml LHC4269NVY
Nha Cua Doi Song,Bình Giữ Nhiệt Lock&Lock Energetic One-Touch Tumbler LHC3249 - 550ML
Nha Cua Doi Song,"Bộ Hộp Cơm Giữ Nhiệt Lock&amp;Lock Easy Carry 2.0L LHC8039BLU Có Túi (1 Hộp 720ml, 2 Hộp 420ml Kèm 1 Bộ Muỗng Và Nĩa) - Màu Xanh"
Nha Cua Doi Song,Bình Đựng Dầu Với Nắp Mở Tự Động Lock&Lock CKO101BLK (550ml)
Nha Cua Doi Song,Pin Max 8 + 4 Viên Energizer E92 BP8+4 AAA
Nha Cua Doi Song,"Ly Giữ Nhiệt LocknLock 900ml Thép Phủ Sứ, Có Ống Hút 3 màu - LHC4419"
Nha Cua Doi Song,Đèn Bắt Muỗi Daewoo DWIK-780 Hàng Chính Hãng
Nha Cua Doi Song,Găng tay xốp 100 cái/hộp THP Tuyền Hưng  Phú - Hàng chĩnh hãng
Nha Cua Doi Song,"Màng bọc thực phẩm PE Ringo, An toàn, Dùng được trong tủ lạnh, lò vi sóng, có lưỡi cắt dạng trượt"
Nha Cua Doi Song,"Màng bọc thực phẩm Ringo PVC, dùng được trong tủ lạnh, lò vi sóng, có lưỡi cắt tiện lợi, nhiều kích cỡ"
Nha Cua Doi Song,"Túi Đựng Rau Quả LAS PALMS Tự Hủy Sinh Học (240-250 túi/ Cuộn) - Nhiều kích thước, Công Nghệ Anh Quốc"
Nha Cua Doi Song,"Hộp Cơm Inox 2 Tầng LocknLock LCB500 1.6L, Hàng Chính Hãng, Chia Ngăn, Thép Không Gỉ"
Nha Cua Doi Song,Cốc giữ nhiệt inox 304 Elmich EL-8380 dung tích 510ml (6 màu)
Nha Cua Doi Song,"Hộp bảo quản thực phẩm EL843X (từ 700ml đến 5,5L)"
Nha Cua Doi Song,"Bình Nhựa Trẻ Em Chú Hươu Nhỏ LocknLock - 450ml - 2 Màu (Xanh Mint, Hồng) - HAP910"
Nha Cua Doi Song,"Thùng Đựng Rác Thông Minh Clean - Thùng Rác Treo Tủ Bếp, Nhà Vệ Sinh, Phòng Khách - Dung Tích 12L - Hàng chính hãng"
Nha Cua Doi Song,"Bộ 10 móc quần áo HOKORI nhựa VIỆT NHẬT chất liệu nhựa pp nguyên sinh an toàn cho da nhạy cảm - Mắc áo trẻ em , người lớn - Hàng Việt Nam"
Nha Cua Doi Song,Chảo chống dính vân gỗ Elmich Nature EL5947MG
Nha Cua Doi Song,"Móc Treo Quần Áo Chống Trượt Xoay 360 Đa Năng Chất Liệu Nhựa Cao Cấp Bền Bỉ Chịu Được Vật Nặng, Mắc Áo Nhựa - Giao Màu Ngẫu Nhiên"
Nha Cua Doi Song," Bộ drap gối Tencel vải Hàn Quốc , đỉnh cao mát , mềm mại { drap và 3 áo gối"
Nha Cua Doi Song,Trung Nguyên Legend - Bình giữ nhiệt G7 có đèn led
Nha Cua Doi Song,Bình giữ nhiệt LocknLock Metro Two Way LHC4272/LHC4274 - Hàng chính hãng
Nha Cua Doi Song,Đệm Mông Công Thái Học Cao Su Non Gối Ngồi Thoáng Khí Đệm Lót Ghế Văn Phòng Ô Tô Xe Hơi- Sairui
Nha Cua Doi Song,Cốc giữ nhiệt inox 304 Elmich EL8300W dung tích 420ml
Nha Cua Doi Song,"[Ghế Roichen - Chính hãng] Ghế chỉnh dáng ngồi đúng Roichen - Hàn Quốc (Made in Korea). Dùng cho Nam, Nữ, Trẻ em"
Nha Cua Doi Song,"Hũ thủy tinh làm sữa chua 200ml dáng béo bụng , hũ thủy tinh đựng hương liệu, mật ong, làm sữa chua"
Nha Cua Doi Song,Bình giữ nhiệt bằng thép không gỉ LocknLock Jumbo Tumbler LHC4300YRED 900ML
Nha Cua Doi Song,Ly nhựa 2 lớp có ống hút LocknLock Bucket Cold Cup with Straw HAP520BLU 580ml
Nha Cua Doi Song,"Combo 4 Miếng Dán Treo Kệ, Rổ, Miếng Treo Dành Cho Hộp Giấy Ecoco"
Nha Cua Doi Song,"Chuông Cửa Không Dây Thông Minh Besti YBT01 (1 Nút Bấm, 1 Chuông ), Chống Nước, Khoảng Cách Sử Dụng Hiệu Quả 300M, 60 Loại Nhạc Chuông, 4 Mức Điều Chỉnh Âm Lượng - Hàng Chính Hãng"
Nha Cua Doi Song,Ly Nhựa 2 Lớp LocknLock 900ml HAP502NVY - Màu
Nha Cua Doi Song,"Bóng đèn PHILIPS LEDBULB Mycare A60 -Công suất (4W,6W,8W,10W,12W) bảo vệ mắt"
Nha Cua Doi Song,Nệm cao su non Thắng Lợi 20cm
Nha Cua Doi Song,Phân thông minh tan chậm RYNAN 200 - 210 - 220 - 230 - 240 đầy đủ các giai đoạn phát triển chuyên cho hoa Lan - hoa cảnh và Bonsai hũ 150g - Rynan 240
Nha Cua Doi Song,0.5kg túi zipper chỉ đỏ đựng thực phẩm
Nha Cua Doi Song,Giá Để Đàn Guitar - Chân đỡ chữ A - Chân Để Đàn Guitar
Nha Cua Doi Song,Màng Bọc Thực Phẩm PVC Laspalms - 30cmx368m
Nha Cua Doi Song,Bộ hộp cơm giữ nhiệt 2 tầng LocknLock New Tower Vacuum Lunch Box LHC8055VOL thép không gỉ 304 kèm muỗng và họa tiết trang trí
Nha Cua Doi Song,Chảo chống dính Ceramic elmich Olive EL5984OV
Nha Cua Doi Song,Diệt chuột thông minh Racumin 0.75 TP 20gr
Nha Cua Doi Song,"Màng bọc thực phẩm Ringo PVC cuộn lớn ST412/418/612, dùng được trong tủ lạnh, lò vi sóng, có lưỡi cắt"
Nha Cua Doi Song,Ly Giữ Nhiệt LocknLock Metro Cafe Tumbler LHC4418 750ml - Thép Phủ Sứ
Nha Cua Doi Song,Bình giữ nhiệt inox 304 Elmich EL8382 dung tích 810ml
Nha Cua Doi Song,"Ghế Công Thái Học Chỉnh Dáng Ngồi - Ghế Tựa Lưng Chống Cong Vẹo Cột Sống Cho Nam, Nữ, Trẻ Em - HÀNG CHÍNH HÃNG MINIIN"
Nha Cua Doi Song,"Bình Gas Bơm Bật Lửa Bluesky 5 Đầu Bơm Dung Tích 150gr/275ml Siêu Tiện Dụng, Bình Bơm Gas Bật Lửa Hàn Quốc"
Nha Cua Doi Song,"Vỏ gối ôm, vỏ gối nằm cotton tici kẻ LIDACO vải trơn kích thước tiêu chuẩn"
Nha Cua Doi Song,Ga giường cotton tici không vỏ gối LIDACO drap giường trơn 15 màu lựa đủ mọi size nệm
Nha Cua Doi Song,Ly nhựa 2 lớp LocknLock HAP538 Spring Double Wall Cold Cup - Dung tích 890ML - Kèm ống hút
Nha Cua Doi Song,Ga chống thấm họa tiết xanh Mint LoveMama 1 màu chính hãng loại 1
Nha Cua Doi Song,Máy xay tỏi ớt cầm tay Elmich PBE-8659 - Hàng chính hãng
Nha Cua Doi Song,Áo Mưa Thời Trang Họa Tiết Gấu Nice Thiết Kế Thân Dài Có Kính Chắn Mưa Và Bao Tay Tiện Lợi- CÓ 4 MÀU - LOẠI 1 - HÀNG CHÍNH HÃNG MINIIN
Nha Cua Doi Song,"Ổ cắm điện đa năng Deli Công Suất 2500W - Tích Hợp Ổ USB & Type C Thiết Kế Cầu Chì Tự Ngắt Khi Quá Tải, Nắp Chống Giật"
Nha Cua Doi Song,Bình giữ nhiệt Slo 2in1 with tumbler LocknLock LHC4332 (Bình giữ nhiệt và cốc nhựa) 600ml
Nha Cua Doi Song,Bộ nồi chảo chống dính Elmich baby EL1168 size16cm
Nha Cua Doi Song,Ly nhựa 2 lớp Bubble Tea Cold Cup LocknLock HAP529 - Kèm ống hút - Dung tích 720ml
Nha Cua Doi Song,Hộp bảo quản thủy tinh LocknLock BLANC - Hộp vuông
Nha Cua Doi Song,Đồng hồ treo tường kim trôi không ồn minimalist phong cách tối giản trang trí phòng khách Bảo hành 12 tháng Deli
Nha Cua Doi Song,Pin kiềm AAA Philips LR03P10TS/97 vỉ 10 viên
Nha Cua Doi Song,Pin kiềm AA Philips LR6P10TS/97 vỉ 10 viên
Nha Cua Doi Song,Ca giữ nhiệt Flat Table Mug LocknLock LHC4320 - Dung tích 730ml - Tay cầm thoải mái - Miệng ca rộng - Nắp trong suốt
Nha Cua Doi Song,"[KHÔNG CẦN DÙNG BƠM] Túi Hút Chân Không Đựng Quần Áo Chăn Ga Gối , Thú Bông Deli - Loại Dày Cao Cấp Bọc Để Chăn Màn 2 Lớp Khóa Zip Chống Rò Rỉ Hơi Bảo Vệ Quần Áo, Chăn Ga Khỏi Ẩm, Nấm Mốc, Chống Nước Tuyệt Đối"
Nha Cua Doi Song,Bộ 30 Viên Pin AA Panasonic Carbon 1.55V chính hãng - Bộ 4 VIÊN
Nha Cua Doi Song,"Túi Hút Chân Không Đựng Quần Áo, Chăn Ga Gối, Thú Bông Deli - Loại Dày Cao Cấp, Nhiều Hoạ Tiết, Bảo Vệ Quần Áo, Chăn Ga Khỏi Ẩm, Nấm Mốc, Chống Nước Tuyệt Đối"
Nha Cua Doi Song," Keo silicon Apollo A500 chống thấm tốt, bền bỉ (keo trong - keo trắng đục) 300ml"
Nha Cua Doi Song,Ly nhựa LocknLock Dream Catcher ABF779YEL 520ml có nắp đậy ống hút - Màu
Nha Cua Doi Song,Cây bật lửa đốt nến có thể điều chỉnh
Nha Cua Doi Song,Bình nước Lock&Lock Eco Bottle ABF664GRY 750ml - Màu
Nha Cua Doi Song,Pin Sạc AA 2000mAh NH15 Power Plus RP2 Energizer NH15 RP2 (Mẫu mới)
Nha Cua Doi Song,1 Kg túi zip chỉ đỏ thương hiệu Gimex II
Nha Cua Doi Song,Ron Dán Chân Cửa Legaxi Keo Đỏ Cải Tiến Ngăn Bụi và Côn Trùng 25 35 45 60 110mm
Nha Cua Doi Song,"Viên Diệt Chuột Nhật Bản Hộp 4 Vỉ Sạch Sẽ, An Toàn Và Hiệu Quả"
Nha Cua Doi Song,Thùng nhựa đựng đồ Đa Năng Bestlock
Nha Cua Doi Song,Vòi xịt vệ sinh có giá đỡ và dây cấp Chiba Hafele 589.34.920 -Hàng Chính Hãng
Nha Cua Doi Song,Bộ dao kéo 05 món Elmich diamond EL8404DB - Xanh Navy
Nha Cua Doi Song,"Bình giữ nhiệt inox 316 Elmich EL8306, dung tích 500ml - Hàng chính hãng"
Nha Cua Doi Song,Vợt muỗi Kachi - hàng chính hãng
Nha Cua Doi Song,"Túi Zipper đựng thực phẩm Kokusai TZIP00001328, TZIP59004626, TZIP59004619, TZIP00000307, nhiều kích cỡ"
Nha Cua Doi Song,"Bộ nồi phủ sứ chống dính Elmich Olive EL-5228OV03 size 18,20,24cm - Hàng chính hãng"
Nha Cua Doi Song,Bình giữ nhiệt inox 304 Elmich EL8364 dung tích 850ml - Hàng chính hãng
Nha Cua Doi Song,Túi giữ mát đựng cơm hằng ngày LocknLock
Nha Cua Doi Song,Chảo inox 3 lớp nguyên khối Elmich Trimax EL-3846 size 26
Nha Cua Doi Song,Chảo inox 3 lớp nguyên khối Elmich Trimax EL 3846OL16 size 16cm
Nha Cua Doi Song,Cốc nước thủy tinh Elmich EL-8351 dung tích 400ml
Nha Cua Doi Song,Túi hút chân không thực phẩm dạng cuộn Elmich EL0024D
Nha Cua Doi Song,Thuốc kích thích sinh trưởng ATO.NIK giúp kích rễ - nảy mầm cho cây trồng và hoa kiểng - Hộp 10 gói - gói 10ml
Nha Cua Doi Song,"Dụng cụ thông tắc bồn cầu, cống bằng khi nén áp lực siêu mạnh"
Nha Cua Doi Song,"Kẹp Dán Tường Đi Dây Điện, Dây Cáp Gọn Gàng Loại Cao Cấp"
Nha Cua Doi Song,Cốc giữ nhiệt inox 304 Elmich EL8312 dung tích 600ml - Hàng Chính Hãng
Nha Cua Doi Song,"[4026] BG Kệ đa năng 3/4/5 - bánh xe, giỏ đựng đồ, Dễ dàng di chuyển giá sách đa năng,Kệ đa năng có bánh xe, di chuyển tiện lợi (hàng nhập khẩu)"
Nha Cua Doi Song,Hộp bảo quản thủy tinh LocknLock BLANC - Hộp chữ nhật
Nha Cua Doi Song,Đũa gỗ Nhật Bản vỉ 5 đôi KOKUSAI NDCK
Nha Cua Doi Song,TÚI ĐỰNG RÁC MÀU 1KG 3 CUỘN TỰ HỦY
Nha Cua Doi Song,Pin kiềm AA Philips LR6P2B/97 vỉ 2 viên
Nha Cua Doi Song,"Bình Ga bơm bật lửa, hộp quẹt gas bluesky kèm 5 đầu chuyển đổi"
Nha Cua Doi Song,"Pin sạc AA AAA BESTON dung lượng cao, sạc lại nhiều lần thay thế cho pin Con thỏ trong micro không dây, điều khiển"
Nha Cua Doi Song,"Màn Dây Không Cửa TOKDODO Chống Muỗi Cao Cấp, Vải Màn Mềm, Mịn, Mắt Dày Dặn Chống Muỗi Tuyệt Đối"
Nha Cua Doi Song,Pin sạc AAA NiMH dung lượng lớn 1300mah (4 Viên AAA) - tặng kèm hộp nhựa - hàng nhập khẩu
Nha Cua Doi Song,"Màng Bọc Thực Phẩm , Đồ Ăn PE Shinsen Đạt Tiêu Chuẩn Tiêu Dùng Nhật Bản Đảm Bảo An Toàn Cho Người Sử Dụng - Chính Hãng inochi ( Tặng kèm khăn lau pakasa)"
Nha Cua Doi Song,Đèn Bàn Học LED Đọc Sách Làm Việc Chống Cận Bảo Vệ Mắt - Cảm Ứng 5 Cấp Độ Điều Chỉnh  - Điều Chỉnh Vùng Sáng - Gấp Gọn Tiện Lợi
Nha Cua Doi Song,"Hộp 4 pin sạc AA AAA Beston dung lượng cao, sạc lại nhiều lần - Hàng chính hãng"
Nha Cua Doi Song,"Chảo trơn vân đá Sunhouse - Phủ sơn chống dính, dễ dàng làm sạch"
Nha Cua Doi Song,"Đèn Pixar, Đèn Bàn Chống Cận Thị, Đèn Đọc Sách LED, Đèn Làm Việc Bảo Vệ Mắt"
Nha Cua Doi Song,Bình giữ nhiệt inox 304 Elmich EL-8013OL dung tích 480ml
Nha Cua Doi Song,"Bộ ga giường poly cotton LIDACO drap giường đủ size nệm 1m2, 1m4, 1m6, 1m8"
Nha Cua Doi Song,Bộ chăn chần ga giường cotton Tici kẻ LIDACO cao cấp (Nhiều mẫu lựa chọn)
Nha Cua Doi Song,"Bóng đèn Philips LED Bright E27 bảo vệ mắt, ánh sáng vàng, ánh sáng trắng (01 bóng)"
Nha Cua Doi Song,Bình giữ nhiệt có ống hút Lock&amp;Lock Bucket Tumbler with Straw LHC4268NVY - Màu
Nha Cua Doi Song,Hộp đựng thức ăn cho bé Lock&Lock có vạch chia 230ml x 3 hộp LLG508S3
Nha Cua Doi Song,Pin AAAA Energizer E96 BP2
Nha Cua Doi Song,Bình Giữ Nhiệt Lock&Lock Feather Light LHC4131WB (450ml)
Nha Cua Doi Song,Đèn ngủ cảm ứng thỏ con Elmich NLE0738 - hàng chính hãng
Nha Cua Doi Song,Bình giữ nhiệt inox 304 Elmich EL8383 dung tích 510ml - Hàng chính hãng
Nha Cua Doi Song,"Bình nước cao cấp Biwa Plus 1,6L"
Nha Cua Doi Song,Máy Xay Tỏi Ớt Cầm Tay Mini Sạc USB – Lưỡi Dao Inox 3 Cánh Xay Gia Vị Siêu Nhanh - HÀNG CHÍNH HÃNG MINIIN
Nha Cua Doi Song,"Bình Giữ Nhiệt Trẻ Em LocknLock 550ML - Victory Kids - 4 Màu (Xanh Dương, Xanh Lá, Vàng, Vàng Nhạt) - LHC1475"
Nha Cua Doi Song,"Đèn Bắt Muỗi Tự Động - Máy Bắt Muỗi Thông Minh, Hút Côn Trùng, Công Nghệ Đèn LED, Kiêm Đèn Ngủ Sạc USB - HÀNG CHÍNH HÃNG MINIIN"
Nha Cua Doi Song,Ga chống thấm họa tiết LIDACO đủ size nệm (màu ngẫu nhiên)
Nha Cua Doi Song,Bình nước thủy tinh Elmich EL-8350T041 dung tích 415ml
Nha Cua Doi Song,"1Kg túi zip chỉ đỏ thương hiệu GIMEX II bảo quản thực phẩm, quần áo, thiết bị"
Nha Cua Doi Song,Nồi chống dính vân gỗ Elmich Nature EL5206MG
Nha Cua Doi Song,Chảo Inox dập nguyên khối Elmich EL2431OL
Nha Cua Doi Song,Phân bón N3M kích thích ra rễ cực mạnh giúp cây trồng sinh trưởng khỏe
Nha Cua Doi Song,"Khăn Tắm Cao Cấp, Tiêu Chuẩn Khách Sạn 5 Sao, SAGATEX, Chất Liệu Cotton Tự Nhiên Thấm Hút Tốt, Mềm Mại"
Nha Cua Doi Song,"khăn tắm, khăn tay, khăn mặt sang trọng 100% cotton hữu cơ Homemark 500GSM mềm mại và khả năng thấm hút cao, nhanh khô"
Nha Cua Doi Song,Đế Lót Chậu Cây Có Bánh Xe ANKAN - Lắp Ráp Theo Ý Khách Hàng Chọn Kích Thước Đế Và Tải Trọng Của Đế - Hàng Chính Hãng
Nha Cua Doi Song,"Combo 6 Túi Hút Chân Không Đựng Chăn Màn, Quần Áo, Chống Ẩm Mốc Bụi, Bảo Quản Quần Áo Chăn Gối Mền - TẶNG KÈM BƠM ĐIỆN - HÀNG CHÍNH HÃNG MINIIN"
Nha Cua Doi Song,Chăn Hè Cotton Đũi Hàn Quốc Hàng Loại 1 ( 2m3x2m )Mềm Siêu Mát Lạnh Mùa Hè - Hàng Chính Hãng MINIIN
Nha Cua Doi Song,"Túi bọc quần áo treo tủ chống bụi chống ẩm mốc Deli, Túi bọc trùm quần áo PEVA có khóa loài dày dặn, sắp xếp tủ quần áo"
Nha Cua Doi Song,"Khăn Tắm Gội Đầu Lau Mặt Siêu Thấm Hút, Mềm Mại, Sợi Bông Cao Cấp Mạng Lại Sự Mềm Mịn Ấm Áp Hàng Chính Hãng TOKDODO"
Nha Cua Doi Song,"Túi Zip PE Trong Suốt 2 Đường Kéo MyJae, Túi Bọc Đồ Ăn, Rau Củ Bảo Quản Trong Tủ Lạnh"
Nha Cua Doi Song,Combo 9 cuộn (3kg) túi đựng rác /  bao đựng rác thương hiệu GIMEX II hàng chính hãng tùy chọn kích cỡ và màu sắc
Nha Cua Doi Song,Kéo cắt cành cộng lực chuyên dụng Germany -dụng cụ làm vườn đa năng
Nha Cua Doi Song,Bộ 3 hộp thực phẩm vuông Hokkaido 50010002000ml
Nha Cua Doi Song,Ổ cắm Điện Quang ĐQ ESK SM740SL (4 lỗ 3 chấu)
Nha Cua Doi Song,"Nẹp Dây Điện Dán Tường Siêu Dính ,Kẹp Dây Điện Cố Định Và Giữ Dây Điện Siêu Sốc an toàn tiện lợi dễ lắp đặt"
Nha Cua Doi Song,Bình giữ nhiệt Lock&amp;Lock Belt Bottle LHC4267IVY490ml - Màu
Nha Cua Doi Song,"Bộ Ga Gối Cotton Kẻ 3F Lidaco Chuyên Dụng Cho Homestay, Khách Sạn (Nhiều Mẫu Lựa Chọn)"
Nha Cua Doi Song,Thước Dây Deli Có Thể Làm Móc Chìa Khóa- Dài 1.5M - Thước Dây Cuộn - Màu Trơn Xanh Lá / Xanh Dương / Hồng / Trắng  - 1 Chiếc
Nha Cua Doi Song,Combo 2 Miếng Lau Nhà Thế Hệ Mới Parroti Pro PAD2-PR01 - Kích Thước 33 x12 CM (Chỉ dùng được cho Bộ lau nhà Parroti Pro)
Nha Cua Doi Song,Bình nhựa đựng nước có quai xách Pearl Metal Charger 830ml - Nội địa Nhật Bản
Nha Cua Doi Song,"Máy xay tỏi ớt bằng tay Lock&Lock (Nhiều kích cỡ) - Hàng chính hãng, lực nghiền mạnh với 3 lưỡi dao thép không gỉ"
Nha Cua Doi Song,Bình Giữ Nhiệt Bằng Thép Không Gỉ Lock&Lock Vacuum Bottle LHC6180SLV (800ML) - Màu
Nha Cua Doi Song,Combo 300 túi lọc rác bồn rửa bát
Nha Cua Doi Song,Cầu dao / Aptomat tự động Schneider Electric MCB Easy9 4.5kA 1P 230V
Nha Cua Doi Song,Nhang Sạch Phòng Máy Lạnh - Ít khói - Hương trầm dịu nhẹ - Chân tăm mộc - Nhang Xanh
Nha Cua Doi Song,Combo 2 túi bột tẩy lồng giặt cho quần áo thơm như mới
Nha Cua Doi Song,Kệ để bàn chải kem đánh răng 3 ngăn dán tường Hobby home decor CD4
Nha Cua Doi Song,Gói 10 Viên Băng Phiến Xua Đuổi Chuột Siêu Hiệu quả
Nha Cua Doi Song,"Thanh móc treo đồ hút chân không nhà tắm đa năng, móc treo tường chịu lực tốt không cần khoan"
Nha Cua Doi Song,SET 4 Đệm Lót Chân Bàn Ghế Vuông Tròn Chống Ồn Hamart Bọc Chân Ghế Gỗ Silicone Chống Xước Sàn Nhà
Nha Cua Doi Song,Ly Thuỷ Tinh Có Vạch Chia Ml / Cốc Thuỷ Tinh Chia Vạch Ml Lường nước Có Nắp Đậy Chống Tràn Kèm Ống Hút Cho Bé- Hàng chính hãng
Nha Cua Doi Song,"[PhiênBảnMới] Găng tay Saraya Vinyl Không Bột trong suốt loại dày 5gram, dùng chế biến thực phẩm, vệ sinh - 100 cái/hộp"
Nha Cua Doi Song,Bình Lọc Nước 16L
Nha Cua Doi Song,Móc Inox Dán Tường Chịu Lực 15KG Hamart Móc Treo Đồ Nặng Dán Tường Chất Lượng Cao
Nha Cua Doi Song,Đầu chuyển ổ cắm 3 chấu qua 2 chấu - Hàng chính hãng
Nha Cua Doi Song,"Định vị GPS Sothing FindmyTag, định vị theo dõi, chống mất đồ hành lý như xe máy, người già, trẻ nhỏ- Hàng chính hãng"
Nha Cua Doi Song,"Nhiệt ẩm kế, nhiệt kế phòng Deli đồng hồ xem giờ có báo thức đo nhiệt độ phòng, độ ẩm phòng ngủ cho bé chính xác"
Nha Cua Doi Song,Ca Đánh Sữa Mạ Màu
Nha Cua Doi Song,"Khăn Trải Bàn Chống Thấm Nước Họa Tiết Độc Đáo, Tấm Lót Decor Bàn Ăn Kẻ Caro Nhiều Kích Thước Chính Hãng TOKDODO"
Nha Cua Doi Song,"Dây phơi quần áo Phi 5mm Dài: 2m -:- 17m, + 2 khóa cáp, + 1 tăng đơ, + 2 nở móc"
Nha Cua Doi Song,Đầu Khò Hàn AoMai ZB-8102 Có Khóa Gài An Toàn.
Nha Cua Doi Song,"Kệ gỗ treo tường loại mảnh nhiều kích thước màu socola, kệ trang trí Anzzar, decor phòng khách, phòng ngủ"
Nha Cua Doi Song,"Rèm Dán Tường Phòng Ngủ-Trang Trí,Decor-Không Cần Khoan-Nhiều Màu,Nhiều Kích Thước"
Nha Cua Doi Song,Bình thuỷ tinh đựng cà phê CAFE DE KONA
Nha Cua Doi Song,Chăn hè cotton chần bông LIDACO Home nhiều mẫu lựa chọn khổ rộng 2mx2m3
Nha Cua Doi Song,Bật lửa mồi súng mồi lửa bếp cồn bếp ga tiện dụng
Nha Cua Doi Song,Cuộn 3 Mét Decal Giấy Dán Bếp Tráng Nhôm Cách Nhiệt CHống Thấm Dầu Thấm Nước Cao Cấp Hàng Loại 1 - Chính Hãng MINIIN
Nha Cua Doi Song,Chiếu Mây Điều Hòa Cao Cấp Loại Dày Hàng Xuất Khẩu Chính Hãng MINIIN
Nha Cua Doi Song,Cuộn Băng Keo Chống Thấm Dột Kích Thước Dài 5m x rộng 10cm - Hàng Loại 1 Chính Hãng MINIIN
Nha Cua Doi Song,"Vỉ 2 VPin AA , Pin AAA DURACELL 1,5V Siêu Bền - Hàng chính hãng"
Nha Cua Doi Song,Dây Lẻ Đàn Guitar Acoustic 1-2-3-4-5-6
Nha Cua Doi Song,Thớt gỗ óc chó nhập khẩu Mỹ - bày pizza dùng trang trí/ chụp hình (đủ kích cỡ và kiểu dáng)
Nha Cua Doi Song,"Ổ cắm điện LiOA đa năng kết hợp - 2D2S, 3D3S, 4D6S dây dài 3m/5m - Ổ cắm điện Lioa Chính Hãng"
Nha Cua Doi Song,[10 màu] Nến thơm nến nổi thả nước EDC4526 5.6 x 2.5 cm cháy 7 giờ (Lựa chọn màu)
Nha Cua Doi Song,Áo Mưa Rando Poncho Vải Best – Loại cao cấp
Nha Cua Doi Song,Gía úp ly cốc inox 8 ly dày đẹp
Nha Cua Doi Song,Quả cầu phong thủy theo mệnh kèm đế
Nha Cua Doi Song,Bộ 3 lõi lọc nước số 1 (lõi PP) Yamato 10 inch 
Nha Cua Doi Song,Bộ cây lau nhà Lock&Lock Mini Spin Mop & 4 bông lau sàn ETM498MITS2 - Màu xanh mint
Nha Cua Doi Song,"Ghế Công Thái Học Tựa Đầu, Ghế Công Thái Học, Ghế Văn Phòng  Thiết Kế Trẻ Trung Hiện Đại. Mesh Ergonomic Executive office chairs with headrest. Ghế lưới văn phòng điều hành Ergonomic với tựa đầu"
Nha Cua Doi Song,"Thanh treo đa năng treo rèm, treo khăn, treo quần áo không cần khoan tường"
Nha Cua Doi Song,Chảo chống dính vân đá Elmich EL4711OL
Nha Cua Doi Song,"Ổ Cắm Điện Có Cổng Type-C, Công Tắc Riêng, Chịu Tải 3000W"
Nha Cua Doi Song,Bộ Dao Nhà Bếp 5 Món Cookplus Lock&Lock CKK101S5BLK
Nha Cua Doi Song,Bình lắc LocknLock Balance Shake It Bottle HAP949BLK 800ml - Màu
Nha Cua Doi Song,Dụng Cụ Băm Rau Củ Quả Lock&amp;Lock Quick Chopper CKS308PIK
Nha Cua Doi Song,Gối Memory Foam 50D Hình Dáng Thường Lock&Lock HLW112 (50 x 30 cm) - Trắng
Nha Cua Doi Song,Mùng chụp tự bung cao cấp FUNU - Màn chống muỗi thông minh - Hàng chính hãng (Sản xuất tại Việt Nam)
Nha Cua Doi Song,Nắp Cống Chống Mùi Hôi Có Lưới Lọc Chặn Côn Trùng
Nha Cua Doi Song,Bình giữ nhiệt LocknLock DIY Strap Tumbler LHC3283 350ml
Nha Cua Doi Song,Bàn học gấp gọn chân nhựa ngồi bệt - giao màu ngẫu nhiên
Nha Cua Doi Song,[Nhập CECAMP70KD1 giảm 70k đơn 999k] Bộ Dao 7 Món Lock&amp;Lock CKK301
Nha Cua Doi Song,"Keo Acrylic B7000 / T7000 Dán Kính Điện Thoại, Dán Giày, Dán Nhựa, Kim Loại, Gỗ, Đá, Thủy Tinh, Da"
Nha Cua Doi Song,Bộ 3 hộp thực phẩm tritan chữ nhật Hokaido 500-1000-2000ml
Nha Cua Doi Song,Bình nước LocknLock One Handed HAP818 - Tay cầm và nắp đậy tiện lợi - Nhựa PP - Dung tích 2.1L
Nha Cua Doi Song,Cân tiểu ly điện tử 3000g - 0.1g. Cân tiểu li điện tử có độ chính xác cao
Nha Cua Doi Song,Combo nhiều túi lưới giặt đồ cho máy giặt bảo vệ quần áo chống biến dạng chất lượng tốt dây kéo lưới mịn Polyester
Nha Cua Doi Song,40 VIÊN PIN MAXELL AAA TEM BẠC - HÀNG CHÍNH HÃNG
Nha Cua Doi Song,Bộ nạo cắt rau củ đa năng Yoko - Inochi
Nha Cua Doi Song,Bộ Cây Lau Nhà Lock&Lock Squeeze Flat Mop ETM471
Nha Cua Doi Song,"Hộp cơm nhựa 3 ngăn trong suốt  LocknLock 750ml - LCB501 và 1L - LCB502 - 2 màu (Tím, Xanh)"
Nha Cua Doi Song,Bình nước nhựa thể thao LocknLock Active One-touch sport bottle ABF926 dung tích 1.05L có ống hút - 3 màu
Nha Cua Doi Song,"Đèn bắt muỗi, ruồi và các loại côn trùng Con Dơi"
Nha Cua Doi Song,50 TÚI BỌC MÍT
Nha Cua Doi Song,Rổ quay rau Elmich EL8421
Nha Cua Doi Song,Pin nút Lithium Philips CR2032P5B/97 vỉ 5 viên
Nha Cua Doi Song,"Bọc Chân Bàn Ghế Silicon Chống Trơn Trượt, Chống Ồn"
Nha Cua Doi Song,Bọc trùm máy giặt cửa ngang vải bạt cao cấp chống nước che mát máy ngăn bụi bẩn
Nha Cua Doi Song,Quánh Inox nguyên khối Elmich baby EL-3848 size 14cm - Hàng chính hãng
Nha Cua Doi Song,"Hộp vải đựng quần áo chia ngăn chống nước, Túi vải chia 12 ngăn đựng áo quần khung cứng sắp xếp tủ gọn gàng"
Nha Cua Doi Song,Bộ 2 Thớt Gỗ Cây Cao Su Lock&Lock LWC001S2
Nha Cua Doi Song,"Keo Dán Giày, Gỗ, Nhựa, Sứ Siêu Dính Chống Thấm Đa Năng Deli - 7Ml / 20Ml - 7140 / 7149"
Nha Cua Doi Song,Hộp 2 lọ Tinh dầu đuổi muỗi nhật bản 60 ngày
Nha Cua Doi Song,"Vỏ Hột Quẹt Bật Lửa Mồi Lửa Bếp Gas Bếp Cồn, Châm nến An Toàn Tiện Lợi - Giao Màu Ngẫu Nhiên"
Nha Cua Doi Song,Chảo chống dính Inox đáy từ nguyên khối đáy liên Elmich Trimax Classic EL-2702OL size 24cm
Nha Cua Doi Song,"Chảo chống dính siêu bền Elmich EL5942BE Size 20, 24, 26 và 28cm - Hàng Chính Hãng"
Nha Cua Doi Song,Ổ Cắm Điện Mở Rộng Xoay 180 Độ
Nha Cua Doi Song,Vỉ 2 Viên Pin Duracell CR2032 / CR2025 / CR2016 Lithium 3V - Hàng chính hãng
Nha Cua Doi Song,Bình Đựng Nước Thể Thao 650ML Chất Liệu Nhựa PP Nguyên Sinh An Toàn - Hàng Chính Hãng
Nha Cua Doi Song,Hộp thực phẩm tritan chữ nhật Hokkaido
Nha Cua Doi Song,Bộ 3 hộp thực phẩm chữ nhật Hokkaido 50010002000ml
Nha Cua Doi Song,Bình đựng thức ăn giữ nhiệt inox 304 Elmich EL8336 dung tích 800ml
Nha Cua Doi Song,Chảo inox 3 lớp Elmich EL-3846OL Size 24cm
Nha Cua Doi Song,"Bản đồ Tờ rời Việt Nam, Thế giới, Hà Nội, Asean"
Nha Cua Doi Song,Giấy chống dính Moriitalia an toàn tiện lợi GCDD00009003 - 30cmx5m
Nha Cua Doi Song,Chảo chống dính Elmich Basic EL5952GR - Hàng chính hãng
Nha Cua Doi Song,Hộp cơm cho trẻ em chia ngăn inox 304 Elmich Babycare EL0009 - Hàng chính hãng
Nha Cua Doi Song,Pin kiềm AAA Philips LR03P4B/97 vỉ 4 viên
Nha Cua Doi Song,"Pin tiểu sạc AA (2A) BESTON , Pin sạc dung lượng 1200mAh, 2000mAh, 3000mAh, 3300mAh - Pin 1.2V"
Nha Cua Doi Song,Chảo inox nguyên khối Elmich Basic EL2840IN
Nha Cua Doi Song,Giá Treo Quần Áo Thời Trang Cao Cấp 2 Khung 2 Tầng Kèm Móc Treo Tiện Lợi
Nha Cua Doi Song,Đèn Bàn Sạc Led Comet CT175 5W có 3 màu Ánh Sáng
Nha Cua Doi Song,Thớt tre tự nhiên Sunhouse KS-CH3020B
Nha Cua Doi Song,"Ổ Cắm Chia Điện Deli, Ổ Cắm Điện Chữ T Công Suất 2500W Tích Hợp Cổng USB &TypeC Sạc Nhanh 20W"
Nha Cua Doi Song,Hộp cơm giữ nhiệt inox 304 Elmich EL8302 dung tích 1.7L - Hàng chính hãng
Nha Cua Doi Song,"Bình Nước Giữ Nhiệt Mini Lõi Inox 304 300ml, Ly Giữ Nhiệt 5 Lớp Cách Nhiệt Cao Cấp Giữ Nhiệt Lên Đến 12 Giờ - HÀNG CHÍNH HÃNG MINIIN"
Nha Cua Doi Song,Hộp cơm inox 304 Elmich EL 8304 dung tích 1.3L
Nha Cua Doi Song,Combo Móc Dán Tường Móc Inox Siêu Dính Chắc Chịu Lực Treo Đỡ Đồ Dùng Tranh Ảnh - Miếng Dán Gắn Tường Đa Năng Trong Suốt Chịu Lực 10Kg
Nha Cua Doi Song,"Khăn Lau Nhà Bếp, Lau Bát Đĩa, Siêu Thấm Đa Năng Tiện Dụng"
Nha Cua Doi Song,"Bản đồ Tờ gấp Việt Nam, Thế giới, Hà Nội, Asean"
Nha Cua Doi Song,Cuộn 220 Tờ Khăn Giấy Lau Bếp Đa Năng
Nha Cua Doi Song,Bình giữ nhiệt Sling Ring Nature LocknLock LHC4321 - Dung tích 650ml
Nha Cua Doi Song,"Nhiệt ẩm kế Duka TH1, máy đo nhiệt độ, độ ẩm phòng màn hình lớn 3,67"", hiển thị trạng thái nhiệt độ, độ ẩm phòng nhanh chóng chính xác, cài đặt ngày giờ"
Nha Cua Doi Song,Thanh Treo Đa Năng Không Cần Khoan Tường Thanh Treo Quần Áo Treo Khăn Nhà Tắm Gắn Tường
Nha Cua Doi Song,"5 Viên Pin CR2032 3V Panasonic Lithium thay pin Smartkey , Cmos , Pin thay Airtag - Hàng chính hãng"
Nha Cua Doi Song,03 Cuộn Túi Đựng Rác Màu Tự Hủy Nặng 1kg
Nha Cua Doi Song,Bình ga Blue Hàn Quốc 150 gram cho bật-lửa-hộp-quẹt kèm 5 đầu bơm
Nha Cua Doi Song,Đèn Bắt Muỗi Điện Quang ĐQ EML05L (483 x 65 x 245 mm)
Nha Cua Doi Song,Bình giữ nhiệt LocknLock Hidden Moon LHC3275NVY - 490ml
Nha Cua Doi Song,Pin Sạc AA Eneloop Pro 2550 mah
Nha Cua Doi Song,"Gel thông tắc sinh học AIKOMI vệ sinh cống, làm sạch đường ống, chậu rửa bát, nhà vệ sinh"
Nha Cua Doi Song,"Móc Dán Tường Inox 304 Loại 1 Chân Chịu Lực Đến 20kg Kèm Miếng Dán Tráng Bạc Siêu Dính, Móc Dán Chịu Lực Loại Tốt"
Nha Cua Doi Song,Bộ 2 cốc silicone Little Luv LocknLock LBB015S7 - kèm nắp đậy và ống hút - Dung tích 200ml
Nha Cua Doi Song,Chảo phủ sứ an toàn Elmich Verona EL5968SK
Nha Cua Doi Song,Kéo Cắt Gà Làm Bếp Đa Năng ASAKH SK5 Cán Thép No.H48 Loại To Dày
Nha Cua Doi Song,"Dây Liễn Treo Tết Hình Quạt Đỏ – Bộ Chữ Vạn Sự Như Ý / Chúc Mừng Năm Mới – Trang Trí Tết 2026, Decor Nhà Cửa, Cửa Ra Vào - HÀNG CHÍNH HÃNG MINIIN"
Nha Cua Doi Song,"Thùng rác đạp 10,15L mở 2 cách có kẹp túi Deli Thùng rác nắp bật nhấn nút sọt rác phòng khách phòng ngủ"
Nha Cua Doi Song,"Vá Canh Gỗ - Vá Lỗ Múc Canh, Lẩu Bằng Gỗ Xà Cừ Thiết Kế Sang Trọng Cao Cấp - Đồ Dùng Gia Dụng Gỗ Trường Sơn"
Nha Cua Doi Song,"Thước Kẻ Thép Deli Cao Cấp - Kích Thước 15cm Nhỏ Gọn, Tiện Lợi - Chất Liệu Chống Mòn Gỉ - DL8015"
Nha Cua Doi Song,"Kệ sách gỗ để bàn - Tủ,kệ sách mini - Giao màu sắc ngẫu nhiên "
Nha Cua Doi Song,"Túi 100 Dây Rút, Lạt Nhựa (Trắng/Đen) Siêu Bền Để Làm Vườn, Thi Công Tiện Lợi"
Nha Cua Doi Song,Hộp 10 nến tealight thơm Miss Candle FTRAMART EDC0368 (Lựa chọn 10 mùi hương)
Nha Cua Doi Song,Vỏ Hột Quẹt Bật Lửa Ga Đá Khò 1 Tia cực mạnh Aomai AM-228 Giữ Lửa Tự Động an toàn
Nha Cua Doi Song,Bình đựng thức ăn giữ nhiệt inox 304 Elmich EL8337 dung tích 650ml
Nha Cua Doi Song,Combo 3 hộp vải đựng đồ đa năng TD2 – Bộ 3 túi vải Thụy Điển không nắp tiết kiệm sang trọng dung tích 24L mỗi hộp - chính hãng
Nha Cua Doi Song,Chổi Quét Trần Nhà Mạng Nhện KUNBE Kèm Sào Inox Rút Gọn Nhiều Độ Dài 3/5/6/7m
Nha Cua Doi Song,Vỉ 5 Viên Pin CR2032 Maxell Nhật Bản Lithium 3V
Nha Cua Doi Song,"Kệ Giày Inox 5 Tầng Có Vách Ngăn Chắn Bụi, Giá Inox Để Giày Dép 4 - 5 Tầng Có Nắp Đậy, Tủ Giày Thế Hệ Mới - HÀNG CHÍNH HÃNG MINIIN"
Nha Cua Doi Song,Dụng Cụ Chặn Cửa Chèn Cửa KUNBE Chất Liệu Cao Su Bo Kim Loại Chống Va Đập
Nha Cua Doi Song,Đầu Cây Lau Nhà Pva Lock&Lock ETM481RFL - Mixed 32.7 x 6 x 4cm
Nha Cua Doi Song,Ổ Cắm Điện Đa Năng Kèm Cổng USB CÔNG TẮC RIÊNG Chống Giật Chống Cháy Chất Lượng Cao Deli - Hàng Chính Hãng - ET409 410 411
Nha Cua Doi Song,Pin CR2025 Energizer Lithium 3V Chính Hãng | Bộ Vỉ 5 Viên
Nha Cua Doi Song,"Bộ tua vít đa năng dùng sửa chữa điện thoại, đồng hồ đeo tay máy tính laptop, đồ điện tử"
Nha Cua Doi Song,Hạt giống cải bẹ xanh mỡ cao sản gói 20g VTS53
Nha Cua Doi Song,"Bộ ly pha lê Tiệp cao cấp BOHEMIA 1239A, dung tích 35 ml, hoa tiết dây hoa mạ vàng, kiểu dáng sang trọng, hiện đại - Hàng chính hãng"
Nha Cua Doi Song,Hạt giống cải ngọt cao sản gói 20g VTS29
Nha Cua Doi Song,Miếng Chặn Cửa Silicone KUNBE Mẫu Mới Chống Sập Cửa Chắn Gió Va Đập Cửa An Toàn
Nha Cua Doi Song,"[Bộ 2  Cái]- Nam Châm Móc Treo Lực Hút Siêu Mạnh, Móc Treo Nam Châm Treo Đồ Lực Hút Siêu Mạnh T009"
Nha Cua Doi Song,Giấy Thấm Dầu Nhật Dạng Xấp/Cuộn THP
Nha Cua Doi Song,Bàn làm việc bàn hoc chữ k
Nha Cua Doi Song,Đèn Pin Tay Cầm Cỡ Nhỏ Sunhouse SHE-4051 - Trắng Xanh Lá
Nha Cua Doi Song,Hộp cơm 2 tầng inox 304 Elmich EL8313 (1.5L) - Hàng chính hãng
Nha Cua Doi Song,Bộ Nhả Kem Đánh Răng Tự Động Cao Cấp Kèm 4 Cốc – Kệ Để Bàn Chải Gắn Tường
Nha Cua Doi Song,"Đèn bàn (đèn học chống cận) LED Rạng Đông, Chống cận thị - Ánh sáng Trắng"
Nha Cua Doi Song,"Lót chân ghế, miếng dán chống trầy, chống rung lắc bàn ghế Miếng lót kê chân giường, tủ Hình Vuông"
Nha Cua Doi Song,"Kệ góc nhỏ 3 tầng 48 x 35 x 25cm Chấn Thuận Thành để nhà tắm, nhà bếp, phòng khách, tiện lợi, có thể tháo rời, hàng Việt Nam chất lượng cao (KG3T20-N) nhiều màu"
Nha Cua Doi Song,"Bình Giữ Nhiệt LocknLock Dual Flip - 2 Dung Tích (320ml và 430ml) - LHC4290YRED, LHC4298MIT"
Nha Cua Doi Song,Chảo siêu bền đá sâu đáy từ Sunhouse Trendy SBD24-26-28-30MA - Hàng chính hãng
Nha Cua Doi Song,Ấm đun nước Inox 304 Elmich 3L EL3373 dùng bếp từ
Nha Cua Doi Song,Bình giữ nhiệt inox 304 Elmich EL8346 dung tích 600ml
Nha Cua Doi Song,"Bộ Dụng Cụ Sửa Chữa Đa Năng 116 Chi Tiết Deli Cao Cấp Chính Hãng - Sử Dụng Nhiều Mục Đích, An Toàn, TIện Lợi"
Nha Cua Doi Song,"Thùng Đựng Gạo, Ngũ Cốc Thông Minh Kèm Cốc Vo Gạo"
Nha Cua Doi Song,Bình nước bằng thép không gỉ LocknLock School Fit Switch Color - LHC7005MIT /  LHC7005VOL
Nha Cua Doi Song,Tủ Vải Áo Quần Đa Năng- Tiết Kiệm Diện Tích- Khung Sắt Chắc Chắn Vải Chống Thấm- Hàng Chính Hãng MINIIN
Nha Cua Doi Song,Chiếu Mây Điều Hòa Cao Cấp TOKDODO
Nha Cua Doi Song,Combo 10 Lồng Đèn Đỏ Trang Trí Tết Bằng Nilon Chống Nước Mẫu Đèn Tổ Ong - Hàng Chính Hãng MINIIN
Nha Cua Doi Song,Đèn Học Để Bàn Chống Cận Rạng Đông RD-RL-36.LED - 6W
Nha Cua Doi Song,"Bình giữ nhiệt inox 304 Elmich EL8378, EL8379"
Nha Cua Doi Song,Nệm Ngủ Trải Sàn Xuất Nhật 1m / 1m2 / 1m4 / 1m6 / 1m8 Có Thể Gấp Gọn Dễ Di Chuyển Tặng Kèm Drap Nệm
Nha Cua Doi Song,Bộ Bàn Chải Vệ Sinh Các Khe LocknLock ETM415 - 2 cái/bộ
Nha Cua Doi Song,Bộ ga giường trần bông cotton organic Lidaco cotton nguyên sinh 100% mềm mại thoáng mát nhiều mẫu lựa chọn
Nha Cua Doi Song,"Phân Bón Hoa Mai Greenhome, Minro, Bao 1kg, Hữu Cơ, Dưỡng Cây, Bung Chồi, Mượt Lá, Khoẻ Rễ, Bền Hoa"
Nha Cua Doi Song,"Dây Đèn Led Trang Trí Ngoài Trời NAVIVU (Chuôi E27 Cao Cấp, Lõi Đồng, Chống Nước)"
Nha Cua Doi Song,Túi Lọc Rác Bồn Rửa Bát - Túi Lưới Lọc Rác Giúp Ngăn Chặn Tắc Đường Ống TOKDODO
Nha Cua Doi Song,"Set 05 đôi đũa inox 304 - 316 DandiHome 2020 chống trơn trượt, sang trọng, tinh tế"
Nha Cua Doi Song,"Kính bảo hộ 3M SF401SGAF kính chống bụi, chống hơi nước trầy xước vượt trội, ngăn chặn tia UV, mắt kính lao động, xe máy"
Nha Cua Doi Song,PHÍCH CẮM CHUYỂN ĐỔI 3 CHẤU SANG 2 CHẤU VÀ CHIA 2 Ổ MPE  2000W - HÀNG CHÍNH HÃNG
Nha Cua Doi Song,"Bật Lửa Diêm Xăng Sinh Tồn Vuông Xài Xăng, Hộp Quẹt Diêm Xăng Vĩnh Cửu Vuông Có Móc Treo Chìa Khóa Đính Kèm Rất Tiện Lợi"
Nha Cua Doi Song,Chảo chống dính siêu bền Elmich Hera II EL5941GY - Hàng Chính Hãng
Nha Cua Doi Song,"Chậu rửa bát inox304 bán nguyệt 5li chống xước 7546 Valenza, vòi rửa bát rút dây nóng lạnh 01, bộ xả 18cm, khay inox, rổ inox lỗ, bình rửa bát, rửa ly cốc"
Nha Cua Doi Song,"Chiếu Điều Hòa Các Loại, Chiếu Mây"
Nha Cua Doi Song,Bộ Lau Nhà Xoay 360 Độ Thông Minh Sunhouse KS-CL235PB
Nha Cua Doi Song,Chảo Gang Tròn Chống Dính Size 20-26Cm Cán Gỗ Chống Bỏng Đổ Bánh Xèo Chiên Trứng Dùng Cho Mọi Loại Bếp
Nha Cua Doi Song,Vỉ 5 Viên Pin CR2032 Maxell Lithium 3V Made in JAPAN - Hàng chính hãng
Nha Cua Doi Song,Combo 2 Bông Lau Nhà Thay Thế Cho Bộ Lau Nhà Tự Vắt 2 Ngăn Kích Thước 32 x12cm
Nha Cua Doi Song,"Trấu Hun Greenhome, Bao 5dm3, Sfarm, Giá Thể, Nguyên Cánh Không Lẫn Tạp Chất. Dùng Trồng Thuỷ Canh, Rau Mầm, Ươm Cây Con"
Nha Cua Doi Song,Bộ 6 ly thủy tinh cao cấp - VD43
Nha Cua Doi Song,"Túi Đựng Quần Áo Chăn Màn Vải Không Dệt Chống Thấm Nước Deli, Giỏ Đựng Quần áo Đa Năng Có Thể Gấp Gọn"
Nha Cua Doi Song,Túi Lọc Trà Lọc Gia Vị Vải Không Dệt (combo 200 túi) - Hàng chính hãng
Nha Cua Doi Song,"Bạt Áo Trùm Máy Giặt Cửa Trên, Cửa Ngang Vải Dù Siêu Dày, Chống Thấm Nước, Không Phai Màu - (Giao Màu - Họa Tiết Ngẫu Nhiên)"
Nha Cua Doi Song,"Móc Gỗ Treo Đồ Lót, Thắt Lưng, Cà Vạt, Áo Hai Dây... Đa Năng Tiện Dụng"
Nha Cua Doi Song,Bình giữ nhiệt Inox 304 Elmich EL-3686OL dung tích 500ml
Nha Cua Doi Song,"Hũ Đựng Mứt Tết 6 Ngăn Thuỷ Tinh Có Nắp - Khay Mứt Trái Tim - Kèm Khay Đựng Bánh Kẹo, Hoa Quả Trang Trí Ngày Tết Sang Trọng - HÀNG CHÍNH HÃNG MINIIN"
Nha Cua Doi Song,Chai xịt chuột thái land rat off
Nha Cua Doi Song,Pin AA Energizer Ultimate Lithium L91 - Vỉ 2 viên
Nha Cua Doi Song,Kem Đánh Bóng Đồ Gỗ Beewax Đa Năng Sáp Ong Đánh Bóng Làm Mới Nội Thất Sáp Tự Nhiên Làm Bóng Bàn Ghế Gỗ Tủ Gỗ Sàn Gỗ- Hàng Loại 1 Chính Hãng 
Nha Cua Doi Song,Bẫy Bắt Chuột Thông Minh - Dễ Sử Dụng - Hiệu Quả Cao - Không Độc Hại - HENRYSA
Nha Cua Doi Song,"Thảm lau chân silicol thấm hút tốt, thảm chùi chân chống trơn trượt"
Nha Cua Doi Song,Đèn Pin Led Siêu Sáng Mini Có Sạc USB Có Hỗ Trợ Sạc Dự Phòng Lại Cho Điện Thoại Khẩn Cấp - Hàng Chính Hãng
Nha Cua Doi Song,Móc Treo Quần Áo Kẹp Cửa Tiện Lợi
Nha Cua Doi Song,"Cmbo 6 Cuộn Túi Đựng Rác Gia Đình, Bao Đựng Rác Văn Phòng, Trường Học Tiện Lợi Màu Đen Đầy Đủ 3 Size Tiểu Trung Đại - Chính Hãng MINIIN"
Nha Cua Doi Song,Hạt giống xà lách ăn non baby VTP119
Nha Cua Doi Song,Thảm Lót Chân Nhà Tắm Chống Trơn Trượt Hình Ô Vuông PaKaSa
Nha Cua Doi Song,Set 3 Hộp Đựng Cơm Giữ Nhiệt Hộp Đựng Cơm Văn Phòng Chất Liệu Inox 304 Có Kèm Phụ Kiện Thìa Và Đũa
Nha Cua Doi Song,"Bộ Khung Lưới Pickleball Mini Từ 1.5m Đến 6m Tháo Lắp Tiện Lợi, Sử Dụng Gia Đình Chính Hãng Đại Nam Sport"
Nha Cua Doi Song,Bình Lọc Nước CNC Coolmart PL (18L) - Trắng
Nha Cua Doi Song,"Ghế Thấp Inox, Ghế Ngồi Xổm, Ghế Nhặt Rau Đa Năng Kích Thước 25 Cm 4 Chân Có 4 Nút Cao Su Chống Trượt"
Nha Cua Doi Song,Lô 4 túi rác tiện dụng Soji - size 10L - 25L và 50L
Nha Cua Doi Song,Thảm chân Vải Mềm Phòng Khách Nhà Tắm Nhà Bếp Siêu Thấm Nước
Nha Cua Doi Song,Bạt PVC trong suốt chống thấm nước - Độ dày 0.4mm che mưa lấy sáng ngoài - May viền khuy sẵn
Nha Cua Doi Song,"Bánh Xe Đẩy Hàng Có Bạc Đạn Và Khóa ANKAN, Bánh Xe Nhựa PVC Mini 40mm"
Nha Cua Doi Song,Bình nước trẻ em Elmich BabyCare 240ml EL836x - Hàng chính hãng
Nha Cua Doi Song,Thảm Lau Chân Nhà Tắm Đa Năng Chất Liệu Chống Trơn Trượt Cao Cấp 4 Lớp Thấm Hút Tốt 40x60cm Loại 1 - Hàng Chính Hãng MINIIN-( Màu Và Chữ Ngẫu Nhiên)
Nha Cua Doi Song,Bộ 10 muỗng inox cao cấp
Nha Cua Doi Song,"Đèn bắt muỗi Điện Quang ĐQ EML08 BL - Diệt muỗi và côn trùng tự động theo 360 độ, công suất 6W, phạm vi hoạt động dưới 20m2"
Nha Cua Doi Song,Trung Nguyên Legend - Phin nhôm hoa văn Trung Nguyên - Màu nâu
Nha Cua Doi Song,"Túi Đựng Cơm Giữ Nhiệt Đa Năng, Kéo Khóa Chống Thấm Cao Cấp, Giữ Nhiệt Tốt Tiện Dụng, Nhiều Màu - Họa Tiết Đẹp Đa Dạng"
Nha Cua Doi Song,"Gương Dán Tường Dẻo Chống Vỡ Chống Thấm Nước Tự Dính Trang Trí Nhà Cửa Gương Dán Nhà Tắm, Phòng Khách, Phòng Ngủ, Phòng Bếp"
Nha Cua Doi Song,Công tắc cảm ứng Hunonic Datic - Điều khiển từ xa bằng điện thoại - Kết nối wifi - Hẹn giờ thông minh - 1 2 3 4 nút - 2 màu đen trắng
Nha Cua Doi Song,Đồng hồ báo thức điện tử thông minh để bàn mini DH89 - Shop Gold
Nha Cua Doi Song,"{Combo 1mx5m} Decal phim màu cách nhiệt chống nắng UV dán kính otô, kính cửa"
Nha Cua Doi Song,"Chuông cửa đôi không dây cao cấp chống nước, xuyên vật cản 30-40m ATA AT-913A chuông đôi"
Nha Cua Doi Song,EcoClean COMPOST - MEN VI SINH Ủ PHÂN COMPOST
Nha Cua Doi Song,Bộ ga giường cotton Tici kẻ LIDACO cao cấp (Nhiều mẫu lựa chọn)
Nha Cua Doi Song,Chảo chống dính Elmich EL4718OL
Nha Cua Doi Song,"Kéo Thép Đa Năng Nhật Bản, Size Lớn, Chất Liệu Thép Cao Cấp Không Gỉ"
Nha Cua Doi Song,Hũ Đựng Gia Vị Lọ Đựng Gia Vị Kèm Thìa Tiện Lợi Hộp Kèm Thìa Tiện Lợi - Hàng Loại 1 - Chính Hãng MINIIN
Nha Cua Doi Song,"Đồng hồ báo thức điện tử để bàn màn hình đa chức năng thời gian, lịch, báo thức, nhiệt độ DH89"
Nha Cua Doi Song,"Bộ kềm công nghiệp cao cấp thương hiệu Kirito nhật hỗ trợ 30% lực cắt, có ép cos, màu sắc Vàng Đen"
Nha Cua Doi Song,Combo 200 Túi Lọc Rác Bồn Rửa Bát - Túi Lưới Lọc Rác Giúp Ngăn Chặn Tắc Đường Ống- Hàng Loại 1 - Chính Hãng MINIIN
Nha Cua Doi Song,"Set 2 Miếng Dán Bulong Ốc Vít, Treo Kệ, Treo Tranh Không Khoan Tường"
Nha Cua Doi Song,Combo 10 hộp nến tealight thơm Miss Candle FTRAMART EDC0368 (Lựa chọn 10 mùi hương)
Nha Cua Doi Song, Cặp Lồng Inox 3 Tầng 1.4 - 2 Lít -Cặp Lồng  Đựng Cơm Cháo Phở Giữ Nhiệt Cao Cấp - Cà Mên Inox - Hàng Loại 1 - Chính Hãng MINIIN
Nha Cua Doi Song,Phân bón Grow More B1 Start đậm đặc - Mỹ Chai 235ml
Nha Cua Doi Song,Dao nhà bếp đa năng Elmich Diamond EL8408 - Hàng Chính Hãng
Nha Cua Doi Song,Đèn bàn học Đèn đọc sách chống cận thị Rạng Đông RT36( Màu giao ngẫu nhiên-Tặng kèm book mark)
Nha Cua Doi Song,BÌNH TRÀ GIỮ NHIỆT RẠNG ĐÔNG DUNG TÍCH 1 LÍT MODEL RD 1055 ST1.E
Nha Cua Doi Song,"Bộ đổi 220V sang 12V, chuyển đổi nguồn điện máy hút bụi ô tô tặng kèm chấu 3 chân sang 2 chân"
Nha Cua Doi Song,"Đệm Lót Lưng Ghế Văn Phòng Deli - Thiết Kế 3D Lưới Thoáng, Ngồi Thiền Giúp Chống Đau Lưng, Đau Xương Cụt, Đau Thần Kinh Tọa Dành Cho Dân Văn Phòng, Lái Xe, Sinh Viên, Người Bị Trĩ - VS750 / VS751"
Nha Cua Doi Song,"Nệm Văn Phòng - Nệm Trải Giường Ký Túc Xá Đệm Sợi Bông Đậu Nhiều Màu Nhập Khẩu Cao Cấp - Đệm Đa Năng Topper Gấp Gọn dày 5 cm , Nệm Trải Sàn Siêu Êm - Dùng Cho 4 Mùa - HÀNG CHÍNH HÃNG MINIIN"
Nha Cua Doi Song,Bộ 6 Ống Hút Silicone Có Thể Tái Sử Dụng Kèm 2 Cọ Rửa Lock&Lock TLL080 ( 250 x 78 mm)
Nha Cua Doi Song,"Set 4 Miếng Lót Nồi Silicon Vuông Chống Trầy Xước Bếp Từ/Bếp Điện – Bảo Vệ Mặt Bếp Cảm Ứng, Chịu Nhiệt 300°C, Chống Trượt An Toàn - HÀNG CHÍNH HÃNG MINIIN"
Nha Cua Doi Song,"Túi đựng rác lốc 3 cuộn 1kg - Bịch đựng rác 3 cuộn cỡ đại, trung, tiểu"
Nha Cua Doi Song,HỘP ĐỰNG TRÀ INOX 304 | LỌ ĐỰNG CHÈ SIÊU BỀN CHỐNG BÁM VÂN TAY | LỌ ĐỰNG 2 LẠNG CHÈ
Nha Cua Doi Song,Kẹp phơi quần áo chống gió inox 8.5CM
Nha Cua Doi Song,Túi đựng thực phẩm tự hủy sinh học An Lành 25x35cmx1kg
Nha Cua Doi Song,"Đèn bắt muỗi Rhino L903 Tích hợp đèn ngủ, độ ồn thấp"
Nha Cua Doi Song,"Kéo Cắt Tỉa Cành Cây Deli Chính Hãng 8inch - Lưỡi Thép Sắc Bén, Siêu Bền, Tay Cầm Đệm Cao Su An Toàn, Chắc Chắn DL580201"
Nha Cua Doi Song,"Khăn giấy treo tường 1280 tờ/4 lớp Topgia dạng rút tiện lợi cao cấp, tiết kiệm, an toàn kèm móc treo (Thùng 4 gói) 157x175cm"
Nha Cua Doi Song,Bộ May Vá Quần Áo Đa Năng Cho Gia Đình KUNBE Kèm Hộp Đựng Kim Chỉ
Nha Cua Doi Song,"Đèn bàn học bảo vệ mắt DandiHome Ergo Edge chống cận để làm việc, học tập có thể kéo dài và gấp gọn - 3 phiên bản"
Nha Cua Doi Song,Đồng hồ đo nhiệt độ độ ẩm điện tử HTC-1
Nha Cua Doi Song,"Màn dây có cửa Funu, vải mềm mịn, mắt lưới nhỏ, định hình ổn định giúp thông thoáng, chống muỗi an toàn, bảo vệ giấc ngủ - Hàng chính hãng"
Nha Cua Doi Song,01 hộp đũa Inox 304 cao cấp DandiHome (10 đôi) - Cá chép vượt cổng Vũ Môn
Nha Cua Doi Song,Bình nước nhựa Elmich EL-8349N086 dung tích 860ml
Nha Cua Doi Song,Kệ Để Giày Dép Inox 5 Tầng Lắp Ghép  Đa Năng Cao Cấp- Phong Cách Hàn Quốc - Chính Hãng MINIIN
Nha Cua Doi Song,Hộp Trữ Đông Thực Phẩm Freezer Fit Locknlock Màu Tự Nhiên nhiều dung tích
Nha Cua Doi Song,"Chảo Chống Dính LocknLock Grano IH, Dùng Được Bếp Từ, Nhiều Size, Hàng Chính Hãng - JoyMall"
Nha Cua Doi Song,"Bộ 3 Viên Pin sạc 3.7V 18650 Dung Lượng Cao 5000mAh Cho Sạc Dự Phòng, Đèn Pin, Quạt Mini, Đồ Chơi"
Nha Cua Doi Song,"Móc Treo Đồ Hút Chân Không 6 Móc – Chất Liệu Hợp Kim Nhựa Cao Cấp, Chịu Lực Tốt, Không Cần Khoan - Hàng Chính Hãng MINIIN"
Nha Cua Doi Song,"Bình nước nhựa thể thao 1L Lock&Lock ABF610, Hàng chính hãng, có nắp, 4 màu năng động, chất liệu tritan an toàn - JoyMall"
Nha Cua Doi Song,Miếng Dán Chân Bàn Ghế Chống Trượt Bọc Lót Chân Bàn Ghế Vuông Tròn Chống Ồn Chống Xước Nền Nhà
Nha Cua Doi Song,COMBO 2 Đinh 4 Chân Móc Nhựa Treo Tường Đinh Treo Tranh Ảnh Tiện Lợi Chịu Lực 3-5kg
Nha Cua Doi Song,Đệm Lót Ngồi Ghế Gỗ OFFICE CHILL Nệm Lót Ngồi Ghế Văn Phòng Dưới Sàn Nhà Chất Liệu Cao Su Non
Nha Cua Doi Song,"Khăn Ướt Lau Bếp LET-GREEN | Sạch Nhanh Ố Dầu, Kháng Khuẩn Hiệu Quả | 30 Tờ/Bao"
Nha Cua Doi Song,Hạt giống Bắp cải Baby - bắp cải tí hon VTP04
Nha Cua Doi Song,"Bình đun giữ nhiệt Locknlock Heating tumbler EJC723 - 220-240V, 50-60Hz, 300W - Dung tích 300ml"
Nha Cua Doi Song,Bồn Tắm Gấp Gọn KUNBE Ngâm Người Xông Hơi Giữ Nhiệt Tiện Lợi
Nha Cua Doi Song,"Găng tay cao su Saraya Nitrile Glove Extend (Màu Trắng), dùng trong thực phẩm, làm đẹp, y tế, công nghiệp - 200 cái/hộp"
Nha Cua Doi Song,"Dụng Cụ Bơm Hút Rượu Xăng Dầu Chất Lỏng Bóp Tay - Ống Hút Xăng Dầu Chất Lỏng Bóp Tay, Dụng Để Hút Rượu, Nước Bể Cá"
Nha Cua Doi Song,"Hộp Kim Chỉ May Đồ Đa Năng Dùng Trong Gia Đình Tiện Dụng Bộ Hộp Kim Chỉ May Vá Đa Năng Gia Đình Nhiều Tầng - Kim Khâu, Chỉ, Kéo, Thước Dây, Đủ Size Màu Mini"
Nha Cua Doi Song,Cuộn Túi Hút Chân Không Thực Phẩm Một Mặt Nhám Một Mặt Trơn Dạng Hạt Mịn Phù Hợp Cho Tất Cả Các Dòng Máy Hút Chân Không - Hàng Chính Hãng
Dien Thoai May Tinh Bang,Điện Thoại Samsung Galaxy A37 5G (8GB/128GB) - Hàng Chính Hãng
Dien Thoai May Tinh Bang,Điện Thoại Xiaomi Redmi 15C 6GB/128GB - Hàng Chính Hãng
Dien Thoai May Tinh Bang,Điện thoại Honor X6c - Hàng Chính Hãng
Dien Thoai May Tinh Bang,Điện thoại Xiaomi Redmi Note 14 Pro 8GB/256GB - Hàng Chính Hãng
Dien Thoai May Tinh Bang,Điện thoại Xiaomi Redmi Note 14 5G 8GB/256GB - Hàng Chính Hãng
Dien Thoai May Tinh Bang,Điện thoại Tecno SPARK 30 5G ( 6GB/128GB) - Hàng Chính Hãng
Dien Thoai May Tinh Bang,"Điện Thoại Samsung Galaxy A17 5G, Camera 50MP & IOS, Kính Cường Lực Gorilla Victus, AI Gemini - Hàng Chính Hãng"
Dien Thoai May Tinh Bang,Máy tính bảng Xiaomi Redmi Pad 2 WiFi 6GB/128GB - Hàng chính hãng
Dien Thoai May Tinh Bang,Điện thoại Xiaomi Redmi 15 8GB/128GB - Hàng Chính Hãng
Dien Thoai May Tinh Bang,Apple iPhone Air - Đen không gian - 256GB
Dien Thoai May Tinh Bang,Apple iPhone 17 -  Tím Oải Hương   - 256GB
Dien Thoai May Tinh Bang,Apple iPhone 17 Pro Max
Dien Thoai May Tinh Bang,Apple iPhone 17 Pro
Dien Thoai May Tinh Bang,"Điện Thoại Samsung Galaxy A17 LTE (8/128GB), Kính Cường Lực Gorilla Victus, Camera 50MP & IOS, AI Gemini - Hàng Chính Hãng"
Dien Thoai May Tinh Bang,Điện thoại Xiaomi Redmi A5 3GB/64GB - Hàng chính hãng
Dien Thoai May Tinh Bang,Điện thoại OPPO A3 8GB/128GB - Hàng Chính Hãng
Dien Thoai May Tinh Bang,Máy tính bảng iPad Gen 11 (A16) WiFi
Dien Thoai May Tinh Bang,Củ Sạc Samsung Không Kèm Cáp 25W - Hàng Chính Hãng
Dien Thoai May Tinh Bang,"Điện thoại Samsung Galaxy A06 5G (4/128GB), Màn Hình Cực Đại HD+ 6.7”, 5G Kết nối cực nhanh - Hàng chính hãng"
Dien Thoai May Tinh Bang,Điện Thoại Samsung Galaxy A36 5G 8GB/128GB - Hàng Chính Hãng
Dien Thoai May Tinh Bang,Điện thoại Samsung Galaxy A56 5G (8GB/128GB) - Hàng chính hãng
Dien Thoai May Tinh Bang,"Máy đọc sách Amazon Kindle Paperwhite 6 (Gen 12th), Mới nguyên Seal - Hàng chính hãng"
Dien Thoai May Tinh Bang,Combo Máy đọc sách All New Kindle Paperwhite 6 - Hàng chính hãng
Dien Thoai May Tinh Bang,Apple iPhone 14
Dien Thoai May Tinh Bang,Apple iPhone 13
Dien Thoai May Tinh Bang,Điện thoại bàn Panasonic  KX-TS500MX-hàng chính hãng
Dien Thoai May Tinh Bang,Điện Thoại Bàn Panasonic KX-TS500
Dien Thoai May Tinh Bang,Apple iPad Air M4 11-Inch Wi-Fi
Dien Thoai May Tinh Bang,Máy Tính Bảng Samsung Galaxy Tab A11 WiFi 4GB/64GB - Đã Kích Hoạt Bảo Hành Điện Tử - Hàng Chính Hãng
Dien Thoai May Tinh Bang,Điện Thoại Samsung Galaxy A17 8GB/128GB - Hàng Chính Hãng
Dien Thoai May Tinh Bang,Điện Thoại Samsung Galaxy A06 5G 4GB/128GB - Hàng Chính Hãng
Dien Thoai May Tinh Bang,Điện Thoại Xiaomi Redmi Note 14 6GB/128GB - Hàng Chính Hãng
Dien Thoai May Tinh Bang,Điện Thoại Samsung Galaxy A16 4GB/128GB - Hàng Chính Hãng
Dien Thoai May Tinh Bang,Điện thoại Samsung Galaxy A16 LTE - Hàng chính hãng
Dien Thoai May Tinh Bang,"Combo Máy đọc sách All New Kindle Paperwhite 5 (11th Gen) và Bao da FOR KIDS (Bản KIDS, Không Quảng Cáo) - Hàng chính hãng"
Dien Thoai May Tinh Bang,Điện Thoại Nokia 105 4G Pro - Hàng Chính Hãng
Dien Thoai May Tinh Bang,Máy đọc sách All New Kindle Paperwhite 5 (11th Gen) - Hàng chính hãng
Dien Thoai May Tinh Bang,Combo máy đọc sách Kindle Paperwhite 5 (11th gen) tặng kèm bao da ( Cover ) - Hàng nhập khẩu
Dien Thoai May Tinh Bang,Điện Thoại Realme C71 4GB/128GB - Hàng Chính Hãng
Dien Thoai May Tinh Bang,Điện thoại Oppo A3 (8GB/256GB) - Hàng chính hãng
Dien Thoai May Tinh Bang,Điện Thoại Samsung Galaxy A56 5G 8GB/128GB - Hàng Chính Hãng
Dien Thoai May Tinh Bang,"Máy đọc sách New Kindle 2024, 16Gb Mới nguyên Seal - Hàng chính hãng"
Dien Thoai May Tinh Bang,Điện Thoại Xiaomi Redmi A3 4GB/128GB - Hàng Chính Hãng
Dien Thoai May Tinh Bang,Điện Thoại Nokia 3210 4G - Hàng Chính Hãng
Dien Thoai May Tinh Bang,Điện thoại bàn Panasonic KX-TSC11 hàng chính hãng
Dien Thoai May Tinh Bang,Điện thoại bàn Panasonic KX-TGD310 hàng chính hãng
Dien Thoai May Tinh Bang,Điện thoại bàn treo tường TC990
Dien Thoai May Tinh Bang,Điện thoại bàn Panasonic KX-TGB110 hàng chính hãng
Dien Thoai May Tinh Bang,Điện Thoại Bàn Panasonic KX-TSC11
Dien Thoai May Tinh Bang,Điện Thoại Xiaomi Redmi Note 15 Pro 5G 12GB/256GB - Hàng Chính Hãng
Dien Thoai May Tinh Bang,Tai nghe nhét tai Samsung EO-IC100 Type C - Hàng Chính Hãng
Dien Thoai May Tinh Bang,Điện Thoại Samsung Galaxy A16 5G (4GB/128GB) -  Đã Kích Hoạt Bảo Hành Điện Tử -  Hàng Chính Hãng
Dien Thoai May Tinh Bang,"Máy đọc sách Kobo Clara (Clara Colour, Clara BW, Clara 2e, Clara HD) - 6inch, 16gb - Hàng Chính Hãng"
Dien Thoai May Tinh Bang,Điện thoại bàn Panasonic KX-TGC310 hàng chính hãng
Dien Thoai May Tinh Bang,Điện thoại bàn Panasonic KX-TGC312 hàng chính hãng
Dien Thoai May Tinh Bang,Điện thoại bàn Panasonix KX-TGD312 hàng chính hãng
Dien Thoai May Tinh Bang,Điện thoại bàn Panasonic KX-TGC313 hàng chính hãng
Dien Thoai May Tinh Bang,Máy đọc sách Kobo Sage - hàng nhập khẩu
Dien Thoai May Tinh Bang,"Máy đọc sách Kobo Libra (Libra Colour, Libra 2) - hàng nhập khẩu"
Dien Thoai May Tinh Bang,Điện Thoại IP Phone Fanvil X1S - Hàng Chính Hãng
Do Choi Me Be,"Sữa Bột Anlene Hương Vanilla (Hộp Giấy 1,2kg)"
Do Choi Me Be,Bao bì mới - Sữa Bột Anlene Hương Vanilla (Hộp Thiếc 800g)
Do Choi Me Be,Bao bì mới - Sữa Bột Anlene Gold Hương Vanilla (Hộp Thiếc 800g)
Do Choi Me Be,Thùng Sữa Bột Pha sẵn Nutifood GrowPLUS+ Cao Lớn Vượt Trội trên 1 tuổi (24 hộp x 180ml)
Do Choi Me Be,Sữa Bột Nutifood GrowPLUS+ Biếng Ăn 900g trên 1 tuổi - Tăng cân khỏe mạnh
Do Choi Me Be,Sữa bột Nutifood GrowPLUS+ Suy Dinh Dưỡng (Đỏ) 2+ Lon 850G
Do Choi Me Be,Sữa bột Nutifood GrowPLUS+ Sữa Non Immunel trên 1 tuổi Lon 800g
Do Choi Me Be,Kem đánh răng Colgate trẻ em hương dâu 40g - Kỳ Lân/Khủng Long - Giao ngẫu nhiên
Do Choi Me Be,Tã quần Huggies Skin Care Mega Jumbo L100+4 miếng với tràm trà dịu da
Do Choi Me Be,Sữa bột Nestlé NAN SUPREMEPRO 1 800g nhập khẩu Đức với 5HMO & đạm Gentle Optipro ( Dành cho trẻ từ 0 - 12 tháng tuổi)
Do Choi Me Be,Sữa Meiji lon số 0 800g Nội Địa Nhật (cho trẻ từ 0-1 tuổi)
Do Choi Me Be,Sữa Meiji lon số 9 800g Nội Địa Nhật (cho trẻ từ 1-3 tuổi)
Do Choi Me Be,Tã/bỉm quần Huggies Skin Care Mega Jumbo XXL76+4 miếng với tràm trà dịu da
Do Choi Me Be,Tã/bỉm quần Huggies Skin Care Mega Jumbo XL84+4 miếng với tràm trà dịu da
Do Choi Me Be,"Sữa Bột Nestlé NAN OPTIPRO PLUS 3 800g/lon với 5HMO xuất xứ Thụy Sĩ - Hỗ trợ Tiêu Hóa, Đề Kháng, Trí Não & Chiều Cao (1-2 tuổi)"
Do Choi Me Be,[Mẫu mới] Combo 2 Tã quần SunMate siêu mềm mại G1 mới size M-18+2 miếng
Do Choi Me Be,[Mẫu mới] Combo 2 Tã quần SunMate siêu mềm mại G1 mới size XL-14+2 miếng
Do Choi Me Be,Sữa bột cho người lớn tuổi Vinamilk Sure Prevent 900g (Hộp thiếc) - bổ sung dinh dưỡng và tăng cường sức khỏe
Do Choi Me Be,Combo 3 Sữa Bột Anlene vị Cà phê (Hộp giấy 280g)
Do Choi Me Be,Sữa bột Nestlé NAN OPTIPRO PLUS 1 800g/lon với 5HMO Sản Xuất Tại Thụy Sĩ (0 - 6 tháng)
Do Choi Me Be,Sữa bột Nestlé NAN OPTIPRO PLUS 3 1500g/lon với 5HMO (1-2 tuổi)
Do Choi Me Be,Sữa bột Nestlé NAN OPTIPRO PLUS 2 800g/lon với 5HMO Sản Xuất Tại Thụy Sĩ (6 - 12 tháng)
Do Choi Me Be,"Sữa bột Enfagrow A2 Neuropro 3 800g giúp dễ tiêu hóa, hấp thu cho trẻ từ 1-6 tuổi"
Do Choi Me Be,Sữa bột Dành Cho Người Tiểu Đường Vinamilk Sure Diacerna - 900g
Do Choi Me Be,"Sữa bột Vinamilk CanxiPro 900g (Hộp thiếc) - Sữa bổ sung Canxi cho người già cao tuổi, Tốt cho xương khớp - 900g"
Do Choi Me Be,"Sữa bột Nestlé NAN INFINIPRO A2 1 với công thức đầu tiên chứa đạm A2, 6HMO & Lợi khuẩn kép nhập khẩu Thụy Sĩ - Hộp 800g cho bé 0 - 12 tháng"
Do Choi Me Be,Sữa Bột Enfagrow A+ Neuropro 3 830g với DHA giúp phát triển não bộ cho trẻ từ 1-3 tuổi
Do Choi Me Be,Sữa Bột Frisolac Gold 3 1400g (Dành Cho Trẻ Từ 1 - 2 Tuổi)
Do Choi Me Be,Sữa Bột Frisolac Gold 3 850g (Dành Cho Trẻ Từ 1 - 2 Tuổi)
Do Choi Me Be,Sữa Bột Frisolac Gold 1 850g/800g Dành Cho Trẻ Từ 0 - 6 Tháng Tuổi
Do Choi Me Be,Sữa bột Vinamilk Optimum Gold 2 800g
Do Choi Me Be,Thùng 48 Hộp Sữa Anlene Đậm Đặc 4X Ít Béo Hương Sô-Cô-La (12 x 4 x 125 ml)
Do Choi Me Be,Thùng 48 Hộp Sữa Anlene Đậm Đặc 4X Ít Béo Hương Vani (12 x 4 x 125 ml)
Do Choi Me Be,Sữa Bột Anlene Hương Vanilla (Hộp Giấy 440g)
Do Choi Me Be,Thùng 24 Chai Sữa Nước Abbott Ensure 237ml
Do Choi Me Be,Combo 2 Tã Dán Người Lớn SunMate G2 Size XL10 (10 Miếng)
Do Choi Me Be,"Ghế Ngồi Ô Tô Cho Bé, ️FREESHIP️ Ghế ngồi xe hơi cho bé, ghế giữ bé an toàn trên ô tô, Đai An Toàn Trên Xe Hơi Cho Bé"
Do Choi Me Be,Hộp Sữa bột Vinamilk Dielac Alpha 2 - Hộp thiếc 900g (cho bé từ 6 - 12 tháng tuổi)
Do Choi Me Be,Thực phẩm bổ sung sữa hạt công thức Varna Life
Do Choi Me Be,Bao bì mới - Sữa Bột Anlene Gold Hương Vanilla (Hộp giấy 1200g)
Do Choi Me Be,Combo 2 TPBS Anlene Gold hương vani 800g tặng ấm đun điện quang hoặc bình nước
Do Choi Me Be,Sữa Bột Värna Diabetes lon 850g
Do Choi Me Be,Sữa bột Nutifood GrowPLUS+ Cao Lớn Vượt Trội trên 2 tuổi Lon 800g
Do Choi Me Be,Combo 2 lon Sữa Morinaga số 2 (Chilmil) 800g
Do Choi Me Be,"Bộ 6 lon sữa bột Enfagrow A2 Neuropro 3 giúp dễ tiêu hóa, hấp thu cho trẻ từ 1-6 tuổi - 800g/lon"
Do Choi Me Be,[Tặng 1 lon Anlene Total 10 400g] Bộ quà tặng combo 2 sữa bột bổ sung dinh dưỡng Anlene TOTAL 10 800g/lon
Do Choi Me Be,Tã/bỉm quần Huggies Skin Care Mega Jumbo M102+4 miếng với tràm trà dịu da
Do Choi Me Be,Tã quần Huggies Skin Perfect Mega Jumbo XL72+4 miếng với 2 vùng thấm giảm kích ứng da
Do Choi Me Be,Sữa bột Nestlé NAN SUPREMEPRO 2 800g nhập khẩu Đức với 5HMO & đạm Gentle Optipro ( Dành cho trẻ từ 12 - 24 tháng tuổi)
Do Choi Me Be,Sản phẩm dinh dưỡng công thức Meiji Infant Formula 800g (Dành cho trẻ từ 0-1 tuổi)
Do Choi Me Be,Sữa bột NAN INFINIPRO A2 2 với công thức đầu tiên kết hợp giữa đạm quý A2 & 6HMO & Dual Probiotics nhập khẩu Thụy Sĩ - Hộp 400g cho bé 12 - 24 tháng
Do Choi Me Be,Thùng 24 chai Ensure Gold 237ml (Mẫu mới)
Do Choi Me Be,[Mẫu mới] Combo 2 Tã quần SunMate siêu mềm mại G1 mới size L-16+2 miếng
Do Choi Me Be,[Mẫu mới] Combo 2 Tã quần SunMate siêu mềm mại G1 mới size XL-07 miếng
Do Choi Me Be,Sữa bột NAN INFINIPRO A2 800g Thụy Sĩ 3 với đạm quý A2 tiêu hóa tốt sau 7 ngày và 6HMO tăng cường đề kháng (2 - 6 tuổi) - Tặng Bàn chải điện cho bé Kalpen
Do Choi Me Be,Tã dán Caryn siêu thấm XL20
Do Choi Me Be,[Tặng 1 lon Anlene Gold 400g] Bộ quà tặng combo 2 sữa bột Anlene Gold 800g/lon
Do Choi Me Be,Sữa bột Vinamilk Dielac Alpha Gold 2 800g (cho trẻ từ 6 - 12 tháng tuổi)
Do Choi Me Be,"Sữa bột NAN INFINIPRO A2 2 với công thức đầu tiên chứa đạm A2, 6HMO & Lợi khuẩn kép nhập khẩu Thụy Sĩ - Hộp 800g (12 - 24 tháng)"
Do Choi Me Be,Sữa bột Enfamil A+ Neuropro 2 830g với DHA giúp phát triển não bộ cho trẻ từ 6 –12 tháng tuổi
Do Choi Me Be,Sữa bột Enfagrow A+ Neuropro 3 2.2kg với DHA giúp phát triển não bộ cho trẻ từ 1-3 tuổi
Do Choi Me Be,Sữa Bột Enfagrow A+ Neuropro 3 1.7kg với DHA giúp phát triển não bộ cho trẻ từ 1-3 tuổi
Do Choi Me Be,"Sữa bột Enfamil A2 Neuropro 2 800g giúp dễ tiêu hóa, hấp thu cho trẻ từ 6-12 tháng tuổi"
Do Choi Me Be,"Sữa bột Enfamil A2 Neuropro 1 800g giúp dễ tiêu hóa, hấp thu cho trẻ từ 0-6 tháng tuổi"
Do Choi Me Be,Sữa Bột Friso Gold 4 1400g (Dành Cho Trẻ Từ 2 - 6 Tuổi)
Do Choi Me Be,Sữa Bột Frisolac Gold 2 800G/850G Dành Cho Trẻ Từ 6 - 12 Tháng Tuổi
Do Choi Me Be,Sữa bột VinamilkOptimum Gold Step 4 Hộp Thiếc 1450g
Do Choi Me Be,Tã Dán Moony Natural Bông Organic S58 (58 Miếng)
Do Choi Me Be,Sữa Bột Vinamilk Dielac Alpha Gold IQ Step 2 Hộp Thiếc (400g)
Do Choi Me Be,Tấm Đệm Lót Siêu Thấm Caryn (20 Miếng)
Do Choi Me Be,Chai Sữa Tắm Gội cho bé Carrie Junior hương trái cây thiên nhiên 700g - 3 mùi hương
Do Choi Me Be,"Thùng sản phẩm dinh dưỡng pha sẵn Värna Diabetes 237ml (12 Hộp giấy) - GI 26,9 Hỗ trợ ổn định đường huyết"
Do Choi Me Be,Thùng Sữa Bột Pha sẵn Nutifood GrowPLUS+ Cao Lớn Vượt Trội trên 1 tuổi (24 hộp x 110ml)
Do Choi Me Be,Sữa bột Nutifood GrowPLUS+ Cao Lớn Vượt Trội trên 1 tuổi Lon 800g
Do Choi Me Be,Sữa Bột Nutifood GrowPLUS+ Biếng Ăn (Xanh) 2+ Lon 900G - Tăng cân khoẻ mạnh
Do Choi Me Be,Sữa Bột Nutifood Sweden GrowPLUS+ Sữa Non Immunel từ 0 - 12 tháng lon 800g
Do Choi Me Be,"Bộ 6 lon sữa bột Enfamil A2 Neuropro 1 giúp dễ tiêu hóa, hấp thu cho trẻ từ 0-6 tháng tuổi – 800g/lon"
Do Choi Me Be,Combo 3 lon Sữa Morinaga số 2 Chilmil 800g + 1 lon sữa Morinaga số 2 320gr
Do Choi Me Be,Tã quần Huggies Skin Perfect Mega Jumbo XXL64+4 miếng với 2 vùng thấm giảm kích ứng da
Do Choi Me Be,Chiếu Bạc Ngủ Trưa Văn Phòng Tấm Thảm Trải Lót Bạc Gấp Gọn Cách Nhiệt Du Lịch 1mx2m
Do Choi Me Be,Sữa Meiji dạng thanh số 9 Nội Địa Nhật ( mẫu mới 30 thanh)
Do Choi Me Be,Sản phẩm dinh dưỡng công thức Meiji Growing up Formula Ezcube 560g (Dành cho trẻ từ 1-3 tuổi)
Do Choi Me Be,Tã dán em bé Siêu khô thoáng gói Super Jumbo Unidry G6X size M-76 miếng
Do Choi Me Be,Bộ 3 lon Sữa bột Nestlé NAN OPTIPRO PLUS 4 800g/lon với 5HMO giúp tiêu hóa tốt + Tăng cường đề kháng (Bé 2-6 tuổi) - Tặng Ấm đun siêu tốc Kalpen
Do Choi Me Be,Combo 2 Sữa Bột Anlene Gold Hương Vanilla (Hộp giấy 1200g) - Tặng ấm đun Điện Quang hoặc Bình Nước
Do Choi Me Be,Thực phẩm dinh dưỡng y học Ensure Gold hương lúa mạch 800g/850g
Do Choi Me Be,[Mẫu mới] Combo 2 Tã quần SunMate siêu khô thoáng G1 mới size L-14+2 miếng
Do Choi Me Be,Combo 12 Khăn Ướt Dịu Nhẹ Cho Trẻ Sơ Sinh Huggies (80 Tờ/Gói)
Do Choi Me Be,Sữa Bột Nestlé NAN OPTIPRO PLUS 4 1500g/lon với 5HMO Hỗ trợ Đề Kháng - Tiêu Hóa - Trí Não & Chiều Cao (Dành cho trẻ từ 2-6 tuổi) - Tặng Bộ xửng hấp 2 ngăn Inochi
Do Choi Me Be,Sách vải Lalala baby kích thích thị giác cho bé sơ sinh 0 đến 12 tháng
Do Choi Me Be,Sữa bột Vinamilk Dielac Alpha Gold 3 1400g (cho trẻ từ 1 - 2 tuổi)
Do Choi Me Be,"Sữa bột NAN INFINIPRO A2 3 với công thức đầu tiên chứa đạm A2, 6HMO & Lợi khuẩn kép nhập khẩu Thụy Sĩ - Hộp 800g (2 - 6 tuổi)"
Do Choi Me Be,[Tặng 1 lon 830g cùng loại] Bộ 2 Lon Sữa bột Enfagrow A+ Neuropro 4 Vị thanh mát với dưỡng chất DHA & MFGM cho trẻ từ 2–6 tuổi– 1.7kg
Do Choi Me Be,Sữa bột Enfamil A+ Neuropro 2 2.2kg với DHA giúp phát triển não bộ cho trẻ từ 6 –12 tháng tuổi
Do Choi Me Be,Sữa bột Enfamil A+ Neuropro 1 830g với DHA giúp phát triển não bộ cho trẻ từ 0-6 tháng tuổi
Do Choi Me Be,"Sữa bột Enfagrow A2 Neuropro 3 350g giúp dễ tiêu hóa, hấp thu cho trẻ từ 1-6 tuổi"
Do Choi Me Be,Miếng Lót Sơ Sinh Bobby Fresh Newborn 2 - 60 (60 Miếng)
Do Choi Me Be,Thùng 48 Hộp Sữa Nước Abbott Grow Gold 110ml
Do Choi Me Be,Combo 2 Tã Quần Người Lớn Sunmate Mềm Mại L8 (8 Miếng)
Do Choi Me Be,Khăn ướt Agi không mùi 100 tờ (màu ngẫu nhiên)
Do Choi Me Be,Sữa bột Vinamilk Dielac Alpha 4 - Hộp thiếc 900g (dành cho trẻ 2-6 tuổi)
Do Choi Me Be,Sữa Bột Vinamilk Dielac Alpha 3 - Hộp Thiếc 900g
Do Choi Me Be,Sữa Bột Vinamilk Dielac Alpha Gold IQ Step 1 Hộp Thiếc (400g)
Do Choi Me Be,Sữa bột Vinamilk Dielac Alpha 4 - Hộp thiếc 1500g (dành cho trẻ 2-6 tuổi)
Do Choi Me Be,Combo 2 Tã Dán Người Lớn SunMate G2 Size M10 (10 Miếng)
Do Choi Me Be,Sữa Bột Anlene Gold Movepro Hương Chocolate (Hộp Giấy 440g)
Do Choi Me Be,Dung Dịch Tắm Gội Toàn Thân Cho Bé Dưới 3 Tuổi D-nee - Chai 800ml (Hồng)
Do Choi Me Be,Tã/bỉm dán sơ sinh Huggies Skin Perfect NB 70+4 miếng với 2 vùng thấm giảm kích ứng da
Do Choi Me Be,Ngũ cốc dinh dưỡng Värna Complete túi 500g
Do Choi Me Be,Thùng Sữa bột pha sẵn GrowPLUS+ Biếng ăn (XANH) cho trẻ tăng cân khoẻ mạnh 1+ (48 hộp x 110ml)
Do Choi Me Be,Sữa bột Nutifood GrowPLUS+ Sữa Non Immunel trên 2 tuổi Lon 800g
Do Choi Me Be,Tã/Bỉm Quần Người Lớn Caryn Mỏng Nhẹ Chống Tràn Dành Cho Người Già Có Thể Tự Đi Lại Size XL20 miếng)
Do Choi Me Be,Sữa Morinaga Số 3 Hương Vani - Kodomil dành cho bé trên 36 tháng tuổi
Do Choi Me Be,Nước rửa bình thảo mộc cho bé Arau Baby - Túi 450ml
Do Choi Me Be,Tã bỉm QUẦN Bobby Mega Jumbo gói lớn tiết kiệm M96/ L88/ XL74/ XXL68 miếng
Do Choi Me Be,Nước hoa chiết xuất Babycoccole 0M
Do Choi Me Be,Thực phẩm bổ sung Meiji MeiBalance 125ml
Do Choi Me Be,Tã dán em bé Siêu khô thoáng gói Jumbo Unidry G6X size S-54 miếng
Do Choi Me Be,Bộ 3 lon Sữa bột Nestlé NAN OPTIPRO PLUS 4 800g/lon với 5HMO Giúp tiêu hóa tốt + Tăng cường đề kháng (Bé 2-6 tuổi) - Tặng Bảng ghép hình cá sấu có ốp lưng i
Do Choi Me Be,Tã Quần Caryn Loại Mỏng Nhẹ L28
Do Choi Me Be,Tã/bỉm dán sơ sinh Huggies Skin Perfect NB 38 miếng với 2 vùng thấm giảm kích ứng da
Do Choi Me Be,Sữa bột Nestlé NAN OPTIPRO PLUS 4 1500g/lon với 5HMO giúp tiêu hóa tốt + Tăng cường đề kháng (2 - 6 tuổi) - Tặng Đồ chơi toán học cân bằng
Do Choi Me Be,[Mẫu mới] Tã quần Unidry G3X Supreme siêu mỏng size L - 68+8 miếng
Do Choi Me Be,Sữa bột công thức S-26 ULTIMA 1 350G với hợp chất NUTRILEARN CONNECT cho bé 0 - 12 tháng tuổi
Do Choi Me Be,Băng Vệ Sinh Diana Mama Dùng Cho Mẹ Sau Sinh 12 Miếng/Gói
Do Choi Me Be,"(22+6 Miếng/Gói) - Tã quần Huggies XXXL22 Tràm trà tự nhiên, ngừa hăm - Cho bé trên 17kg - Tã bỉm quần Huggies trẻ em"
Do Choi Me Be,Sữa bột Nestlé NAN OPTIPRO PLUS 1 400G/lon với 5HMO Sản Xuất tại Thụy Sĩ (0 - 6 tháng)
Do Choi Me Be,Combo 2 Tấm lót SunMate cải tiến mới 10 miếng (45 x 70cm)
Do Choi Me Be,Gối trẻ em cotton LIDACO cho bé 3-8 tuổi kích thước 30x50cm
Do Choi Me Be,Sữa bột Vinamilk Dielac Alpha Gold 4 1400g (cho trẻ từ 2- 6 tuổi)
Do Choi Me Be,Tã dán sơ sinh êm mềm khô thoáng Bobby 
Do Choi Me Be,"Sữa bột Enfamil A2 Neuropro 2 350g giúp dễ tiêu hóa, hấp thu cho trẻ từ 6-12 tháng tuổi"
Do Choi Me Be,Sữa Bột Friso Gold 4 850g (Dành Cho Trẻ Từ 2 - 6 Tuổi)
Do Choi Me Be,Sữa bột Enfagrow Premium Toddler 907g hỗ trợ phát triển toàn diện cho trẻ từ 1-3 tuổi
Do Choi Me Be,Tã Quần Cao Cấp Moony Nhật Bản Bé Trai XXL26 (26 Miếng)
Do Choi Me Be,Thùng 48 Hộp Sữa Nước Abbott Grow Gold 180ml cho trẻ 1 tuổi trở lên
Do Choi Me Be,Dung Dịch Tắm Gội Toàn Thân Cho Bé Dưới 3 Tuổi D-nee - Chai 800ml (Xanh)
Do Choi Me Be,Nước Rửa Bình Sữa Dạng Túi D-nee - Xanh lá (550ml)
Do Choi Me Be,Nước Giặt Quần Áo Cho Bé D-nee - Chai 3000ml (Xanh)
Do Choi Me Be,Combo 2 TPBS Anlene Gold hương vani 1.2kg tặng nồi inox hoặc ấm đun điện quang hoặc bộ 2 khăn
Do Choi Me Be,Chai Sữa Tắm Gội cho bé Carrie Junior hương trái cây thiên nhiên 280g
Do Choi Me Be,Bộ 2 Thùng 24 hộp Sữa pha sẵn Nestlé NANGROW sữa mát công thức từ Thụy Sĩ 6(4 x 180ml) - (Bé từ 1 tuổi)
Do Choi Me Be,Tã/Bỉm dán người lớn siêu thấm Caryn dành cho người hạn chế khả năng đi lại  Size XL16 miếng
Do Choi Me Be,Tã/bỉm quần Huggies Naturemade M58/L44/XL38/XXL26
Do Choi Me Be,Tã quần Huggies Naturemade ban đêm XL 38 miếng
Do Choi Me Be,Kem chống nắng SPF50 + Babycoccole 0M
Do Choi Me Be,Sữa bột Nestlé NAN SUPREMEPRO 1 400g nhập khẩu Đức với 5HMO & đạm Gentle Optipro ( Dành cho trẻ từ 0 - 12 tháng tuổi)
Do Choi Me Be,Thực Phẩm Bổ Sung Bánh Ăn Dặm Gerber Puffs vị Việt Quất 42g dành cho trẻ trên 8 tháng tuổi
Do Choi Me Be,Xe Chòi Chân Thăng Bằng Cho bé Kèm Bàn Đạp Xe Chòi Chân Khuyến Mãi Các Hãng/Motion - Giao ngẫu nhiên
Do Choi Me Be,Tã quần người lớn Confidence Slim&Fit mỏng nhẹ vừa vặn size L gói 14 miếng
Do Choi Me Be,Sản phẩm dinh dưỡng công thức Meiji Growing up Formula 800g (Dành cho trẻ từ 1-3 tuổi)
Do Choi Me Be,Thực phẩm dinh dưỡng y học Ensure Gold hương vani ít ngọt 800g/850g
Do Choi Me Be,Thực phẩm dinh dưỡng y học Ensure Gold 380g/400g
Do Choi Me Be,[Mẫu mới] Tã quần Unidry G3X Supreme siêu mỏng size XXXL - 22+6 miếng
Do Choi Me Be,[Mẫu mới] Tã quần SunMate siêu mềm mại G1 mới size M-18+2 miếng
Do Choi Me Be,Thùng sữa bột pha sẵn Thực phẩm bổ sung Nestlé NANGROW 9(4x110ml) sữa mát công thức từ Thụy Sĩ với 100% Canxi giúp bé cao lớn vượt trội dành cho bé từ 1 tuổi
Do Choi Me Be,Thùng sữa bột pha sẵn Nestlé NANGROW 6(4x180ml) sữa mát công thức từ Thụy Sĩ với 100% Canxi giúp bé cao lớn vượt trội dành cho bé từ 1 tuổi
Do Choi Me Be,Tấm Đệm Lót Caryn 20 Miếng Loại Siêu Thấm Kích Thước 42 x72 Cm - Tấm Lót Giường Người Bệnh Caryn
Do Choi Me Be,Tã Quần Mỏng Nhẹ Caryn XL24 (24 miếng)
Do Choi Me Be,Set 5 Bịt Góc Bàn Ghế Silicon Trong Suốt (Kèm Keo 2 Mặt) - Bo Góc Chống Va Chạm An Toàn Cho Trẻ Em
Do Choi Me Be,Đồ Chơi Đoàn Tàu Thả Domino Có Đèn Cho Bé Xếp Hình Lắp Ráp Giải Trí Giúp Bé Tăng Trí Thông Minh Rèn Luyện Tư Duy PaKaSa - Chính Hãng
Do Choi Me Be,Sữa bột Vinamilk Dielac Grow Plus 2+ Hộp thiếc 850g (Sữa Non)
Do Choi Me Be,Sữa bột Enfamil A+ Neuropro 2 1.7kg với DHA giúp phát triển não bộ cho trẻ từ 6 –12 tháng tuổi
Do Choi Me Be,Sữa bột Enfagrow A+ Neuropro 4 1.7kg với DHA giúp phát triển não bộ cho trẻ từ 2–6 tuổi
Do Choi Me Be,Sữa bột Vinamilk Optimum Gold 1 800g
Do Choi Me Be,Sữa Morinaga Số 2 - Chilmil (320g)
Do Choi Me Be,Thùng 48 hộp sữa YOKOGOLD pha sẵn 110ml
Do Choi Me Be,Combo 12 Gói Khăn Ướt Huggies Cacao và Bơ Hạt Mỡ (72 Miếng/ Gói)
Do Choi Me Be,Thùng 48 Hộp Sữa Bột Pha Sẵn Vinamilk Optimum Gold 110ml
Do Choi Me Be,Sữa Bột Vinamilk Dielac Alpha Step 3 Hộp Thiếc (1500g)
Do Choi Me Be,Thùng 48 Hộp Sữa Bột Pha Sẵn Friso Gold Rtd Vani (48 x 180Ml)
Do Choi Me Be,Thùng 48 Hộp Sữa Bột Pha Sẵn Friso Gold Rtd Vani (48 Hộp X 110ml)
Do Choi Me Be,Tã Dán Siêu Thấm Caryn Gói Siêu Lớn M20 (20 Miếng)
Do Choi Me Be,Sữa Bột Dành Cho Mẹ Bầu Anmum Materna Hương Chocolate 800g
Do Choi Me Be,Miếng Lót Sơ Sinh Bobby Fresh Newborn 2 - 40 (40 Miếng)
Do Choi Me Be,Bộ Cờ Vua Nam Châm Bàn Cũng Là Hộp Đựng UBon
Do Choi Me Be,Combo 2 gói tã dán người già Caryn ngày và đêm siêu tiết kiệm gói lớn L18 miếng 
Do Choi Me Be,Ngũ cốc dinh dưỡng Värna Calcium túi 500g
Do Choi Me Be,"Thùng Sữa Bột Pha Sẵn GrowPLUS+ Suy Dinh Dưỡng (Đỏ) - Tăng Cân, Tăng Chiều Cao (48 Hộp x 180ml)"
Do Choi Me Be,Thùng Sữa Bột Pha sẵn Nutifood GrowPLUS+ Sữa Non Immunel trên 1 tuổi (24 hộp x 110mL)
Do Choi Me Be,"Sữa bột Nutifood GrowPLUS+ Suy Dinh Dưỡng (Đỏ) 2+ Lon 1,65KG"
Do Choi Me Be,Thùng 4 hộp sữa bột Enfagrow A+ Neuropro 3 2.2kg với DHA giúp phát triển não bộ cho trẻ từ 1-3 tuổi
Do Choi Me Be,Bộ 6 lon sữa bột Enfamil A+ Neuropro 2 830g với DHA giúp phát triển não bộ cho trẻ từ 6 –12 tháng tuổi
Do Choi Me Be,[TẶNG THÊM 4 MIẾNG] Tã quần Bobby Siêu Khô Thoáng - 100% Thoáng Khí  Super Jumbo
Do Choi Me Be,Bánh Gạo Gerber vị Chuối Đào 48g cho trẻ trên 7 tháng tuổi
Do Choi Me Be,Thực Phẩm Bổ Sung Bánh Ăn Dặm Gerber Lil's Crunchies vị Phô Mai Mild Cheddar 42g dành cho trẻ trên 8 tháng tuổi
Do Choi Me Be,"Chiếu Bạc Ngủ Trưa Văn Phòng, Tấm Thảm Trải Lót Bạc Gấp Gọn Cách Nhiệt Du Lịch 1mx2m"
Do Choi Me Be,Bộ 3 Lon Sữa bột Nestlé NAN OPTIPRO PLUS 4 1500g/lon Giúp tiêu hóa tốt + Tăng cường đề kháng (2 - 6 tuổi) - Tặng Nồi lẩu điện A2
Do Choi Me Be,Sữa bột Enfagrow Enspire 3 850g hỗ trợ đề kháng với Lactoferrin dành cho trẻ từ 2-6 tuổi
Do Choi Me Be,Sữa bột Enfagrow Enspire 2 850g hỗ trợ đề kháng với Lactoferrin dành cho trẻ từ 1-3 tuổi
Do Choi Me Be,[Tặng Bình nước tuần lộc] Bộ 2 lon Sữa bột Nestlé NAN OPTIPRO PLUS 4 800g/lon với 5HMO Giúp tiêu hóa tốt + Tăng cường đề kháng - Bé 2-6 tuổi
Do Choi Me Be,Sữa Bột Abbott Glucerna Vani
Do Choi Me Be,Tã/bỉm dán sơ sinh Huggies Skin Perfect M 76+3 miếng với 2 vùng thấm giảm kích ứng da
Do Choi Me Be,Thực phẩm dinh dưỡng y học Ensure Gold Green Health 800g/850g
Do Choi Me Be,Thực phẩm dinh dưỡng y học Ensure Gold 800g
Do Choi Me Be,Sữa tắm gội Suave kids Cho Bé 3in1 2in1 532ml Hàng Nhập Mỹ
Do Choi Me Be,Tấm Đệm Lót Giường Caryn 14 Miếng Kích Thước Lớn 60 x 70 Cm - Tấm Lót Giường Caryn Cho Người Bệnh
Do Choi Me Be,"Đai Đi Xe Máy Cho Bé UNMEI (từ 1 đến 10 tuổi) Giúp Bé Ngồi An Toàn Khi Đi Xe, Có Thể Ngồi Trước Hoặc Sau, Nhiều Hình Ngộ Nghĩnh"
Do Choi Me Be,COMBO 6 GÓI MIẾNG LÓT TIẾT KIỆM ( LÓT BỔ SUNG ) CARYN 20 MIẾNG
Do Choi Me Be,"Kem Đánh Răng Chicco Dành Cho Trẻ Em Hương Dâu (1-5 tuổi), Hương Chuối Táo (6 - 24 tháng) Dung Tích 50ml"
Do Choi Me Be,Rùa Bơi Vặn Cót - Đồ Chơi Nhà Tắm - đồ chơi Dưới Nước thả bồn tắm Cho Bé
Do Choi Me Be,"Vòng đeo tay, miếng dán tránh muỗi Kincho"
Do Choi Me Be,Ghép Hình 4 Mùa - Mùa Thu 24 Chi Tiết DK81076
Do Choi Me Be,Tã Dán Người Lớn SunMate AX2 Size XL10 (10 Miếng)
Do Choi Me Be,Sữa bột Vinamilk Optimum Gold Step 3 Hộp Thiếc 850g
Do Choi Me Be,[Nhập khẩu từ Mỹ] Sữa bột Enfamil Enspire Optimum 850g hỗ trợ đề kháng cho trẻ 0-12 tháng tuổi (hộp 2 túi thiếc 425g)
Do Choi Me Be,Tã Dán Moony Natural Bông Organic M46 (46 Miếng)
Do Choi Me Be,Thùng 48 Hộp Sữa Bột Pha Sẵn Vinamilk Dielac Grow Plus - Đỏ 180ml
Do Choi Me Be,Sữa Bột Friso mum Gold Hương Cam (900g)
Do Choi Me Be,Sữa Bột Abbott Similac Mom Vani 900g
Do Choi Me Be,Tã Quần Cao Cấp Moony Nhật Bản Bé Trai XL38 (38 Miếng)
Do Choi Me Be,Tã Quần Cao Cấp Moony Nhật Bản Bé Gái XL38 (38 Miếng)
Do Choi Me Be,"Miếng Lót Chống Thấm MAMA 35X40cm, Tấm Đệm Lót Thay Tã Dùng 1 Lần Mỏng, Nhẹ, Thấm Hút Tốt Dùng Bé Sơ Sinh"
Do Choi Me Be,"Chăn tencel Katina House cho bé đi học mềm mát, 1m2x1m6, phù hợp cho bé từ 5 tuổi trở lên"
Do Choi Me Be,"Gối cho bé sơ sinh và trẻ nhỏ Katina House, vải Cotton TL mềm mát, họa tiết gần gũi"
Do Choi Me Be,"Đồ Chơi Rút Gỗ, SIZE TO, Đồ Chơi Gỗ Với 3 Mẫu Động Vật, Số Và Màu 51Pcs, Đồ Chơi Trẻ Em Thông Minh"
Do Choi Me Be,[TẶNG KÈM 4 MIẾNG] Tã quần Bobby Siêu Khô Thoáng - 100% Thoáng Khí Mega Jumbo M112+4
Do Choi Me Be,[Cho cả trẻ sinh mổ] Sữa bột Enfamil A+ NeuroPro 1 C-Sec 400g cho trẻ từ 0-12 tháng
Do Choi Me Be,"Tã bỉm QUẦN Baby Love của hãng Unicharm Bobby size lớn 3XL, 4XL, 5XL 33 miếng tặng 2 miếng giá tốt"
Do Choi Me Be,Kem đánh răng Colgate trẻ em Minion 80g
Do Choi Me Be,"Bánh ăn dặm Gerber vị Xoài, Mâm Xôi 48g cho trẻ trên 7 tháng tuổi"
Do Choi Me Be,Miếng lót thấm sữa Moony (72 miếng/hộp) - Nhập khẩu từ Nhật Bản
Do Choi Me Be,Thú nhồi bông heo cánh tiên trái tim so cute - Size từ 75cm đến 110cm - Quà tặng gấu bông heo goodnight lim dim dễ thương - Gối ôm mềm mịn cho bé
Do Choi Me Be,"(ĐỦ SIZE) Set 6 Quần Lót Giấy Cotton UNMEI Dành Cho Nữ Dùng 1 Lần, Cho Mẹ Bầu, Sinh Viên Học Quân Sự, Đi Du Lịch, Chất Hàng Mịn, Thông Thoáng (HÀNG LOẠI 1)"
Do Choi Me Be,Combo 3 TPBS Anlene Gold hương vani 1.2kg - Tặng máy vắt cam
Do Choi Me Be,"Nước Xả Vải Quần Áo Trẻ Em An Toàn Cho Da Bé D-NEE 2800ml, Đủ Màu Xanh Dương, Xanh Lá, Tím, Hồng, Trắng - Hàng Chính Hãng Dnee Đại Thịnh"
Do Choi Me Be,"Diều Cho Bé Thả Diều, Cuộn Dây Diều Hoạt Hình Mặt Cười Công Chúa Doraemon Nàng Tiên Động Vật Siêu Nhân Legaxi"
Do Choi Me Be,Thùng 24 chai sữa pha sẵn Ensure Original Vanilla 237ml
Do Choi Me Be,"Yếm ăn dặm silicon Unmei cho bé cao cấp, có máng chống thấm, hình thú siêu cute tiện dụng"
Do Choi Me Be,"Tấm lót chống thấm cho người già LONGLIFE size trải giường 1,2x2m - 1,4x2m - 1,6x2m - 1,8x2m - 2,2x2m"
Do Choi Me Be,"Khăn Sữa Cotton Unmei 6 lớp cho Bé, 30x30cm, Khăn Vải Xô Dày dặn, Thấm Hút Tốt, Màu Trắng Hoa văn ngẫu nhiên"
Do Choi Me Be,Đồ chơi Ghép Hình Duka 4 Mùa - Mùa Đông 24 Chi Tiết DK81077
Do Choi Me Be,Đồ Chơi Rút Gỗ Trẻ Em - 2 Cỡ (Lớn và Nhỏ) - 54 Thanh Rút Gỗ Kèm 4 Con Súc Sắc Cho Bé – Bộ Đồ Chơi Rút Gỗ Cao Cấp Chính Hãng dododios
Do Choi Me Be,"Xe trượt Scooter cho bé, Xe scooter cho bé, trẻ em cao cấp"
Do Choi Me Be,GẤU BÔNG CHUỘT LANG NƯỚC CAPYBARA ÔM TRÀ SỮA – THÚ NHỒI BÔNG COSPLAY SIÊU DỄ THƯƠNG | SIÊU MỊN 30CM
Do Choi Me Be,"Ghế ăn dặm gấp gọn cao cấp Umoo mới nhất 2021, có bánh xe và điều chỉnh được độ cao"
Do Choi Me Be,Khăn Lau Hạ Sốt Dr Papie - 1 gói xanh dương cho bé từ 3 tháng trở lên
Do Choi Me Be,Combo 10 gói Khăn Giấy Ướt Aiko 100 tờ/gói không hương màu Hồng
Do Choi Me Be,"[CHÍNH HÃNG] Nhà banh, kiêm làm cũi kết cấu chân gỗ cao cấp Prota + tặng Đồng hồ ghép hình cao cấp"
Do Choi Me Be,Tã Dán Moony Natural Bông Organic Newborn 63 (63 Miếng)
Do Choi Me Be,Tã Dán Cao Cấp Moony Nhật Bản L54 (54 Miếng )
Do Choi Me Be,Đồ Chơi Winwintoys - Rubik 7 Màu 60132
Do Choi Me Be,"(Chính Hãng Đại Thịnh) Nước giặt D-nee, Nước Giặt Cho Bé Dnee Dạng Túi 3600ml - Loại Mới An Toàn, Tiết Kiệm"
Do Choi Me Be,Đồ chơi lắp ráp nam châm Mideer Mideer Growth PLUS Magnetic Building Sticks
Do Choi Me Be,Miếng Lót Tiết Kiệm/ Lót Bổ Sung Canny - Mặc Cùng Tã Dán/Tã Quần Cho Người Lớn (20 miếng/gói)
Do Choi Me Be,Combo Khăn Ướt Em Bé Không Mùi NUNA Gold |100 Miếng/Bao
Do Choi Me Be,Túi ngủ cho bé MYM kích thước 70x150cm chất liệu vải Microfiber nhung
Do Choi Me Be,(GIAO NHANH 2H) Tã/bỉm quần cao cấp Huggies Nature made đủ size M58/L44/XL38/XXL26 Vaca Baby House
Do Choi Me Be,Hộp đựng thức ăn cho bé Lock&Lock có vạch chia LLG508S3 230ml x 3 hộp - LLG542S3 280ml x 3 hộp
Do Choi Me Be,SET 6 QUẦN LÓT GIẤY COTTON UNMEI DÙNG 1 LẦN CHO MẸ BẦU MẸ SAU SINH/SINH VIÊN HỌC QUÂN SỰ/ DU LỊCH ( HÀNG LOẠI 1)
Do Choi Me Be,Bộ Đồ Chơi Lắp Ráp 265 Mảnh Ghép Sáng Tạo Cho Bé
Do Choi Me Be,Sữa bột Nutramigen A+ LGG - Sữa cho trẻ dị ứng đạm sữa bò cho trẻ 0-12 tháng (400g)
Do Choi Me Be,"Vòng đeo chống muỗi, đuổi côn trùng hương trái cây Kincho Nhật Bản (30 Chiếc/túi)"
Do Choi Me Be,"Bộ đất sét nặn 3D Deli 24 màu - Chất liệu an toàn cho trẻ nhỏ, màu sắc tươi sáng đa dạng, kèm phụ kiện khuôn nặn - 67825"
Do Choi Me Be,Sữa bột Enfamil A+ Neuropro 2 400g với DHA giúp phát triển não bộ cho trẻ từ 6 –12 tháng tuổi
Do Choi Me Be,Tã Quần Siêu Cao Cấp Huggies Platinum Nature Made XL38 (38 Miếng)
Do Choi Me Be,Bộ đồ chơi lắc bầu cua cá cọp xúc xắc bằng xốp
Do Choi Me Be,Sữa Tắm Gội Toàn Thân Cetaphil Baby Gentle Wash Shampoo 2 in 1 (400ml)
Do Choi Me Be,Diều Legaxi Thả Dài 150cm Đại Bàng Doremon Công Chúa Mặt Cười Hoạt Hình Kèm Cuộn Dây 100 mét
Do Choi Me Be,BÌNH SỮA PP CỔ RỘNG WESSER
Do Choi Me Be,Sữa bột Vinamilk YOKOGOLD 1 850g (cho trẻ từ 0 - 1 tuổi)
Do Choi Me Be,Miếng Lót xơ tre bỉm vải goodmama
Do Choi Me Be,Cờ Tỷ Phú 5 Trong 1
Do Choi Me Be,Thú nhún bơm hơi Toyshouse (KÈM BƠM)- Tiêu chuẩn xuất khẩu Mỹ (ASTM) và Châu Âu (EN71)- Đồ chơi vận động cho bé từ 8 tháng
Do Choi Me Be,Combo 02 nước mắm Lê Gia cho bé ăn dặm 200ml
Do Choi Me Be,"Gia vị rắc cơm 6 vị 30 gói, nội địa Nhật Bản"
Do Choi Me Be,Bột canxi cá tuyết Fine cho trẻ em Nhật Bản (140g)
Do Choi Me Be,Sữa Tắm Gội Cho Trẻ Sơ Sinh Và Em Bé Da Nhạy Cảm Mustela (300ml)
Do Choi Me Be,Sữa Bột Anlene Gold Hương Vanilla (Hộp giấy 1200g)
Do Choi Me Be,"Bộ 6 lon sữa bột Enfamil A2 Neuropro 2 giúp dễ tiêu hóa, hấp thu cho trẻ từ 6-12 tháng tuổi– 800g/lon"
Do Choi Me Be,Thực phẩm bổ sung Anlene Heart Plus với dưỡng chất chăm sóc sức khỏe tim mạch 750g/lon - Tặng Nồi Inox Hoặc Chảo 18cm
Do Choi Me Be,Kem Chống Hăm Tã Dành Cho Bé Sudocrem hộp 60g
Do Choi Me Be,Sữa Meiji dạng thanh số 0 Nội Địa Nhật ( mẫu mới 30 thanh)
Do Choi Me Be,Sản Phẩm dinh dưỡng công thức Meiji Infant Formula Ezcube 540g (Dành cho trẻ từ 0-1 tuổi)
Do Choi Me Be,Sữa Bột Friso Gold 4 Hộp Giấy 3.2KG (Dành cho trẻ 2 - 6 tuổi)
Do Choi Me Be,"Sữa Bột Frisolac Gold 3 Hộp Giấy 3,2KG cho bé từ 1-2 tuổi"
Do Choi Me Be,"Sữa bột NAN INFINIPRO A2 1 với công thức đầu tiên chứa đạm A2, 6HMO & Lợi khuẩn kép nhập khẩu Thụy Sĩ - Hộp 400g (0 - 12 tháng)"
Do Choi Me Be,[Mẫu mới] Tã quần SunMate siêu mềm mại G1 mới size L-16+2 miếng
Do Choi Me Be,Hộp 2 núm ty thay thế bình sữa Dr.Brown's cổ thường ( cổ hẹp ) dòng Options Plus
Do Choi Me Be,Đồ chơi thiết kế thời trang Mideer Clothing Design House - Dụng cụ may vá thủ công tại nhà cho bé từ 5 tuổi
Do Choi Me Be,Sữa Bột Anlene vị Cà phê (Hộp giấy 280g)
Do Choi Me Be,Sữa Bột Abbott Pediasure B/A hương Vani Ít Ngọt Lon 380g
Do Choi Me Be,Tã/bỉm quần HUGGIES SKINCARE gói JUMBO size XXXL 22+6 miếng
Do Choi Me Be,"Ensure Úc sữa cho người lớn Giúp hồi phục sức khỏe cho người gầy yếu, người suy dinh dưỡng - QuaTangMe Extaste"
Do Choi Me Be,Đai bảo vệ đầu gối trẻ em AOLIKES YE-7117
Do Choi Me Be,"Bịch 10 Chiếc Khăn Xô, Khăn sữa 4 Lớp xuất Nhật Unmei 100% cotton 25x35cm"
Do Choi Me Be,Sữa bột Enfagrow A+ Neuropro 4 2.2kg với DHA giúp phát triển não bộ cho trẻ từ 2–6 tuổi
Do Choi Me Be,"Combo 03 Khăn ướt khử trùng, không mùi Life-do.Plus - Made in Japan"
Do Choi Me Be,Bộ tranh xếp hình 150 mảnh – Paw Patrol
Do Choi Me Be,"Bộ 02 thanh chắn/ chặn giường 1m8 và 2m UMOO Bản Nâng Cấp 2021, trượt 01 bên tiện lợi khi sử dụng"
Do Choi Me Be,Sữa bột Vinamilk Optimum Gold Step 4 Hộp Thiếc 850g
Do Choi Me Be,Combo 4 túi đá khô diệt khuẩn unimom tặng 5 zipper 15x20cm
Do Choi Me Be,Thùng 48 Hộp Sữa Nước Abbott Pediasure Vani 110ml cho trẻ từ 1 - 10 tuổi
Do Choi Me Be,Combo 2 Gói Tã Quần Người Lớn Sunmate Khô Thoáng L7 (7 Miếng/ Gói)
Do Choi Me Be,Thùng 48 Hộp Sữa Bột Pha Sẵn Vinamilk Dielac Grow Plus - Đỏ 110ml
Do Choi Me Be,Nước Giặt Quần Áo Cho Bé D-nee - Chai 3000ml (Xanh lá)
Do Choi Me Be,Nước rửa bình sữa D-nee Mild & Care chai 500ml
Do Choi Me Be,Nước Giặt Quần Áo Cho Bé D-nee - Chai 960ml (Hồng)
Do Choi Me Be,Sữa Bột Dành Cho Mẹ Bầu Anmum Materna Hương Vanilla 800g
Do Choi Me Be,Tã Dán Người Lớn SunMate AX2 Size L10 (10 Miếng)
Do Choi Me Be,Tã bỉm QUẦN MỞ 1 BÊN BOBBY size S80 miếng
Do Choi Me Be,[MỚI] Sữa bột bổ sung dinh dưỡng Anlene Total 10 lon 800g Tặng 1 Nồi Inox Hoặc Chảo 18cm
Do Choi Me Be,Tã/bỉm dán sơ sinh Huggies Skin Perfect S 54+4 miếng với 2 vùng thấm giảm kích ứng da
Do Choi Me Be,Combo 3 TPBS Anlene hương vani 1.2kg (trên 30 tuổi) tặng máy vắt cam hoặc máy sấy tóc
Do Choi Me Be,Túi Sữa Tắm Gội cho bé Carrie Junior Hương trái cây thiên nhiên Cheeky Cherry 500G
Do Choi Me Be,"Thùng Sữa bột Pha Sẵn GrowPLUS+ Suy Dinh Dưỡng (Đỏ) - Tăng Cân, Tăng Chiều Cao (48 Hộp x 110ml) (Bao bì tùy lô hàng)"
Do Choi Me Be,"Sữa Bột GrowPLUS+ Biếng Ăn (Xanh) cho trẻ tăng cân khoẻ mạnh 2+ Lon 1,65KG"
Do Choi Me Be,Thùng Sữa bột pha sẵn GrowPLUS+ Biếng ăn (XANH) cho trẻ tăng cân khoẻ mạnh 1+ (48 hộp x 180ml)
Do Choi Me Be,Bộ 6 lon sữa bột Enfamil A+ Neuropro 1 830g với DHA giúp phát triển não bộ cho trẻ từ 0-6 tháng tuổi
Do Choi Me Be,Tã quần Huggies Naturemade ban đêm L 44 miếng
Do Choi Me Be,"Siro Brauer Kids Liquid Calcium with Magnesium and Zinc nhập khẩu từ ÚC - Bổ sung Vitamin Canxi, Magie và Kẽm cho trẻ từ 1 tuổi (200ml)"
Do Choi Me Be,Sách Vải Đa Tương Tác Kích Thích Thị Giác Cho Bé Sơ Sinh My Very First Book - Lalala Baby (Nhiều chủ đề)
Do Choi Me Be,Núm ty mô phỏng tự nhiên mới hiệu Philips Avent  cho trẻ từ 6 tháng tuổi ( vỉ đôi)_SCY965.02
Do Choi Me Be,Tã quần người lớn Confidence Slim&Fit mỏng nhẹ vừa vặn size M gói 16 miếng
Do Choi Me Be,Thực phẩm bổ sung Meiji Kids Formula 900g (Dành cho trẻ từ 3-10 tuổi)
Do Choi Me Be,Tã Quần Caryn Loại Mỏng Nhẹ M32
Do Choi Me Be,Tã quần Huggies Skin Perfect M Super Jumbo 70+6 miếng với 2 vùng thấm giảm kích ứng da
Do Choi Me Be,Thực phẩm dinh dưỡng y học Ensure Gold hương cà phê 800g/850g
Do Choi Me Be,Tã quần UniDry Siêu khô thoáng gói Jumbo mới size L
Do Choi Me Be,"Thùng SBPS Nutifood GrowPLUS+ Suy Dinh Dưỡng Ít đường - Tăng Cân, Tăng Chiều Cao (48 Hộp x 180ml)"
Do Choi Me Be,Tã/bỉm DÁN người lớn Sunmate gói tiết kiệm size M18+2/L16+2/XL18+2
Do Choi Me Be,Tã dán Huggies Skincare Super Jumbo L68
Do Choi Me Be,"Set bao tay và bao chân bo chun cho bé sơ sinh từ 0 - 6 tháng tuổi, nhiều họa tiết xinh yêu"
Do Choi Me Be,Sữa Bột Pediasure 10+ Hương Vani 800g (cho trẻ từ 10 tuổi trở lên)
Do Choi Me Be,Sữa Bột Frisolac Gold 4 Hộp Giấy 2KG cho bé từ 2-6 tuổi
Do Choi Me Be,Sữa bột Dành Cho Người Tiểu Đường Vinamilk Sure Diecerna - 400g
Do Choi Me Be,Sữa bột Vinamilk Dielac Alpha Gold 4  850g (cho trẻ từ 2- 6 tuổi)
Do Choi Me Be,Sữa bột Vinamilk Dielac Alpha Gold 1 800g (cho trẻ từ 0 - 6 tháng tuổi)
Do Choi Me Be,"[Bé Vững Chân] Xe Đẩy Tập Đi Cho Bé KhoNCC Hàng Chính Hãng, Có 3 Con Gà Bằng Gỗ Đập Lách Cách Vui Nhộn - KLM-XTDGG"
Do Choi Me Be,Sữa bột Vinamilk Dielac Grow Plus 2+ Hộp thiếc 1400g (Sữa Non)
Do Choi Me Be,Sữa Bột Abbott Ensure Gold Hương Lúa Mạch - 850g
Do Choi Me Be,Sữa Bột Abbott Glucerna Lúa Mạch 800g
Do Choi Me Be,Nước Giặt Quần Áo Cho Bé D-nee - Chai 3000ml (Hồng)
Do Choi Me Be,Tã Dán Bobby Siêu Mỏng Thấm Gói Siêu Lớn XL62 (62 Miếng)
Do Choi Me Be,"Thùng SBPS Nutifood GrowPLUS+ ít đường Suy Dinh Dưỡng - Tăng Cân, Tăng Chiều Cao (48 Hộp x 110ml)"
Do Choi Me Be,Bộ 3 lon Sữa bột NAN OPTIPRO PLUS 4 Nestle Bé 2-6 tuổi 1500g/lon Giúp tiêu hóa tốt
Do Choi Me Be,"Vỏ áo gối trẻ em Katina House, 30x45cm, cotton satin hàn quốc mềm mát, thấm hút tốt"
Do Choi Me Be,[Cho cả trẻ sinh mổ] Sữa bột Enfagrow A+ NeuroPro 2 C-Sec 800g cho trẻ từ 1-3 tuổi
Do Choi Me Be,"Tã/Bỉm Quần người lớn TOPPANTS Siêu Thấm, Chống Trào, Kháng Khuẩn Size M/L/XL (54 Miếng)"
Do Choi Me Be,"Con Lăn Tạo Phép Tính Cộng Trừ Tự Động Cho Học Sinh Tiện Lợi, Máy In Phép Tính Cầm Tay Cho Bé (Tặng Kèm Lọ Mực)"
Do Choi Me Be,Thực Phẩm Bổ Sung Bánh Ăn Dặm Gerber Puffs vị Dâu Táo 42g dành cho trẻ trên 8 tháng tuổi
Do Choi Me Be,COMBO 2 THANH CHẮN GIƯỜNG KHỦNG LONG - ANH LAM STORE - AN TOÀN CHO BÉ
Do Choi Me Be,Tã dán người lớn Confidence Classic Day khô thoáng thấm hút size M/L gói 20 miếng
Do Choi Me Be,Khăn phủ đàn piano cơ đàn piano điện tử 88 phím phong cách Châu Âu cổ điển sang trọng chống bụi chống xước
Do Choi Me Be,Sữa Tắm Gội D-nee Tím Sweet Dream chiết xuất Hoa Oải Hương và Dầu Tràm Trà giúp Bé thư giãn và ngủ ngon
Do Choi Me Be,"Bộ Đất Nặn 3D Deli 12/24 Màu - Đất Sét Nặn An Toàn, Không Dính Tay, Kèm Phụ Kiện Khuôn Nặn Cho Bé"
Do Choi Me Be,Combo 3 Sữa Bột Anlene Gold Hương Vanilla (Hộp giấy 1200g) - Tặng máy massage cầm tay hoặc máy sấy tóc
Do Choi Me Be,"Thảm Trải Sàn Cho Bé Xốp XPE 2 Mặt Phủ Silicone Hàn Quốc Mẫu Đẹp Chống Thấm, Chống Va Đập Trơn Trượt-1m8*2m Hàng Chính Hãng TOKDODO"
Do Choi Me Be,Sữa bột Nestlé NAN OPTIPRO PLUS 2 400g/lon với 5HMO Sản Xuất Tại Thụy Sĩ (6-12 tháng)
Do Choi Me Be,"Cuộn Bọc Cạnh Bàn Trong Suốt, Bọc Cạnh Bàn Ghế Giường Tủ Bảo Vệ Trẻ Em"
Do Choi Me Be,Boardgame Lớp Học Mật Ngữ - Ú Òa - Ai Vậy Ta? - Board Game VN
Do Choi Me Be,"BỘ CHẠM NHẢY, CHUÔNG BẤM HIGH JUMP COUNTER TOYS CÓ ĐÈN HỖ TRỢ TĂNG CHIỀU CAO CHO BÉ"
Do Choi Me Be,"Ensure Đức cho người lớn tuổi Ensure Vanille-Geschmask giúp hồi phục sức khỏe cho người gầy, suy dinh dưỡng - QuaTangMe Extaste"
Do Choi Me Be,Miếng lót sơ sinh Bobby Newborn 1-64 miếng - Tặng 4 miếng Tã Quần Một Bên NB size S
Do Choi Me Be,"Đai địu vải lưới có bệ ngồi 4 tư thế cho trẻ sơ sinh, em bé 1 2 3 … 36 tháng tuổi đi xe máy MySun"
Do Choi Me Be,"Đồ Chơi Rút Gỗ Số Thú Vị Thông Minh Cho Bé, Có 3 Cỡ Lựa Chọn (Nhỏ, Trung Và Lớn) - Chính Hãng"
Do Choi Me Be,Sữa bột Vinamilk Dielac Alpha Gold 3 850g (cho trẻ từ 1 - 2 tuổi)
Do Choi Me Be,COMBO 2 Bỉm - Tã quần Moony Natural size XL 32 miếng (cho bé 12-22kg)
Do Choi Me Be,Thùng 24 Chai Sữa Nước Abbott Pediasure Vani 237ml cho trẻ từ 1-10 tuổi
Do Choi Me Be,Sữa Morinaga Số 1 - Hagukumi (320g)
Do Choi Me Be,Combo 2 phấn rôm dưỡng ẩm Kodomo Gentle Soft 160g M280
Do Choi Me Be,Xe tập đi bằng gỗ con gà cho bé
Do Choi Me Be,Tã dán người lớn Caryn XL10 (10 Miếng)
Do Choi Me Be,Tã Quần Moony Natural Bông Organic L36 (36 Miếng)
Do Choi Me Be,Thùng 48 Hộp Sữa Bột Pha Sẵn Vinamilk Optimum Gold 180ml
Do Choi Me Be,Sữa Tắm Gội Wesser 2in1 Hương Phấn (200ml) - Cam
Do Choi Me Be,Tã quần Bobby Siêu Khô Thoáng - 100% Thoáng Khí Super Jumbo XXXL31
Do Choi Me Be,"COMBO 3 gói Tã/Bỉm Quần Người Lớn Canny Siêu Mềm, Siêu Thấm, Kháng Khuẩn Size M8,L7,XL7  Miếng"
Do Choi Me Be,Tã Dán Moony Dịu Nhẹ NB62+4/S58+2/M46/L38
Do Choi Me Be,Sữa Bột Anlene Gold Hương Vanilla (Hộp Thiếc 400g)
Do Choi Me Be,Combo 3 Sữa Bột Anlene Hương Vanilla (Hộp giấy 1200g) - Bao bì mới - Tặng máy massage cầm tay hoặc máy sấy tóc
Do Choi Me Be,Combo 2 Sữa Bột Anlene Hương Vanilla (Hộp Thiếc 800g) tặng chảo inox hoặc ly inox
Do Choi Me Be,Thùng Thực phẩm bổ sung Värna Life sữa tươi công thức (Xanh) (12 Hộp x 200ml)
Do Choi Me Be,Thùng Sữa Bột Pha Sẵn Cho Người Tiểu Đường Värna Diabetes (24 Chai X 237ml) - GI Thấp Ổn Định Đường Huyết
Do Choi Me Be,Thùng Thực phẩm bổ sung Värna Life sữa tươi công thức (Vàng) (12 hộp x 200ml)
Do Choi Me Be,Tã/bỉm dán sơ sinh Molfix Thiên nhiên Jumbo Newborn (dưới 5kg) - Gói 70 miếng
Do Choi Me Be,SET 2 Nút Silicone Bọc Cạnh Bàn Ghế Bịt Góc Chống Va Đập Bảo Vệ An Toàn Cho Bé Tròn & Vuông Keo Dán 3M
Do Choi Me Be,"Gấu Bông Chim Cánh Cụt Siêu Mềm Mịn Dễ Thương Cho Bé (20cm--->45cm) Vải Miniso 4 Chiều Co Giãn Êm Ái, Hàng Cao Cấp An Toàn Cho Trẻ Nhỏ"
Do Choi Me Be,"Xe đẩy cho bé M9, xoay chiều, 3 tư thế ngả sâu có giảm sóc - Hàng chính hãng"
Do Choi Me Be,Ty thay bình sữa silicone Comotomo số 1-2-3-Y cut chính hãng
Do Choi Me Be,Tã Dán Sơ Sinh Cao Cấp Moony Nhật Bản NB 90 miếng
Do Choi Me Be,[Tặng Đồ chơi toán học cân bằng] Bộ 2 lon Sữa bột Nestlé NAN OPTIPRO PLUS 4 800g/lon với 5HMO Giúp tiêu hóa tốt + Tăng cường đề kháng - Bé 2-6 tuổi
Do Choi Me Be,Sữa bột Enfamil Enspire 1 350g hỗ trợ đề kháng với Lactoferrin dành cho trẻ từ 0-12 tháng tuổi
Do Choi Me Be,Tã quần UniDry Siêu khô thoáng gói Jumbo mới size XL
Do Choi Me Be,[Mẫu mới] Tã quần Unidry G3X Supreme siêu mỏng size XXL - 54+8 miếng
Do Choi Me Be,Tã Dán Trẻ Em Bobby Size M 76 Miếng ( M76 Cho Bé 6 Đến 11 Kg) Êm Mềm Khô Thoáng - Bỉm Dán Bobby Size M
Do Choi Me Be,GẤU BÔNG RÁI CÁ ĐEO TAI NGHE – THÚ NHỒI BÔNG NGỘ NGHĨNH CỰC DỄ THƯƠNG
Do Choi Me Be,Tấm lót chống thấm cho người già LONGLIFE size 70x130cm
Do Choi Me Be,Sữa bột Enfamil A+ Neuropro 1 400g với DHA giúp phát triển não bộ cho trẻ từ 0-6 tháng tuổi
Do Choi Me Be,Tắm gội dịu nhẹ Pigeon Hoa hướng dương 200ml/700ml
Do Choi Me Be,Tã Dán Siêu Cao Cấp Huggies Platinum Naturemade NB60 (60 Miếng)
Do Choi Me Be,Tã Dán Siêu Cao Cấp Huggies Platinum Naturemade S82 (82 Miếng)
Do Choi Me Be,Thùng 48 Hộp Sữa Nước Abbott Pediasure Vani 180ml cho trẻ từ 1 - 10 tuổi
Do Choi Me Be,Combo 2 Tã Quần Người Lớn Sunmate Mềm Mại M9 (9 Miếng)
Do Choi Me Be,Cờ Tỷ Phú Hộp Giấy Lớn 5 Trong 1 Liên Hiệp Thành KTP5T1
Do Choi Me Be,Nước Xả Quần Áo Cho Bé D-nee - Chai 2800ml (Tím)
Do Choi Me Be,Tã Quần Cao Cấp Moony Nhật Bản Bé Gái L44 (44 Miếng)
Do Choi Me Be,Tã Quần Cao Cấp Moony Nhật Bản Bé Trai L44 (44 Miếng)
Do Choi Me Be,Siêu Xe Hot Wheels C4982 - 25/250 - Max Steel (Mẫu Màu Giao Ngẫu Nhiên)
Do Choi Me Be,"Bộ Dụng Cụ Lấy Ráy Tai Có Đèn Dạ Quang Cho Bé, Tặng kèm 4 đầu ngoáy tai, món vệ sinh tai mũi chuyên nghiệp ( LOẠI XỊN SẠC USB )"
Do Choi Me Be,Tã quần Huggies Naturemade ban đêm XXL 26 miếng
Do Choi Me Be,Thực Phẩm Bổ Sung Bánh Ăn Dặm Gerber Lil's Crunchies vị Rau Củ 42g dành cho trẻ trên 8 tháng tuổi
Do Choi Me Be,Bánh Gạo Hữu Cơ Gerber Organic vị Xoài Chuối Cà Rốt 48g
Do Choi Me Be,Bình sữa mô phỏng tự nhiên mới hiệu Philips Avent  cho trẻ từ 1 tháng tuổi (260ml-đôi)_SCY903.02
Do Choi Me Be,Tã/bỉm quần Huggies Skin Care Mega Jumbo M106 miếng với tràm trà dịu da
Thiet Bi Kts Phu Kien So,Thẻ nhớ Micro SD 64GB / 128GB - Hàng chính hãng
Thiet Bi Kts Phu Kien So,"Apple Watch Series 11 GPS (Viền nhôm, dây cao su)"
Thiet Bi Kts Phu Kien So,Tai nghe Bluetooth Samsung Galaxy Buds Core (ANC) - Hàng chính hãng
Thiet Bi Kts Phu Kien So,Chuột máy tính không dây E-Blue EMS816 - Hàng Chính Hãng
Thiet Bi Kts Phu Kien So,"Pin dự phòng sạc nhanh ROCK P95 PD 22.5W 10000mAh có cáp tích hợp , hàng chính hãng bảo hành 1 năm"
Thiet Bi Kts Phu Kien So,Dây sạc siêu nhanh Type C to Type C hỗ trợ sạc siêu nhanh cho các dòng điện thoại Samsung và các dòng máy dùng cổng sạc Type C
Thiet Bi Kts Phu Kien So,Kính Cường Lực Chống Nhìn Trộm 360 Độ Dành Cho iPhone - Wekome WTP-089 - Hàng Chính Hãng
Thiet Bi Kts Phu Kien So,Bộ Sạc Siêu Nhanh 25W Type C dành cho Samsung và các dòng điện thoại cổng C
Thiet Bi Kts Phu Kien So,"Bộ Sạc Nhanh Type C to Type C Cho Iphone15,16 PD20W Hoco CS13/CS13A  - Sạc Nhanh 0 đến 50% Pin Trong 30p - Bảo Hành 1 Năm - Hàng Chính Hãng"
Thiet Bi Kts Phu Kien So,Tai nghe Bluetooth Apple AirPods 4
Thiet Bi Kts Phu Kien So,Miếng lót chuột Kai hình tròn siêu dễ thương nhiều mẫu mới_ Hàng chính hãng
Thiet Bi Kts Phu Kien So,Chuột không dây Logitech M550 / M550L Signature - SmartWheel- Silent - Hàng Chính Hãng
Thiet Bi Kts Phu Kien So,Đầu jack chuyển đổi âm thanh từ cổng 3.5mm cái sang cổng 6.5mm PaKaSa - Hàng chính hãng
Thiet Bi Kts Phu Kien So,Dây đeo Vải Dệt Dux Ducis Mixture Pro Series Dành Cho Apple Watch Ultra/ Apple Watch All Series_ Hàng chính hãng
Thiet Bi Kts Phu Kien So,Bộ sạc nhanh kèm cáp Hoco C105A Stage dual port PD20W+QC3.0 phích cắm EU - Hàng chính hãng
Thiet Bi Kts Phu Kien So,"Kính Cường Lực KingKong Có Khung Tự Dán, Ngăn Bụi Loa Dành Cho iPhone - Full Hộp, Dán Full Màn - Hàng Chính Hãng"
Thiet Bi Kts Phu Kien So,ĐÀI RADIO Pepe 9001BT Kèm thẻ nhớ 8G- Có Đèn Pin - Âm Thanh Lớn-Hàng Chính Hãng
Thiet Bi Kts Phu Kien So,Ốp lưng da cao cấp dành cho iPhone 14 / 14 Plus / 14 Pro / 14 Pro Max - Hàng chính hãng
Thiet Bi Kts Phu Kien So,Chuột Gaming E-DRA EM6102w - Hàng Chính Hãng
Thiet Bi Kts Phu Kien So,Tai Nghe Baseus Encok 3.5mm lateral in-ear Wired Earphone H17 - Hàng Chính Hãng
Thiet Bi Kts Phu Kien So,Chuột không dây bluetooth Logitech Signature M650 - Hàng chính hãng
Thiet Bi Kts Phu Kien So,Ốp lưng chống sốc lưng trong phong cách mới dành cho iPhone 11 / 12 / 13 / 11 Pro / 12 Pro / 13 Pro / 11 Pro Max / 12 Pro Max / 13 Pro Max / 12 Mini / 13 Mini - Hàng chính hãng
Thiet Bi Kts Phu Kien So,Ốp lưng dẻo mỏng dành cho iPhone 11 / 12 / 13 / 11 Pro / 12 Pro / 13 Pro / 11 Pro Max / 12 Pro Max / 13 Pro Max / 12 Mini / 13 Mini - Hàng chính hãng
Thiet Bi Kts Phu Kien So,Cáp sạc Baseus Cafule sạc nhanh dùng cho iPhone - Hàng chính hãng
Thiet Bi Kts Phu Kien So,Ốp Lưng Trong Suốt Hoco Dành Cho iPhone - Hàng Chính Hãng
Thiet Bi Kts Phu Kien So,Bộ Thu Phát Bluetooth TP-Link UB500 USB Nano Bluetooth 5.0 - Hàng Chính Hãng
Thiet Bi Kts Phu Kien So,"Kính Cường Lực Chống Nhìn Trộm KingKong Dành Cho iPhone 13, 13Mini, 13Pro, 13Pro Max, iPhone 14, 14Plus, 14Pro, 14Pro Max - Dán Full Màn - Full Hộp - Hàng chính hãng"
Thiet Bi Kts Phu Kien So,"Cốc sạc siêu nhỏ gọn 20W Baseus Compact Quick Charger (USB + Type C, công suất 20W) - Hàng Chính Hãng"
Thiet Bi Kts Phu Kien So,"Tai nghe game in-ear Logitech G333 - màn loa động kép Dual Driver, độ bền cao, 3.5mm Aux, Mic và điều khiển trên dây - Màu"
Thiet Bi Kts Phu Kien So,Kính Cường Lực Chống Nhìn Trộm KingKong Dành Cho iPhone - Full Hộp - Dán Full Màn - Hàng Chính Hãng 
Thiet Bi Kts Phu Kien So,Củ Sạc Điện Thoại 2 Cổng USB-A và 2 Cổng Type-C PD 65W QC 3.0 RAVPower RP-PC136 - Hàng Chính Hãng
Thiet Bi Kts Phu Kien So,"Pin Sạc Dự Phòng RAVPower 20000mAh Quick Charge 3.0 + PD 60W, In/Out Type-C, Sạc Được Macbook - RP-PB201 - Hàng Chính Hãng"
Thiet Bi Kts Phu Kien So,Hộp Đựng Tai Nghe Chống Sốc Ugreen - 40816 - Hàng Chính Hãng
Thiet Bi Kts Phu Kien So,Dây cáp kết nối VGA HDB 15 đực sang HDB 15 đực dài 1.5M UGREEN VG101 11630 - Hàng chính hãng
Thiet Bi Kts Phu Kien So,Tai Nghe Apple EarPods Cổng Lightning
Thiet Bi Kts Phu Kien So,Tai Nghe Nhét Tai Sony MDR-EX155AP
Thiet Bi Kts Phu Kien So,Chuột không dây Logitech M185 - Hãng chính hãng - Màu
Thiet Bi Kts Phu Kien So,Chuột Wireless Bluetooth Logitech MX Master 4 910-007566 - Hàng Chính Hãng
Thiet Bi Kts Phu Kien So,Tai nghe có dây JBL Tune 310C - Hàng chính hãng
Thiet Bi Kts Phu Kien So,"Tai Nghe Không Dây TWS Bass BS2 Lite (Bluetooth v6.0, 7H, SuperBass Boosted Sound, IP55, 2-Mic Sound, Al-Powered Sensors, Voice Boost, ENC Call Clarity) - Hàng Chính Hãng"
Thiet Bi Kts Phu Kien So,Chuột Bluetooth Silent Logitech M240 - Hàng chính hãng
Thiet Bi Kts Phu Kien So,Bộ Sạc Siêu Nhanh 2.0 Type C 45W dành cho Samsung S20/S21/S22/S23/S24/S25 Ultra Note 10/20 Plus và các dòng điện thoại cổng C
Thiet Bi Kts Phu Kien So,Dây đeo cho vòng đeo tay thông minh Xiaomi MiBand 8/ Miband 9/ Mi band 10 ngàm thép_ Hàng Chính Hãng
Thiet Bi Kts Phu Kien So,Tai Nghe Có Dây Chân Type C Cho Iphone 15 16 17 Baseus Encok C17 Cao Cấp Âm Thanh Hay - Hàng chính hãng - Tai Nghe Chân Type C Baseus C17
Thiet Bi Kts Phu Kien So,"Ốp lưng chống sốc bảo vệ camera cho Samsung Galaxy  S25 Ultra , S24 Ultra - hiệu Nillkin Camshield Pro chống sốc cực tốt, chất liệu cao cấp, có khung & nắp đậy bảo vệ Camera - Hàng chính hãng"
Thiet Bi Kts Phu Kien So,Pin Sạc dự phòng không dây nam châm 5-in-1 ROCK P50 10000mAh 20W tích hợp chân đế giữ điện thoại - Hàng chính hãng bảo hành 12 tháng
Thiet Bi Kts Phu Kien So,Tai nghe Bluetooth True Wireless Sony WF-C510 - Hàng chính hãng
Thiet Bi Kts Phu Kien So,"Kệ đỡ Laptop gắn máy Rhino KL901 Tiện lợi, nhỏ gọn, dễ dàng mang theo, siêu bền, kê cao lên tới 12 độ - Hàng chính hãng"
Thiet Bi Kts Phu Kien So,Loa Bluetooth JBL Go 4 - Hàng Chính Hãng
Thiet Bi Kts Phu Kien So,Chuột không dây LOGITECH M331 Cổng USB - Hàng chính hãng
Thiet Bi Kts Phu Kien So,"Bao da cho Samsung Galaxy Tab A11 , Tab A11 Plus , Tab A9 , Tab A9 Plus lưng silicon hiệu ONJESS chống sốc hỗ trợ tắt mở màn hình, gấp chữ Y tam giác đa năng - hàng nhập khẩu"
Thiet Bi Kts Phu Kien So,Tai nghe nhét tai jack cắm Type-C có mic hoco. M101 Pro tương thích rộng với các máy Android chân Type C và cho Iphone 15 Ipad Chân Type C  - Hàng chính hãng
Thiet Bi Kts Phu Kien So,Tai Nghe Bluetooth Cao Cấp EQ2 5.3 Pin 7h Âm Thanh Sống Động Bass căng - Hàng Chính Hãng
Thiet Bi Kts Phu Kien So,Bàn phím Bluetooth đa thiết bị Logitech Pebble Keys 2 K380s - Hàng chính hãng
Thiet Bi Kts Phu Kien So,Chuột không dây Logitech MX Anywhere 3S Wireless/ Bluetooth - Hàng chính hãng
Thiet Bi Kts Phu Kien So,Tai nghe chụp tai Bluetooth Sony WH-CH520 - Hàng chính hãng
Thiet Bi Kts Phu Kien So,Miếng Lót Chuột FIRO MXL800 EXTENDED - Tấm Lót Chuột Cỡ Lớn 2 Mặt 80cmx40cm - Chất Liệu Da PU Cao Cấp - Tấm Lót Chuột Và Bàn Phím Chơi Game - Tấm Trải Bàn Làm Việc - Hàng Chính Hãng FIRO
Thiet Bi Kts Phu Kien So,"Thẻ Nhớ Mirco SD Hikvision 128G/64G/32Gb 92MB/s Chuyên Ghi Hình Cho Camera, Máy Ảnh và Điện Thoại - Hàng Chính Hãng"
Thiet Bi Kts Phu Kien So,Tai Nghe Bluetooth Nhét Tai Không Dây FIRO A20 - Tai Nghe Bluetooth ENC Giảm Tiếng Ồn Thông Minh - Tai Nghe FIRO A20 Bluetooth 5.3 - Công Nghệ Kháng Nước IPX5 - Tai Nghe Không Dây FIRO A20 - Phù Hợp Với Tất Cả Dòng Máy - Hàng Chính Hãng
Thiet Bi Kts Phu Kien So,"Túi Đựng Bảo Vệ Điện Thoại , Linh Kiện Điện Thoại Chống Sốc PaKaSa - Chính Hãng"
Thiet Bi Kts Phu Kien So,"Chuột công thái học không dây Logitech Lift Vertical - Bluetooth|USB Logi Bolt, Silent giảm ồn, 4 nút tùy chỉnh, tương thích với Windows/macOS/iPad/PC - Hàng chính hãng"
Thiet Bi Kts Phu Kien So,"Chuột Không Dây PIX-LINK P103A Pin Sạc USB 2.4GHz DPI 1600, Không Tiếng Ồn Sử Dụng Cho PC, Laptop, Tivi Hàng Chính Hãng"
Thiet Bi Kts Phu Kien So,Headphone Tai Nghe Chụp Tai bluetooth Rockspace O2 kết nối không dây có mic nghe nhạc liên tục 15h - Hàng chính hãng bảo hành 12 tháng
Thiet Bi Kts Phu Kien So,Cáp sạc nhanh siêu bền IP 20W Baseus Superior Series Fast Charging Data Cable Type-C to iP PD (480Mbps)-Hỗ trợ sạc nhanh PD 20W trên iPhone 12 / PD 18W trên iP11/ iP XS Max- Hàng chính hãng
Thiet Bi Kts Phu Kien So,Apple AirTag - 4 Pack
Thiet Bi Kts Phu Kien So,Adapter Sạc 1 Cổng USB Type-C 20W Apple
Thiet Bi Kts Phu Kien So,Cáp sạc nhanh PD20W truyền dữ liệu Baseus Metal Data Type-C sang iPhone ( 2 size ) - Hàng chính hãng
Thiet Bi Kts Phu Kien So,Kính Cường Lực KingKong 9D Trong Suốt Dành Cho iPhone - Full Hộp Sắt Cao Cấp - Dán Full Màn - Hàng Chính Hãng
Thiet Bi Kts Phu Kien So,Đầu đọc thẻ nhớ 2.0 Hoco HB20 Mindful - hỗ trợ khe microSD/SD (Hàng chính hãng)
Thiet Bi Kts Phu Kien So,Giá đỡ điện thoại ô tô khóa cảm biến tự động đóng mở cho xe hơi hiệu Baseus Gravity Car Mount  dạng kẹp thông gió cho xe hơi / ô tô - Hàng nhập khẩu
Thiet Bi Kts Phu Kien So,"Giá đỡ kẹp điện thoại cho xe máy/ xe mô tô C2 - Chống trộm, chống rung lắc, dễ dàng lắp đặt - Hàng chính hãng"
Thiet Bi Kts Phu Kien So,"Chuột Không Dây Kiểu Đứng HXSJ T24X, Chống Mỏi Tay 2400DPI - Hàng chính hãng"
Thiet Bi Kts Phu Kien So,"Cáp sạc nhanh, truyền dữ liệu tốc độ cao Baseus Cafule Type C cho Samsung S8/S9/ Note8/ Note9/ Xiaomi/ Huawei/ Oppo/Nokia ( 3A, Sạc nhanh Quick charge 3.0, Siêu bền)- Hàng nhập khẩu"
Thiet Bi Kts Phu Kien So,Cáp Chuyển Đổi Ugreen HDMI Sang DVI Sợi Tròn 11150 1.5m - Hàng Chính Hãng
Thiet Bi Kts Phu Kien So,Bàn phím có dây Logitech K120 - Hàng chính hãng
Thiet Bi Kts Phu Kien So,"Combo chuột phím không dây Logitech MK240 - nhỏ gọn, 1 đầu thu USB, không dây 10m, pin lâu vượt trội - Màu"
Thiet Bi Kts Phu Kien So,Ốp dẻo trong phong cách mới dành cho iPhone 17 / 17 Air / 17 Pro / 17 Pro Max - Hàng chính hãng
Thiet Bi Kts Phu Kien So,Cáp sạc nhanh Type C to Type C Anker Zolo 240W - A8060 (Hàng Chính Hãng)
Thiet Bi Kts Phu Kien So,"Bao Da Bò Non Dành Cho SamSung Galaxy A17 , A07 , A56 A36 A26 A16 Chính Hãng Forwenw Có Ngăn Đựng Tiền và Thẻ - Hàng chính hãng"
Thiet Bi Kts Phu Kien So,"Ốp lưng silicon case cho iPhone 13 Mini chống bám bẩn mặt lưng siêu mềm mịn, có gờ bảo vệ camera - hàng nhập khẩu"
Thiet Bi Kts Phu Kien So,"Ốp Kính Cường Lực Color cho Apple Watch Series 4/5/6/7/8/9/SE1,2 Size 40/41/44/45m - Hàng Chính Hãng"
Thiet Bi Kts Phu Kien So,Miếng Dán Cường Lực Kèm Khung Dán UNIQ OPTIX CLEAR cho iPhone 16 / iPhone 16 Plus/ iPhone 16 Pro/ iPhone 16 ProMax/ iphone 17/ 17 air/ 17 pro/ 17 pro max_ Hàng chính hãng
Thiet Bi Kts Phu Kien So,Dây Đeo Silicone Color cho Samsung Galaxy Watch Ultra - Hàng Chính Hãng
Thiet Bi Kts Phu Kien So,Cáp sạc nhanh Baseus Silky Series Fast Charging Cable Type-C to iP 20W- Hàng chính hãng
Thiet Bi Kts Phu Kien So,Dây đeo Silicone Sporty thay thế cho Xiaomi Mi Band 8 / Xiaomi Mi Band 9 / Xiaomi Mi Band 10 - Hàng Chính Hãng
Thiet Bi Kts Phu Kien So,"Ốp lưng silicon case cho iPhone Xs Max chống bám bẩn mặt lưng siêu mềm mịn, có gờ bảo vệ camera - hàng nhập khẩu"
Thiet Bi Kts Phu Kien So,Chuột Không Dây Logitech M171 - Hàng Chính Hãng
Thiet Bi Kts Phu Kien So,"Giá đỡ laptop di động GL1x01 đế tản nhiệt cho Laptop, kê laptop Mac tiện lợi - Hàng chính hãng"
Thiet Bi Kts Phu Kien So,Dây sạc Cáp sạc Từ tính Đồng hồ Thông minh TK S9 CD99 S16 hình tròn 2 - 4 lõi sạc nhanh Truyền dữ liệu Kết nối máy tính Hàng nhập khẩu
Thiet Bi Kts Phu Kien So,"Bộ Vệ Sinh Laptop Đa Năng 7 in 1 Cao Cấp Vệ Sinh Tai Nghe, Bàn Phím, Điện Thoại, Máy Tính, Màn Hình, Máy ảnh - hàng chính hãng"
Thiet Bi Kts Phu Kien So,Ốp lưng trong suốt chống ố dành cho iPhone 12 / 13 / 14 / 15 / 12 Pro / 12 Pro Max / 13 Pro / 13 Pro Max / 14 Plus / 14 Pro / 14 Pro Max / 15 Plus / 15 Pro / 15 Pro Max - Hàng chính hãng
Thiet Bi Kts Phu Kien So,"Tai Nghe có dây nhét tai M101 Pro 3.5mm âm thanh hay, chống ồn, hỗ trợ mic nghe gọi đầy đủ dây dài 1.2m - Hàng Chính Hãng"
Thiet Bi Kts Phu Kien So,"Tấm Lót Chuột, Thảm Da Trải Bàn Làm Việc, Miếng Lót Chuột Cỡ Lớn 80cm x 40cm - Pad Chuột Da Trải Bàn Làm Việc Chống Nước Dùng Được Hai Mặt - Hàng Chính Hãng"
Thiet Bi Kts Phu Kien So,"Dây Cáp HDMI 2.1 8K 4K Dài 5M CHOETECH XHH-TP21 Tương Thích Với Tivi, Laptop, PC, PlayStation - Hàng Chính Hãng"
Thiet Bi Kts Phu Kien So,"Bao da dạng ví dành cho iPhone 14, 14 Pro, 14 Plus, 14 Pro Max hiệu Forwenw - Hàng nhập khẩu"
Thiet Bi Kts Phu Kien So,"Power Adapter - Củ Sạc Cho Điện Thoại Android, IOS"
Thiet Bi Kts Phu Kien So,Bàn phím có dây Tiếng Hoa eMaster EKD25C - Hàng chính hãng
Thiet Bi Kts Phu Kien So,"Giá Đỡ Tản Nhiệt Dành Cho Macbook, Laptop Từ 9 Đến 17 Inch Khung Nhôm Cao Cấp CHOETECH H033 - Hàng Chính Hãng"
Thiet Bi Kts Phu Kien So,Ốp Lưng Nillkin Super Frosted Shield Pro dành cho iPhone 13 / 13 Pro / 13 Pro Max - Hàng Nhập Khẩu
Thiet Bi Kts Phu Kien So,Dây Cáp DisplayPort 2 Đầu Đực Dài 2M 1.2 Phân Giải 8K 60hz Tốc Độ 32.4Gbps CHOETECH XDD01 - Hàng Chính Hãng
Thiet Bi Kts Phu Kien So,Ốp trong suốt chống sốc viền dẻo lưng cứng dành cho iPhone 13/ 13 Pro/ 13 Pro Max hiêu Nillkin Nature Pro - Hàng chính hãng
Thiet Bi Kts Phu Kien So,"Bao da bò non dạng ví hãng Greencase dành cho iPhone 7/8/SE 2020, iPhone 7 Plus/8 Plus - Hàng chính hãng"
Thiet Bi Kts Phu Kien So,Ốp lưng da kính cao cấp dành cho iPhone 12 Mini / 12 / 12 Pro / 12 Pro Max - Hàng chính hãng
Thiet Bi Kts Phu Kien So,"Cáp chuyển đổi Type c to HDMI, VGA 4in1 cao cấp dùng cho Macbook, Dell XPS, Hp Envy, Samsung DEX"
Thiet Bi Kts Phu Kien So,Chân Đế Đỡ Laptop Nillkin Bolster Portable Stand cho Laptop Macbook / Laptop Surface / Laptop Asus / Laptop HP / Laptop Dell / Laptop Lenovo / Laptop LG / Laptop Acer / Laptop MSI - Hàng Nhập Khẩu
Thiet Bi Kts Phu Kien So,"Chuột Bluetooth, Chuột Không Dây HXSJ T23, Chuột Không Dây Bluetooth T23 - Hàng chính hãng"
Thiet Bi Kts Phu Kien So,Dây cáp nối dài 3.5mm đầu đực sang 3.5mm đầu cái mạ vàng dài 1.5m UGREEN AV118 10593 - Hàng Chính Hãng
Thiet Bi Kts Phu Kien So,"Chuột game không dây Lightspeed Logitech G304 - Cảm biến Hero, 12k DPI, nhẹ, 6 nút lập trình, on-board memory, pin 250h - Hàng chính hãng"
Thiet Bi Kts Phu Kien So,Bàn phím game có dây Logitech G213 Prodigy RGB Lightsync - Hàng chính hãng
Thiet Bi Kts Phu Kien So,Hub 4 Cổng USB 3.0 Ugreen 20291 1m - Hàng Chính Hãng
Thiet Bi Kts Phu Kien So,"Gậy Tripod chụp ảnh tự sướng Selfie 3 chân gấp gọn 30cm, kéo dài 1M7 điều khiển từ xa có đèn Tripod chụp ảnh livestream - Hàng nhập khẩu"
Thiet Bi Kts Phu Kien So,"Giá đỡ điện thoại từ tính Magnetic nam châm hút chân không xoay 360 độ cho xe hơi ô tô, bàn làm việc, phòng tắm hiệu Hotcase Airlock Pro Cho iPhone cho Samsung điện thoại - Hàng nhập khẩu"
Thiet Bi Kts Phu Kien So,Củ Sạc Nhanh Cho Iphone Hoco C80/C80Plus/CS13/CS13A - Hỗ trợ sạc nhanh 20W PD QC3.0 - Hàng Chính Hãng
Thiet Bi Kts Phu Kien So,Kẹp Điện Thoại Gấp Gọn Mini Đa Năng RiBi - Giá Đỡ Kẹp Bàn Xoay 360° Tiện Lợi Du Lịch - Hàng Chính Hãng
Thiet Bi Kts Phu Kien So,"Lót chuột HXSJ cao su siêu bền, siêu nhẹ - hàng chính hãng"
Thiet Bi Kts Phu Kien So,Chuột không dây Bluetooth HXSJ M103 wireless tự sạc pin siêu mỏng không gây tiếng ồn cho laptop MCBook PC Tablet PAD-Hàng Chính Hãng
Thiet Bi Kts Phu Kien So,Bộ dây và củ sạc nhanh sam sung 25w type C - Hàng chính hãng
Thiet Bi Kts Phu Kien So,Dây đeo Silicone thay thế cho Xiaomi Mi Band 8 / Xiaomi Mi Band 9 / Xiaomi Mi Band 10 - Hàng Chính Hãng
Thiet Bi Kts Phu Kien So,"Tai nghe super bass kèm mic livestream RIBI KT02 - Thiết kế đeo vòng qua tai - Phù hợp nghe nhạc, chơi game, ghi âm, học online - Hàng chính hãng"
Thiet Bi Kts Phu Kien So,"Tai nghe cho Iphone chân dẹt cao cấp Hoco. M111 Max/Pro hỗ trợ nghe gọi mic đầy đủ, cắm dùng trực tiếp không cần kết nối bluetooth - Hàng chính hãng"
Thiet Bi Kts Phu Kien So,Ốp lưng cứng chống ố sạc từ tính dành cho iPhone 12 / 13 / 14 / 15 / 16 / 12 Pro / 12 Pro Max / 13 Pro / 13 Pro Max / 14 Plus / 14 Pro / 14 Pro Max / 15 Plus / 15 Pro / 15 Pro Max / 16 Plus / 16 Pro / 16 Pro Max - Hàng chính hãng
Thiet Bi Kts Phu Kien So,"Dây Sạc nhanh cho Iphone PD 20W Type C to IP Hoco X14 dây dù chống đứt chống rối siêu bền, truyền dữ liệu dài 1M/2M/3M - Hàng Chính Hãng"
Thiet Bi Kts Phu Kien So,Chuột Bluetooth Logitech Pebble Mouse 2 M350s - Hàng chính hãng
Thiet Bi Kts Phu Kien So,Chuột không dây M185 Logitech Wireless - Hàng Chính Hãng
Thiet Bi Kts Phu Kien So,Kính Thực Tế Ảo VR Shinecon SC-G13 Cho Điện Thoại  4.7-7.2 Inch - Hàng Chính Hãng
Thiet Bi Kts Phu Kien So,LOA GỖ BLUETOOTH XM 520 - ÂM THANH CỰC HAY - JL - HÀNG CHÍNH HÃNG
Thiet Bi Kts Phu Kien So,Ốp lưng dẻo cho iPhone 8 / SE 2020 / 8 Plus / X / XS / XR / XS Max / 11 / 11 Pro / 11 Pro Max / 12 / 12 Pro / 12 Pro Max / 12 Mini / 13 / 13 Pro / 13 Pro Max / 13 Mini / 14 / 14 Pro / 14 Pro Max / 14 Max -Hàng chính hãng-Photodesign VN
Thiet Bi Kts Phu Kien So,Chuột Không Dây Sạc Pin 2.4GHz PIX-LINK P1 Siêu Mỏng Không Gây Tiếng Ồn Sạc 1 Lần Dùng 1 Tuần Cho Laptop Macbook PC Tivi - Hàng Chính Hãng
Thiet Bi Kts Phu Kien So,Chuột Không Dây GX9 - Bluetooth + Wireless 2.4G  - Pin sạc  - Chống ồn - hàng nhập khẩu
Thiet Bi Kts Phu Kien So,Giá đỡ điện thoại dán tường khi sạc MW5 kiêm khay đựng remote ( Màu ngẫu nhiên) Hàng chính hãng
Thiet Bi Kts Phu Kien So,"SIM 4G VINAPHONE 500GB/THÁNG - U1500 KHÔNG GIỚI HẠN DATA ( CÓ 500Gb/tháng tốc độ 4G, hết vẫn tiếp tục dùng KHÔNG GIỚI HẠN DUNG LƯỢNG với tốc độ cao 5Mbps) - Hàng chính hãng"
Thiet Bi Kts Phu Kien So,Tai nghe có dây nhét tai Rockspace ES07 chuẩn cắm 3.5 có mic chơi game nghe nhạc - Hàng chính hãng bảo hành 1 năm
Thiet Bi Kts Phu Kien So,"Cáp sạc nhanh PD20W chân Type-C sang iphone, ipad dây dù chống đứt truyền dữ liệu nhanh cho iPhone dài 1M OLAPLE - Hàng chính hãng"
Thiet Bi Kts Phu Kien So,"Cường Lực Chống Nhìn Trộm KingKong Dành Cho iPhone X-XS, XS Max, iPhone 11, 11Pro, 11ProMax, iPhone 12, 12Mini, 12Pro, 12Pro Max, iPhone 13, 13Mini, 13Pro, 13Pro Max - Dán Full Màn - Hàng Chính Hãng"
Thiet Bi Kts Phu Kien So,Cáp sạc nhanh 2.4A Baseus Cafule dây bện chống gập đồng bộ data nhanh chóng dành cho iPhone dài 100CM ( nhiều màu ) - Hàng chính hãng
Thiet Bi Kts Phu Kien So,Dây Cáp Nối Dài USB 3.0 Dài 2M CHOETECH XAA001-BK - Hàng Chính Hãng
Thiet Bi Kts Phu Kien So,"Giá Đỡ Laptop Hợp Kim Nhôm Cao Cấp Có Thể Gấp Gọn - Đế Tản Nhiệt Laptop - Macbook, Máy Tính Xách Tay - 07 Vị Trí Điều Chỉnh Góc Độ - Hàng Chính Hãng - VinBuy"
Thiet Bi Kts Phu Kien So,"Máy trợ giảng không dây SHIDU kết nối bằng tần số cao cấp, mic trợ giảng cho giáo viên và hướng dẫn viên du lịch, loa trợ giảng cài áo tiện lợi, Hàng nhập khẩu"
Thiet Bi Kts Phu Kien So,"Combo chuột phím không dây Logitech MK295 Silent - Chống ồn 90%, có phím số, mắt đọc cải tiến, bền bỉ, không lag - Hàng chính hãng"
Thiet Bi Kts Phu Kien So,"Dây sạc Cáp sạc Nam châm Đồng hồ Thông minh Q12, Q16, Q19, Q100, TD26, A28, DS60, DS66, Y95, D06, DF39 Hàng nhập khẩu"
Thiet Bi Kts Phu Kien So,Baseus LV119-A01 Đầu Chuyển USB Type A Sang USB Type C Tốc Độ Cao Baseus | Chính hãng Baseus
Thiet Bi Kts Phu Kien So,Tấm Lót Chuột Cơ Bản Bo Viền Loại Tốt
Thiet Bi Kts Phu Kien So,Bộ Bàn Phím Và Chuột Không Dây Logitech MK235 - Hàng chính hãng
Thiet Bi Kts Phu Kien So,"Chuột không dây Logitech B175 - đầu thu USB 2.4Ghz, pin 1 năm, nhỏ gọn, thiết kế thuận cả 2 tay, phù hợp PC/ Laptop - Hàng chính hãng"
Thiet Bi Kts Phu Kien So,Thiết Bị Trình Chiếu Logitech R400 - Hàng Chính Hãng
Thiet Bi Kts Phu Kien So,Chuột Không Dây Logitech M331 Silent
Thiet Bi Kts Phu Kien So,Thẻ Nhớ MicroSDXC Samsung Pro Ultimate U3 A2 128GB 200MB/s With SD Adapter MB-MY128SA/WW - Hàng Chính Hãng
Thiet Bi Kts Phu Kien So,Bao Case Ốp Silicone Color cho Airpods Pro 3 (2025) - Hàng Chính Hãng
Thiet Bi Kts Phu Kien So,Cặp Nút Đệm Tai Nghe Silicone Thay Thế Cho Samsung Galaxy Buds 3 Pro / Buds 3 FE / Buds 4 Pro - Hàng Chính Hãng
Thiet Bi Kts Phu Kien So,Dây đeo Silicone cho Redmi Watch 6 / Redmi Watch 5/4 / Xiaomi Mi Band 8 Pro / Xiaomi Mi Band 9 Pro  - Hàng Chính Hãng
Thiet Bi Kts Phu Kien So,Miếng lót chuột kê tay chất liệu cao su (không xốp) Ugreen 25244 (xám) /25245 (Đen)- Hàng chính hãng
Thiet Bi Kts Phu Kien So,Chuột Gaming Có Dây Newmen Game G10+ Hàng Chính Hãng
Thiet Bi Kts Phu Kien So,Bao Case Ốp Bảo vệ Silicone cho Airpods 4 (2024) - Hàng Chính Hãng
Thiet Bi Kts Phu Kien So,"Dây Cao Su Colorful cho Garmin Vivo Venu / Galaxy Watch 4,5,6,7,5Pro / Galaxy Watch Classic 4,6 / Huawei Watch GT 1,2,3,4,5 Size 20mm/22mm - Hàng Chính Hãng"
Thiet Bi Kts Phu Kien So,Kẹp Giữ Dây Sạc Silicone Cố Định Chống Rối Dây Điện Hamart Keo Acrylic Siêu Dính Tường Tiện lợi - Hàng Nhập Khẩu
Thiet Bi Kts Phu Kien So,Đệm thay thế tai nghe Headphone Tai nghe bluetooth chụp tai Rockspace O2 - Hàng chính hãng
Thiet Bi Kts Phu Kien So,Hub chuyển đổi USB Type-C Sang USB 3.0/HDMI/Type C - Hub chuyển đổi 3in1 RiBi - Hàng Chính Hãng
Thiet Bi Kts Phu Kien So,Headphone Tai nghe bluetooth chụp tai không dây chống ồn chủ động ANC ROCKSPACE O3 có mic nghe nhạc 15h hàng chính hãng
Thiet Bi Kts Phu Kien So,Ốp lưng chống sốc lưng trong dành cho iPhone 15 / 15 Plus / 15 Pro / 15 Pro Max - Hàng chính hãng
Thiet Bi Kts Phu Kien So,Loa Bluetooth Sony SRS-XB100 - Hàng chính hãng
Thiet Bi Kts Phu Kien So,"Thẻ Nhớ Micro SD Hikvision 128G-64GB-32G chuẩn Class 10, Thẻ nhớ camera, Thẻ nhớ điện thoại - hàng chính hãng"
Thiet Bi Kts Phu Kien So,Giá Đỡ Điện Thoại Cao Cấp RIBI - Xoay 360 độ - Tăng Giảm Chiều Cao - Có Thể Gấp Gọn - Hàng Chính Hãng
Thiet Bi Kts Phu Kien So,"Dây Đeo Dành Cho Đồng Hồ Thông Minh Garmin Quickfit, Kai.N Garmin Sport Armor Band - Hàng Chính Hãng"
Thiet Bi Kts Phu Kien So,"Dây Cáp Sạc Type-C to C 100W Dài 2M CHOETECH XCC-1027 Sạc Nhanh Dành Cho Macbook, Laptop, Smartphone, Tablet - Hàng Chính Hãng"
Thiet Bi Kts Phu Kien So,Dây Đeo Thay Thế Viền Dành Cho Vòng Đeo Tay Thông Minh Xiaomi Mi Band 5/ Miband 6 - Hàng chính hãng
Thiet Bi Kts Phu Kien So,Tai nghe không dây SONY WI-C100 - Hàng chính hãng
Thiet Bi Kts Phu Kien So,Chuột không dây Bluetooth Logitech MX Master 3s - Hàng Chính Hãng
Thiet Bi Kts Phu Kien So,"Chuột Không Dây PIX-LINK P100 Wireless 2.4Ghz Sạc Pin, Chống Ồn, DPI1600 Dùng Cho Máy Tính, Laptop, Tivi-Hàng Chính Hãng"
Thiet Bi Kts Phu Kien So,"Chuột bluetooth PIXLINK P103BL 2 chế độ sạc pin siêu mỏng không gây tiếng ồn chuyên dùng cho Máy tính, pc, Laptop, Tivi Hàng Chính Hãng"
Thiet Bi Kts Phu Kien So,Chuột không dây Logitech M331 SILENT-Hàng chính hãng
Thiet Bi Kts Phu Kien So,Dây cáp sạc chính hãng Remax RC-124i hỗ trợ sạc nhanh
Thiet Bi Kts Phu Kien So,"Chuột không dây Bluetooth, chuột máy tính HXSJ M107B chống ồn, DPI 1600, chế độ kép wireless usb 2.4Ghz, bluetooth chuyên dùng cho laptop, máy tính, tivi - Hàng chính hãng"
Thiet Bi Kts Phu Kien So,Adapter Sạc Anker 1 cổng 65W Hỗ Trợ Sạc Nhanh PIQ 3.0 PowerPort III Pod Lite - A2718 - Hàng chính hãng
Thiet Bi Kts Phu Kien So,Adapter sạc Anker 4 cổng 63W / 45W GaN + PIQ 3.0 PowerPort Atom III Slim Tích Hợp USB Type-C - A2046 - Hàng chính hãng - Đen
Thiet Bi Kts Phu Kien So,Dây Cáp Sạc Điện Thoại USB to USB Type C 30W Dài 0.5M Đến 2M CHOETECH AC0001/AC0002/AC0003 - Hàng Chính Hãng
Thiet Bi Kts Phu Kien So,Bút cảm ứng Baseus chính hãng 2 in 1 - đen
Thiet Bi Kts Phu Kien So,Bộ Bàn Phím Và Chuột Logitech MK220 Không Dây - Hàng chính hãng
Thiet Bi Kts Phu Kien So,Củ sạc nhanh Anker Zolo A2699 1 cổng Type-C 20W IQ 3.0 - Hàng Chính Hãng
Thiet Bi Kts Phu Kien So,Dây đeo Silicone Ocean cho Huawei Watch Fit 3 / Huawei Watch Fit 4 / Huawei Watch Fit 4 Pro - Hàng Chính Hãng
Thiet Bi Kts Phu Kien So,Nút tai chống ồn có dây Conicfir050 29 dB hàng nhập khẩu chính hãng
Thiet Bi Kts Phu Kien So,"Bao Da Bò Non Dành Cho SamSung Galaxy A17, A07 , A16 , A26 , A36 , A56  -Chính Hãng Forwenw Có Ngăn Đựng Tiền và Thẻ - Hàng Nhập Khẩu"
Thiet Bi Kts Phu Kien So,"Dây đeo da cho đồng hồ thông minh Xiaomi Redmi Watch 3 Active, Lite / Redmi Watch 5 Lite, Active - Dây đeo smartwatch - Hàng chính hãng"
Thiet Bi Kts Phu Kien So,Dây Cao Su Cho Xiaomi Redmi Watch 5 Lite / Redmi Watch 5 Active / Huawei Watch / Smartwatch Size 22mm - Hàng Chính Hãng
Thiet Bi Kts Phu Kien So,"Thiết bị định vị toàn cầu GPS S2 Tag giúp định vị theo dõi vị trí chìa khóa, vật dụng, xe cộ, thú cưng mọt cách chính xác, có âm thanh cảnh báo - Hàng chính hãng/Hàng nhập khẩu"
Thiet Bi Kts Phu Kien So,Tai nghe có dây nhét tai Rockspace ES06 kết nối bluetooth dành cho IP - Hàng chính hãng bảo hành 12 tháng
Thiet Bi Kts Phu Kien So,Dây cáp sạc nhanh cho Samsung Galaxy Watch 3 / 4 / 5 / 5 Pro / 6 / 6 Classic / 7 / Fe / Ultra / Active 1 / 2 - Hàng Nhập Khẩu
Thiet Bi Kts Phu Kien So,Giá Đỡ Điện Thoại Trên Ô Tô Kẹp Gắn Cửa Khe Gió Điều Hoà Xoay 360 Nhỏ Gọn Tiện Lợi - Hàng Nhập Khẩu
Thiet Bi Kts Phu Kien So,"Đài Radio FM Bluetooth-Năng Lượng Mặt trời, FePe Model FP-2382-S-Hàng Chính Hãng BH:12Thang"
Thiet Bi Kts Phu Kien So,Ốp dẻo mỏng dành cho iPhone 15 / 15 Plus / 15 Pro / 15 Pro Max - Hàng chính hãng
Thiet Bi Kts Phu Kien So,"Cáp sạc thay thế cho các dòng đồng hồ Garmin Fenix 7, Fenix 6, Fenix 5, Forerunner 955, 945, 935, 245, 265, 255, 45, 645, Instinct, Viviactive 3, Venu/ Garmin Epix Gen 2- Hàng Chính Hãng"
Thiet Bi Kts Phu Kien So,Đồng hồ Thông minh Trẻ em Gọi Video Chống nước Định vị Wifi Model AMA Watch DH11 Hàng nhập khẩu
Thiet Bi Kts Phu Kien So,"Củ sạc nhanh hoco. C80A – Hàng Chính Hãng 2 cổng ( USB + Type- C ) 3.1A, PD 20W, Q.C 3.0 hỗ trợ sạc nhanh cho điện thoại"
Thiet Bi Kts Phu Kien So,Ốp lưng da phong cách mới dành cho iPhone 11 / 12 / 13 / 14 / 11 Pro / 11 Pro Max / 12 Pro / 12 Pro Max / 13 Pro / 13 Pro Max / 14 Plus / 14 Pro / 14 Pro Max - Hàng chính hãng
Thiet Bi Kts Phu Kien So,Ốp lưng dành cho iPhone 14 / 14 Max / 14 Pro / 14 Pro Max - Hàng chính hãng
Thiet Bi Kts Phu Kien So,"Chuột game có dây Logitech G203 Lightsync - Tùy chỉnh RGB, 6 nút lập trình, nhẹ, 8000 DPI, PC/Mac - Hàng chính hãng"
Thiet Bi Kts Phu Kien So,"product Ốp lưng dẻo silicon cho iPhone 12 Pro Max hiệu Ultra Thin (siêu mỏng 0.6mm, chống trầy, chống bụi) - Hàng nhập khẩu"
Thiet Bi Kts Phu Kien So,Cáp sạc nhanh dành cho iphone HOCO x26 -Hàng Chính Hãng
Thiet Bi Kts Phu Kien So,"Loa Máy Tính Doron V-196 - Âm Thanh Siêu Trầm 4D, Bass Êm - Hàng Chính Hãng"
Thiet Bi Kts Phu Kien So,Ốp lưng chống sốc lưng trong cao cấp dành cho iPhone 12 / 12 Pro / 12 Pro Max / 12 Mini - Hàng chính hãng
Thiet Bi Kts Phu Kien So,Dây Cáp Chuyển Đổi USB Type C To HDMI 4K 60Hz Dài 1.8M CHOETECH CH0019 - Hàng Chính Hãng
Thiet Bi Kts Phu Kien So,Bao Da Case Cover Dành Cho iPad Mini 5/ iPad Pro 11 inch/ iPad Air 3 / iPad Pro 3/ iPad Air 4 / iPad 7/8 / iPad Pro 12.9 inch - Hàng Chính Hãng
Thiet Bi Kts Phu Kien So,Bàn Phím Số Máy Tính (Giúp Cho Công Việc Được Thuận Lợi Và Nhanh Chóng)
Thiet Bi Kts Phu Kien So,Bộ Chia Máy In 1 Ra 2
Thiet Bi Kts Phu Kien So,Kính cường lực cho Apple iPhone 11 6.1 Nillkin Amazing XD CP+ Max full màn hình - Hàng chính hãng
Thiet Bi Kts Phu Kien So,Đế Sạc Nhanh Không Dây CHOETECH T511S 10W - Hàng Chính Hãng
Thiet Bi Kts Phu Kien So,Bao Da Ipad Pro 9.7inch Smart Case SMARTCASEPRO2-NA - Xanh Đen - Hàng Nhập Khẩu
Thiet Bi Kts Phu Kien So,Tai nghe nhét tai Fruit Reet MC125 có hộp SIÊU Cute -Hàng chính hãng
Thiet Bi Kts Phu Kien So,"Pin Dự Phòng USAMS CD249 10000mAh/20000mAh 20W (Digital LED Display, USB + 2*Type-C Port) - Hàng Chính Hãng"
Thiet Bi Kts Phu Kien So,Ốp lưng cho iPhone 17 Pro Max /17 Pro / 17 Air / 17 - hiệu Nillkin Frosted Shield Pro chống sống chống vân tay - Hàng chính hãng
Thiet Bi Kts Phu Kien So,"Loa Bluetooth Chữ G LED RGB, Sạc Nhanh Không Dây, Đèn Nháy Theo Nhạc, Đồng Hồ Báo Giờ Đa Chức Năng - HÀNG CHÍNH HÃNG MINIIN"
Thiet Bi Kts Phu Kien So,Máy trợ giảng không đây Aporo  T20 UHF2.4G hàng chính hãng cho giáo viên
Thiet Bi Kts Phu Kien So,"Ốp lưng chống sốc cho iPhone 16 / 16 Plus / 16 Pro / 16 Pro Max hiệu Xundd Fitted Armor Case trang bị túi khí bảo vệ góc, gờ bảo vệ camera - Hàng nhập khẩu"
Thiet Bi Kts Phu Kien So,"Mic thu âm cài áo không dây K9 thu âm to rõ, lọc ồn tốt, micro phục vụ quay vlog, livestream, youtube, tiktok - Hàng nhập khẩu"
Thiet Bi Kts Phu Kien So,Apple Pencil Pro - MX2D3ZP/A
Thiet Bi Kts Phu Kien So,Miếng Lót Chuột Kai Hình Chữ Nhật Siêu Dễ thương Nhiều Mẫu Mới_ Hàng Chính Hãng
Thiet Bi Kts Phu Kien So,Bao da dạng ví cài thẻ dành cho iPhone 11 Pro Max / 12 Pro Max / 13 Pro Max lưng đen mềm - Hàng chính hãng
Thiet Bi Kts Phu Kien So,Thẻ nhớ micro SDHC / SDXC Team upto 100MB/s 500x kèm Adapter - Hàng chính hãng
Thiet Bi Kts Phu Kien So,Ốp lưng da có chống đứng dành cho iPhone 15 / 15 Plus / 15 Pro / 15 Pro Max - Hàng chính hãng
Thiet Bi Kts Phu Kien So,"Dây nguồn nối dài 1.8m dùng cho củ sạc Macbook, Iphone, Ipad QUATECH - Hàng nhập khẩu "
Thiet Bi Kts Phu Kien So,Tai nghe Bluetooth True Wireless Sony WF-1000XM5 - Hàng Chính Hãng
Thiet Bi Kts Phu Kien So,Ốp lưng dành cho iPhone 13 Pro Max Likgus trong viền màu xanh- Hàng chính hãng
Thiet Bi Kts Phu Kien So,Thẻ Nhớ SanDisk 256G-32G-64G-128GB MicroSD Ultra Class 10  - Hàng Chính Hãng
Thiet Bi Kts Phu Kien So,"Miếng Lót Chuột Da Kai.N Mouse Pad Leather, Chống Thấm, Da Mềm, Siêu Mịn, Size 270x210mm_ Hàng Chính Hãng"
Thiet Bi Kts Phu Kien So,"Bao da để 2 điện thoại cho Iphone 12 pro max, 13 pro max, 14 pro max da bò thật"
Thiet Bi Kts Phu Kien So,"Ốp lưng dành cho iPad Gen 9, Gen 8 , iPad Mini 4/5, Mini 6, Ipad Pro 11 inch 2020/2021, iPad Air 4/5 10.9 inch, iPad Air 2/iPad 9.7 inch, ipad 12.9  2020/2021 silicon dẻo cao cấp chống sốc 4 góc - hàng nhập khẩu"
Thiet Bi Kts Phu Kien So,Ốp Lưng dành cho iPhone 15 Pro Max/14/14 Plus/14 Pro/14 Pro Max SPIGEN Thin Fit - Hàng Chính Hãng
Thiet Bi Kts Phu Kien So,Kính Cường Lực Kingkong 3D Trong Suốt Cho iPhone - Dán Full Màn - Full Hộp Sắt Cao Cấp - Hàng Chính Hãng
Thiet Bi Kts Phu Kien So,"Kính Cường Lực Kingkong iPhone, Màn Nhám Chống Vân Tay Dành Cho Game Thủ - Full Hộp - Hàng Chính Hãng"
Thiet Bi Kts Phu Kien So,Chuột Không Dây Sạc Điện HXSJ Siêu Mỏng Chống Ồn - HÀNG CHÍNH HÃNG
Thiet Bi Kts Phu Kien So,[Dài 2M] Cáp Sạc Baseus 100W Type-C to Type-C - Hàng Chính Hãng
Thiet Bi Kts Phu Kien So,Tai nghe có dây Sony MDR-EX15AP - Hàng chính hãng
Thiet Bi Kts Phu Kien So,"Lót chuột Logitech Mouse Pad - Đế cao su chống trượt, lướt dễ dàng, bề mặt chống đổ tràn, bền bỉ, nhỏ gọn - Màu"
Thiet Bi Kts Phu Kien So,Bàn phím không dây Bluetooth Logitech MX Keys Mini - Hàng Chính Hãng
Thiet Bi Kts Phu Kien So,"Ốp lưng lụa mỏng dành cho iPhone 13 Pro /13 Pro Max bảo vệ camera, siêu mỏng 0.3 mm - Hàng Chính Hãng"
Thiet Bi Kts Phu Kien So,Bàn phím có dây Logitech K120-Hàng chính hãng
Thiet Bi Kts Phu Kien So,"Tai nghe không dây blueetooth LANITH cao cấp 5.0 TWS F9 – Tai nghe Bluetooth kiểu dáng hiện đại, thời thượng - Hàng nhập khẩu – TA0002"
Thiet Bi Kts Phu Kien So,Chuột Văn Phòng Không Dây Siêu Mỏng Kết Nối USB 2.0 Cho Máy Tính_ Hàng Chính Hãng
Thiet Bi Kts Phu Kien So,"Bộ sạc nhanh 20W USB Type C Baseus Super SI Quick Charger QC3.0 cho iPhone 12 (1C, 20W, Chân dẹt) - Hàng chính hãng"
Thiet Bi Kts Phu Kien So,Loa Bluetooth Không Dây Hoco BS33 - Hàng chính Hãng
Thiet Bi Kts Phu Kien So,Cáp chuyển displayport to HDMI 1.5m Unitek Y-5118C - Hàng chính hãng
Thiet Bi Kts Phu Kien So,Bao da Máy tính bảng Samsung Galaxy Tab A11 Plus có khay đựng bút mặt lưng chống nóng máy
Thiet Bi Kts Phu Kien So,"Kính cường lực chống nhìn trộm Nillkin dành cho iPhone 17, iPhone Air, iPhone 17 Pro, iPhone 17 Pro Max kèm khung trợ dán  - Hàng chính hãng"
Thiet Bi Kts Phu Kien So,"Ốp lưng da dành cho iPhone 17, iPhone Air, iPhone 17 Pro, iPhone 17 Pro Max hiệu X-Level – Mỏng 1.5mm, chống sốc, chống vân tay - Hàng Chính Hãng"
Thiet Bi Kts Phu Kien So,"Bao Da Dạng Ví Caseme Cho Samsung Galaxy Z Fold5 – Chống Trộm Thẻ RFID, Nắp Gập Nam Châm, Khe Cắm Thẻ & Tiền, Giá Đỡ Xem Video - Hàng Chính Hãng"
Thiet Bi Kts Phu Kien So,Cáp sạc nhanh siêu bền 2 đầu Type-C Baseus Cafule Metal Series màu tím (100W) không hộp - Hàng nhập khẩu
Thiet Bi Kts Phu Kien So,[Mỹ] Sạc dự phòng Energizer UE4600PQ mini Dung lượng 4600mAh tích hợp đầu sạc TypeC - Hàng chính hãng
Thiet Bi Kts Phu Kien So,"Cáp sạc nhanh siêu bền Type C  20W cho iPhone 12 / iPhone 11 Series (Type-C to Iphone PD 20W/18W Fast charge & 480Mbps Data, TPE Cable) -màu Đỏ hàng nhập khẩu"
Thiet Bi Kts Phu Kien So,Củ Sạc Tẩu Sạc Ô Tô Tổng 60W 1 Cổng Type C 36W Và 1 Cổng USB QC 3.0 24W RAVPower RP-VC009 - Hàng Chính Hãng
Thiet Bi Kts Phu Kien So,Case/ Ốp silicon kiểu bút chì cho Apple Pencil USB-C_ Hàng chính hãng
Thiet Bi Kts Phu Kien So,Loa Bluetooth JBL CLIP 5 JBLCLIP5 - Hàng chính hãng
Thiet Bi Kts Phu Kien So,Webcam Logitech Brio 100 Full HD 1080p - Hàng Chính Hãng
Thiet Bi Kts Phu Kien So,Tai Nghe Nhét Tai Có Dây Rockspace Mula S jack cắm 3.5mm có mic nghe nhạc chơi game - Hàng chính hãng bảo hành 12 tháng 
Thiet Bi Kts Phu Kien So,Bộ Sạc Siêu Nhanh Cho Iphone PD 30W Cao Cấp Hoco. C76 Pro có chip thông minh hỗ trợ sạc nhanh an toàn bảo vệ máy - Hàng Chính Hãng
Thiet Bi Kts Phu Kien So,Giá Đỡ Dành Cho Máy Tính Bảng iPad Tablet Điện Thoại (All size) Hợp Kim Nhôm Nguyên Khối Xoay Chuyển 360 Độ-Nâng Hạ Điều Chỉnh Góc Nhìn Tùy Thích-Gấp Gọn Tiện Lợi-Hàng Chính Hãng
Thiet Bi Kts Phu Kien So,Cáp sạc nhanh Baseus Dynamic Series Type C to IP PD 20W dùng cho iPhon/iPa siêu bền - Hàng chính hãng
Thiet Bi Kts Phu Kien So,Miếng Lót Chuột Có Đệm 3D Mouse Pad Hình Cartoon_ Hàng Chính Hãng
Thiet Bi Kts Phu Kien So,Ốp Lưng Da dành cho iPhone 6 /7 /8 / SE 2020 /7Plus / 8 Plus /X /Xs / Xr /Xs Max Hiệu X-Level Cao Cấp - hàng nhập khẩu
Thiet Bi Kts Phu Kien So,Bao Da Dạng ví Dành Cho SamSung Galaxy A13/ A23/ A33/ A53/ A73 Chính Hãng Forwenw Có Ngăn Đựng Tiền và Thẻ - Hàng Chính Hãng
Thiet Bi Kts Phu Kien So,Dây Đeo Thay Thế Dành Cho Vòng Đeo Tay Thông Minh Xiaomi Mi Band 5/ Miband 6/ Miband 7 Mix Color - Hàng chính hãng
Thiet Bi Kts Phu Kien So,Ốp lưng kéo nắp hỗ trợ sạc từ tính dành cho iPhone 12 / 13 / 14 / 15 / 12 Pro / 12 Pro Max / 13 Mini / 13 Pro / 13 Pro Max / 14 Plus / 14 Pro / 14 Pro Max / 15 Plus / 15 Pro / 15 Pro Max - Hàng chính hãng
Thiet Bi Kts Phu Kien So,"Kính Cường Lực Chống Nhìn Trộm KingKong Dành Cho iPhone 13 Promax, 12 Promax, 11 Promax, Xsmax - Dán Full Màn - Hàng chính hãng"
Thiet Bi Kts Phu Kien So,GIÁ TREO LOA FULL BASS 30 HÀNG CAO CẤP
Thiet Bi Kts Phu Kien So,Lót Chuột Phím Tắt Văn Phòng 80x30cm - Bàn Di Chuột Cỡ Lớn
Thiet Bi Kts Phu Kien So,"Củ sạc nhanh Rockspace T18 dành cho iphone 20W chuẩn PD, cổng ra typeC - Hàng chính hãng "
Thiet Bi Kts Phu Kien So,"Chuột không dây HXSJ M100 wireless 2.4Ghz  sạc pin, chồng ồn, DIP1600 chuyên dùng cho máy tính, laptop, tivi - Hàng chính hãng"
Thiet Bi Kts Phu Kien So,Cáp mạng Cat8 đúc sẵn bọc dù dài 1-5M chính hãng UGREEN NW153 - Hàng chính hãng
Thiet Bi Kts Phu Kien So,Webcam Logitech C270 tích hợp Micro - Hàng Chính Hãng
Thiet Bi Kts Phu Kien So,Dây Nguồn Tròn 3 Chấu Xịn Cho Cục Sạc Laptop
Thiet Bi Kts Phu Kien So,Tai nghe có dây Logitech H540 - Hàng chính hãng
Thiet Bi Kts Phu Kien So,"Dây Đeo Thép Thay Thế Dành Cho Đồng Hồ Samsung Galaxy Watch 4/ 5/ 6/ Galaxy Watch 7, Kai.N Milanese Pro_ Hàng chính hãng"
Thiet Bi Kts Phu Kien So,Kamera Nội Soi 6 LED Cắm Điện Thoại - MáyTính 3in1 Dài 2m Siêu Nét – Hàng Cao Cấp Đa Năng Giá Tốt
Thiet Bi Kts Phu Kien So,Cáp sạc nhanh truyền dữ liệu tốc độ cao Baseus Cafule Ln cho 6/7/8/X/11/12/13 siêu bền 1.5A dài 2m - Hàng nhập khẩu
Thiet Bi Kts Phu Kien So,"Ốp lưng trong suốt siêu mỏng 0.3mm cho Samsung Galaxy S26 Ultra / S25 Ultra / S24 Ultra / S23 Ultra / S22 Ultra hiệu Memumi Slim - Chống ố vàng, ôm sát máy - Hàng chính hãng"
Thiet Bi Kts Phu Kien So,"Dock Sạc Cho Samsung Gear S2, Sport, S3, Galaxy Watch - Hàng Chính Hãng"
Thiet Bi Kts Phu Kien So,Dây Cao Su cho Garmin Epix Pro 42mm/Fenix 8s/7s/6s/5s (20mm) & Garmin Epix Pro 47mm/Fenix 8/7/6/5/935/945 (22mm) & Garmin Epix Pro 51mm/Fenix 8X/7X/6X/5X (26mm) - Hàng Chính Hãng
Thiet Bi Kts Phu Kien So,Ốp TPU Mềm chống va đập cho Xiaomi Mi Band 8 / Xiaomi Mi Band 9 / Xiaomi Mi Band 10 - Hàng Chính Hãng
Thiet Bi Kts Phu Kien So,Ốp lưng dành cho iPhone 13 Pro Max/13 Pro/ 13 Vịt Cute chống sốc bảo vệ camera _ Hàng Chính Hãng
Thiet Bi Kts Phu Kien So,Ốp Lưng Nillkin CamShield Armor Cho iPhone 15 Pro / iPhone 15 Pro Max - Hàng Chính Hãng
Thiet Bi Kts Phu Kien So,"Dây Silicone Thay Thế cho Apple Watch Series 1,2,3,4,5,6,7,8,9,SE2,10 / Apple Watch Ultra 1/2 Size 40/41/42/44/45/46/49mm - Hàng Nhập Khẩu"
Thiet Bi Kts Phu Kien So,"Dây cáp sạc nhanh Type-C to Type-C sạc nhanh 100W, truyền tải dữ liệu dành cho android như samsung, oppo...  - hàng nhập khẩu"
Thiet Bi Kts Phu Kien So,"Ốp lưng cho iPhone 11 / 11 Pro / 11 Pro Max chống sốc trong suốt siêu mỏng 0.88mm hiệu X-Level Sparkling Series độ trong tuyệt đối, chống trầy xước, chống ố vàng, tản nhiệt tốt - hàng nhập khẩu"
Thiet Bi Kts Phu Kien So,"Miếng Lót Chuột Da Kai.N Mouse Pad Leather, Chống Thắm, Da Mềm, Siêu Mịn, Size 270x210mm - Hàng Chính Hãng"
Thiet Bi Kts Phu Kien So,"Case Bao da chống sốc cho iPad Pro 11 2022 Chip M2 / 2021 Chip M1 / 2020 hiệu Mutural Yashi Series mặt lưng canvas  có ngăn đựng bút, thiết kế tản nhiệt, cơ chế smartsleep - hàng nhập khẩu"
Thiet Bi Kts Phu Kien So,Đế nâng laptop hỗ trợ tản nhiệt dạng xếp dán thân máy Nillkin Bolster Plus- Hàng chính hãng
Thiet Bi Kts Phu Kien So,Case Ốp Bảo Vệ Vịt Cute Ducht dành cho AIRPODS 3/ Airpods Pro/ Airpods 1/2- Hàng chính hãng
Thiet Bi Kts Phu Kien So,Cáp chuyển USB type-C sang 2 RCA dài 1.5M Màu Đen Ugreen 20193 CM451 Hành Chính Hãng
Thiet Bi Kts Phu Kien So,Bao da Samsung Galaxy Tab S7 FE EF-BT730 - Hàng chính hãng
Thiet Bi Kts Phu Kien So,"Kính Cường Lực KingKong 9D Full Màn Trong Suốt Dành Cho iPhone 13, 13Mini, 13Pro, 13Pro Max, iPhone 14, 14Plus, 14Pro, 14Pro Max - Full Hộp Sắt Cao Cấp  - Hàng Chính Hãng"
Thiet Bi Kts Phu Kien So,"Tai nghe game không dây Lightspeed Logitech G733 - Headband tùy chỉnh, RGB Lightsync, màn loa Pro-G, Mic Blue Voice - Màu"
Thiet Bi Kts Phu Kien So,Túi chứa bảo vệ điện thoại thông minh và phụ kiện đa năng Ugreen ACC50903LP152 Hàng chính hãng
Thiet Bi Kts Phu Kien So,Bàn phím có dây Dell KB216 USB - Hàng Chính Hãng
Thiet Bi Kts Phu Kien So,"Micro BOYA BY-M1DM Thu Âm To, Tiếng Trong Veo Thích Hợp Cho 2 Người ở Khoảng Cách Xa - Hàng Nhập Khẩu "
Thiet Bi Kts Phu Kien So,Tai nghe có dây Logitech H340 - Hàng chính hãng
Thiet Bi Kts Phu Kien So,Đẳng Cấp Sim Mobifone Đẹp Đuôi Phát Tài 8383 Làm Ăn Thuận Lợi
Thiet Bi Kts Phu Kien So,"Kính Cường Lực Dành Cho iPhone 17, iPhone Air, iPhone 17 Pro, iPhone 17 Pro Max Wi WU GT-008 Trong Suốt, Chống Vân Tay - Hàng Chính Hãng"
Thiet Bi Kts Phu Kien So,"Bao da dạng ví dành cho Samsung Galaxy S25 , S25 Plus , S25 Ultra hiệu Forwenw cao cấp - Hàng chính hãng"
Thiet Bi Kts Phu Kien So,"Dây đeo Vải Dệt Cho Apple Watch Ultra 2/ Ultra/ Apple Watch Series 1-10 , KAI.N Mixture Sport, thoáng khí, chạy bộ_ Hàng Chính Hãng"
Thiet Bi Kts Phu Kien So,Tai Nghe Nhét Tai Bluetooth Chống Nước Sony WI-C100 - hàng chính hãng
Thiet Bi Kts Phu Kien So,Tai nghe Bluetooth True Wireless Anker Soundcore R50i NC A3959 - Hàng chính hãng
Thiet Bi Kts Phu Kien So,Miếng Lót Chuột Mouse Pad Capypara Chuột Lang Nước Kurumi Hoạt Hình Cute Nhiều Size_ Hàng chính hãng
Thiet Bi Kts Phu Kien So,Đài Radio FM WAXIBA XB-521URT  Đài FM 521 Có Hỗ Trợ Thẻ Nhớ TF Và USB Có Đèn Pin . Bảo Hành Lên Đến 6Tháng-Hàng Chính Hãng
Thiet Bi Kts Phu Kien So,"Miếng Tấm Phủ Bàn Phím Laptop 12-13/13-14/15-17 inch Silicon Chống Nước, Chống Bụi Bẩn Chất Lỏng Hàng Chính Hãng"
Thiet Bi Kts Phu Kien So,Cáp sạc nhanh thay thế cho các dòng đồng hồ Garmin cổng Type C- Hàng Chính Hãng
Thiet Bi Kts Phu Kien So,Ốp Lưng cho iPhone 15 / 15 Plus / 15 Pro / 15 Pro Max Nillkin Super Frosted Shield Pro Case - Hàng Chính Hãng
Thiet Bi Kts Phu Kien So,"Tai Nghe Chụp Tai Bluetooth Không Dây Gaming, Tai Nghe Bluetooth Chụp Tai Có Mic Đàm Thoại Tiện Lợi, Tai Nghe Bluetooth Có Đèn LED , Pin Cực Khỏe BluetoothCao Cấp - Hàng Chính Hãng TEEMENT"
Thiet Bi Kts Phu Kien So,"Giá Đỡ Laptop Hợp Kim Nhôm Cao Cấp Gấp Gọn Kèm Túi Đựng, Giúp Tản Nhiệt Laptop, Macbook, Ipad, Máy Tính Xách Tay Vị Trí Điều Chỉnh Nhiều Góc Độ Deli VS780 - Chống Mỏi Cổ, Vai, Gáy - Hàng Chính Hãng"
Thiet Bi Kts Phu Kien So,"Bàn phím không dây HXSJ K610 - Kết nối 2.4G giảm ồn, gọn nhẹ dễ mang đi, phù hợp Mac/ PC/ Laptop/ Điện thoại - Hàng chính hãng"
Thiet Bi Kts Phu Kien So,"Sim 4G Mobifone chuyên data vào mạng, nhiều lựa chọn thời gian sử dụng - Hàng chính hãng"
Thiet Bi Kts Phu Kien So,ĐÀI RADIO Pepe-310BTS Nhật bản  Năng Lượng Mặt Trời Mẫu Mới Nhất-Hàng Chính Hãng
Thiet Bi Kts Phu Kien So,Ốp Lưng ESR Classic Kickstand Case dành cho iPhone 14 / 14 Plus/ 14 Pro / 14 Pro Max- Kèm Kính Cường Lực Màn Hình- Hàng Chính Hãng
Thiet Bi Kts Phu Kien So,Ốp lưng dẻo trong phong cách mới dành cho iPhone 12 / 13 / 14 / 12 Pro / 12 Pro Max / 13 Pro / 13 Pro Max / 13 Mini / 14 / 14 Max / 14 Pro / 14 Pro Max  - Hàng chính hãng
Thiet Bi Kts Phu Kien So,Ốp lưng da cổ điển dành cho iPhone 11 / 12 / 13 / 11 Pro / 12 Pro / 13 Pro / 11 Pro Max / 12 Pro Max / 13 Pro Max / 12 Mini / 13 Mini - Hàng chính hãng
Thiet Bi Kts Phu Kien So,"Dây Đồng Hồ Apple Watch 49mm 46mm 45mm 44mm 42mm, Chất Liệu Da Bê EPSOM Thảo Mộc Cao Cấp, Nhập Khẩu Từ Châu Âu, Dây Đeo Phong Cách Hiện Đại và Sang Trọng, Tương Thích Các Phiên Bản Series Ultra2/Ultra/SE2/SE/10/9/8/7/6/5/4/3/2/1"
Thiet Bi Kts Phu Kien So,"Case, Bao da móc khoá bảo vệ AirTag Lucas - Hàng Chính Hãng"
Thiet Bi Kts Phu Kien So,Bao Da Case Cover Dành Cho iPad Mini 5/ iPad Pro 11 inch/ iPad Air 3 / iPad Pro 3/ iPad Air 4 / iPad 7/8 / iPad Pro 12.9 inch - Hàng Chính Hãng Có Khe Cắm Apple Pencil
Thiet Bi Kts Phu Kien So,Ốp Lưng Case TPU Dẻo Chống Sốc Dành Cho iPhone 12/12Pro / iPhone 12 Promax / iPhone 12 Mini - Hàng Chính Hãng Meliya accessories
Thiet Bi Kts Phu Kien So,Chuột không dây sạc điện HXSJ M103 - Hàng chính hãng
Thiet Bi Kts Phu Kien So,Bao Da Smart Case Gen2 TPU Dành Cho iPad Air 2
Thiet Bi Kts Phu Kien So,Ốp lưng dành cho iPhone 17 Nillkin Super Frosted Shield Pro Matte dạng sần - Hàng chính hãng
Thiet Bi Kts Phu Kien So,Dây Thép Milan Loop Từ Tính cho Redmi Watch 6 / Redmi Watch 5/4 / Xiaomi Mi Band 8 Pro / Xiaomi Mi Band 9 Pro - Hàng Chính Hãng
Thiet Bi Kts Phu Kien So,Dây đeo tích hợp case vỏ bảo vệ cho Xiaomi Mi Band 9 Pro - Hàng Chính Hãng
Thiet Bi Kts Phu Kien So,"Ốp nhám siêu mỏng 0.3mm cho iPhone 17 Pro Max / 17 Pro / 17 Air / 17 / 16 Pro Max / 16 Pro /16 Plus / iphone16 hiệu Memumi, mặt lưng chống trượt, chống bám bẩn - hàng nhập khẩu"
Thiet Bi Kts Phu Kien So,"Bộ Tua Vít Đa Năng Hàng chính hãng Kapusi Nhật Bản 26 chi tiết sửa điện thoại, laptop"
Thiet Bi Kts Phu Kien So,Ốp Silicon bảo vệ cho Airpods 4 kèm khoá treo_ Hàng chính hãng
Thiet Bi Kts Phu Kien So,Kính Cường Lực Chống Nhìn Trộm KingKong Dành Cho iPhone - Full Hộp - Dán Full Màn - Hàng Chính Hãng
Thiet Bi Kts Phu Kien So,"SOAIY Cáp Chuyển Âm Thanh Quang SPDIF, Đồng Trục Coxial Ra AV, AUX 3.5mm, Digital To Analog JH-Z239E Dài 1.5m - Hàng Nhập Khẩu"
Thiet Bi Kts Phu Kien So,Ví Da Leather Wallet with Nam Châm Từ Tính Dành Cho iPhone 12 / iPhone 12 Pro / iPhone 12 Promax/ 13 Promax/ 13/ 13 Pro/ 14 Promax/ 14 pro/ 14 Plus/ 14/ 15 Promax/ 15/ iphone 16 (có Logo Táo )_ Hàng chính hãng
Thiet Bi Kts Phu Kien So,"Ốp Lưng Da cho Samsung Galaxy A56 , A36 , A26 , A16 , A55 A35 A25 A15 Hiệu X-Level Cao Cấp - hàng nhập khẩu"
Thiet Bi Kts Phu Kien So,Bao da ESR Rebound Magnetic Case cho iPad Pro 11/ Pro 13 inch M4 (2024)_ Hàng Chính Hãng
Thiet Bi Kts Phu Kien So,Ốp lưng cho Samsung Galaxy Tab A11 / Tab A9 2023 silicon dẻo trong suốt chống sốc  - hàng nhập khẩu
Thiet Bi Kts Phu Kien So,Bộ bàn phím và chuột không dây Logitech MK345 - Hàng Chính Hãng
Thiet Bi Kts Phu Kien So,"Ốp lưng nhám siêu mỏng 0.3mm cho iPhone 15, 15 Plus, 15 Pro, 15 Pro Max hiệu Memumi Slim - mặt lưng chống trượt, chống bám bẩn - Hàng nhập khẩu"
Thiet Bi Kts Phu Kien So,Dây sạc nhanh ip PD 33W Rockspace Z21 typeC to IP sạc nhanh dây dù Hàng chính hãng bảo hành 1 năm 1 đổi 1
Thiet Bi Kts Phu Kien So,"Case Ốp Apple Watch UNIQ Valencia (42/44/45mm) dành cho Apple Watch Series 4,5,6,7, SE - Hàng chính hãng"
Thiet Bi Kts Phu Kien So,"Dây cáp sạc dành cho iPhone, iPad Hoco X14, cáp bọc dù dài 1m/2m có truyền tải dữ liệu, hàng chính hãng"
Thiet Bi Kts Phu Kien So,Pin sạc dự phòng Nakagami công nghệ Nhật Bản tích hợp đèn Flash  5000 - 10000 mAh -  2 cổng sạc (1 sạc nhanh) - Hàng chính hãng - Màu ngẫu nhiên
Thiet Bi Kts Phu Kien So,Ốp lưng cao cấp dành cho iPhone 7 / 8 / SE 2020 / 7 Plus / 8 Plus / X / XS / XS Max / XR / 11 / 11 Pro / 11 Pro Max
Thiet Bi Kts Phu Kien So,Giá Đỡ Điện Thoại Ô Tô Xe Hơi Hợp Kim Nhôm Hàng Không – Tự Động – Thông Minh - Xoay Chuyển Đa Góc Độ -– Mini Hàng Chính Hãng 
Thiet Bi Kts Phu Kien So,Bàn Phím Cơ Có Dây DareU EK87 LED Tenkeyless
Thiet Bi Kts Phu Kien So,"Kính cường lực cho Samsung Galaxy Z Fold 7 , Z fold 6 chống nhìn trộm full màn hình ngoài hiệu KUZOOM - Hàng chính hãng"
Thiet Bi Kts Phu Kien So,Miếng Dán Cường Lực GOR cho Coros Pace 3 / Coros Pace Pro / Coros Nomad / Coros Apex 4 / Coros Pace 4 - Hàng Chính Hãng
Thiet Bi Kts Phu Kien So,"Bộ 3 Loa Máy Tính D222 Có Đèn LED, Âm Thanh 9D Chất Lượng Tốt, Nghe Nhạc Hay -  Hàng Nhập Khẩu"
Thiet Bi Kts Phu Kien So,"Case vỏ ốp bọc tai nghe dành cho Airpods 4, airpod Pro 2 silicon kèm dây đeo - HÀNG CHÍNH HÃNG"
Thiet Bi Kts Phu Kien So,Bao Case ESR Orbit Hybrid Case with HaloLock cho AirPods 4 - Hàng Chính Hãng
Thiet Bi Kts Phu Kien So,"Bao da dạng ví dành cho iPhone 16, 16 Pro, 16 Plus, 16 Pro Max hiệu Forwenw - Hàng nhập khẩu"
Thiet Bi Kts Phu Kien So,Máy test dò dây mạng âm tường WIRE TRACKER XQ-350 chất lượng cao
Thiet Bi Kts Phu Kien So,"Bàn phím không dây HXSJ K610 USB2.4G giảm ồn, gọn nhẹ dễ mang đi, phù hợp PC/ Laptop/ Điện thoại- Hàng chính hãng"
Thiet Bi Kts Phu Kien So,"Cáp máy in Arigatoo 1,9m,  3m, 5m, 10m- Cáp kết nối máy in - Hàng chính hãng"
Thiet Bi Kts Phu Kien So,"Ốp lưng trong viền màu cho Samsung S23Ultra | S24+ | Galaxy S24 Plus, Ốp có hỗ trợ sạc không dây Maq Safe - Hàng nhập khẩu"
Thiet Bi Kts Phu Kien So,"Ốp Lưng Cho Samsung Galaxy A17 , A07 , A56 , A36 , A26 ,  A06 5G , A06 , A16 , A05s, A05 , A15 , A25 , A35 , A55 Silicone Dẻo Lót Nhung Nỉ Chống Sốc chống bẩn hạn chế bám vân tay - Hàng Nhập Khẩu"
Thiet Bi Kts Phu Kien So,Miếng Kê Tay Bàn Phím Đệm Lót Chuột Mouse Pad Bunny Pink_ Hàng chính hãng
Thiet Bi Kts Phu Kien So,"Loa Máy Tính Leerfei E-350T, Âm Thanh Chất Lượng 4D, Dùng Nghe Nhạc, Xem Phim, Giải Trí - Hàng Nhập Khẩu"
Thiet Bi Kts Phu Kien So,Ốp Lưng dành cho iPhone 14 Pro Max/ 14 Pro Spigen Ultra Hybrid Crystal Clear Case - Hàng Chính Hãng
Thiet Bi Kts Phu Kien So,Case Vỏ Ốp Dành Cho Tai Nghe Samsung Galaxy Buds 2 Pro/ Buds 2/ Buds Live/ Buds Pro Gấu Nâu Đội Khăn- Hàng chính hãng
Thiet Bi Kts Phu Kien So,Đế Tản Nhiệt Laptop Nillkin Mini Bolster / Portable Chống Nóng Thoáng Máy - Hàng Chính Hãng
Thiet Bi Kts Phu Kien So,"Ốp Lưng Màu Đen Cho Samsung S21 FE Hiệu Ou Case, không bám vân tay- Hàng Chính Hãng"
Thiet Bi Kts Phu Kien So,Bao Da Dành Cho iPad Pro 12.9 inch 2021/ 2022 ESR Rebound Magnetic Slim Case - Hàng Chính Hãng
Thiet Bi Kts Phu Kien So,Cáp sạc Baseus 60W USB C sang Type-C cho điện thoại
Thiet Bi Kts Phu Kien So,Đế Sạc Nhanh Không Dây Đa Năng 4in1 - Hàng Chính Hãng
Thiet Bi Kts Phu Kien So,Ốp lưng chống sốc lưng trong cao cấp dành cho
Thiet Bi Kts Phu Kien So,"Đế tản nhiệt cho Laptop, Macbook - Giá đỡ, kệ đỡ, phụ kiện cao cấp cho Macbook, Laptop bằng hợp kim nhôm thông minh gấp gọn Horizen N3 - Hàng chính hãng"
Thiet Bi Kts Phu Kien So,Bao Da Smart Case Gen2 TPU Dành Cho iPad 2/ 3/ 4 - Hàng nhập khẩu
Thiet Bi Kts Phu Kien So,Bao Case cho Airpods Pro 3 (2025) ESR Orbit Colors Hybrid Magnetic Case - Hàng Chính Hãng
Thiet Bi Kts Phu Kien So,"Ốp lưng chống sốc cho Nokia 7.2 , Nokia 8.1 , Nokia 8.3 , Nokia 3.4 , Nokia 5.4 hiệu Likgus ( chống va đập, chống vân tay) - Hàng nhập khẩu"
Thiet Bi Kts Phu Kien So,"Kính cường lực cho Samsung Galaxy A06 Full màn hình viền đen độ cứng 9h, chống vỡ, chống xước, dán màn hình cao cấp - Hàng chính hãng"
Thiet Bi Kts Phu Kien So,"Dây đeo khóa gấp từ tính cho Apple Watch Series 1/2/3/4/5/6/7/8/9/SE1,2 & Apple Watch Ultra 1/2 Size 38/40/41/42/44/45/49mm - Hàng Nhập Khẩu"
Thiet Bi Kts Phu Kien So,Miếng Dán Cường Lực Dành Cho Samsung Galaxy S24 Ultra/ S24 Plus/ S24 Mipow Kingbull HD Premium Silk _ Hàng Chính Hãng
Dien Gia Dung,[NEW] Nồi áp suất Elmich PCE-1805 dung tích 2.5L - Hàng Chính Hãng
Dien Gia Dung,"Nồi áp suất cơ Elmich 5L PCE-8792, công suất lớn 1000W, dung tích 5L - Hàng chính hãng"
Dien Gia Dung,Bếp từ đơn Hafele HSI-21FW (Kèm Nồi)  - Hàng chính hãng (536.61.990)
Dien Gia Dung,Ấm Đun Nước Siêu Tốc Hafele HS-K1707DX - 535.44.170 - 1.7L Hàng Chính Hãng
Dien Gia Dung,Máy Vắt Cam LocknLock Citrus Juicer EJJ244 40W 700ml - Xoay Ép Hai Chiều - Hàng chính hãng
Dien Gia Dung, Quạt đứng Philips CX1520/01 - Hàng chính hãng
Dien Gia Dung,Nồi lẩu điện BEAR 1.2L công suất 500W DRG-Z12K1 (MC-4H12J) - Hàng Chính Hãng
Dien Gia Dung,Ấm đun nước siêu tốc Elmich 1.8L KEE-8457 - Hàng chính hãng
Dien Gia Dung,Máy xay sinh tố cầm tay 400ml Elmich BLE9215 - Hàng chính hãng
Dien Gia Dung,"Máy xay thịt Elmich MCE8584B, dung tích 2L - Hàng chính hãng"
Dien Gia Dung,Máy sấy bát Elmich DDE-3907 - Hàng chính hãng
Dien Gia Dung,Nồi hấp hơi nước BEAR 6L 2 tầng (EFS-4H60V / DZG-C60Q8) - Hàng Chính Hãng
Dien Gia Dung,Nồi áp suất Elmich PCE-1805 dung tích 2.5L - Hàng Chính Hãng
Dien Gia Dung,"Nồi nấu chậm, nấu cháo, chưng yến 1L Elmich SCE-8524OL - Hàng Chính Hãng"
Dien Gia Dung,Bếp điện từ Elmich ICE 3879 - Hàng Chính Hãng
Dien Gia Dung,Máy Vắt Cam Lock&Lock EJJ231 (40W) - Hàng chính hãng
Dien Gia Dung,Ấm siêu tốc Elmich KEE 8457 - Hàng Chính Hãng
Dien Gia Dung,Máy kẹp nướng bánh LocknLock EJB126IVY (600W) - Hàng Chính Hãng
Dien Gia Dung,Máy xay sinh tố cầm tay Elmich BLE 3890 (55W) - Hàng chính hãng
Dien Gia Dung,Máy xay sinh tố cầm tay Elmich BLE 3889 (55W) - Hàng chính hãng
Dien Gia Dung,"Máy làm sữa hạt Elmich CBE-3904OL, công suất 800W, 7 chế độ nấu được thiết lập sẵn, lưỡi dao 3 tầng 8 cánh giúp xay nhuyễn - Hàng chính hãng"
Dien Gia Dung,Máy Sấy Tóc LocknLock - Trắng ENA136WHT 2000-2200W - Hàng chính hãng
Dien Gia Dung,"Nồi điện đa năng Locknlock Electric multi pot EJP436IVY 220V, 50Hz, 600W, 1.5L- Màu ngà - Hàng chính hãng"
Dien Gia Dung,Bàn ủi hơi nước Philips DST8041/80 (3000W) - Hàng Chính Hãng
Dien Gia Dung,Bếp điện từ Elmich ICE-3874 2100W Hàng Chính Hãng
Dien Gia Dung,Máy cạo râu khô và ướt Philips S1103/02 - Hàng Chính Hãng
Dien Gia Dung,Nồi cơm điện tử Elmich RCE-1789 (1.2 Lít) - Hàng chính hãng
Dien Gia Dung,Máy đánh trứng Lock&Lock Hand Mixer EJM501DGRY 250-300W - Hàng chính hãng
Dien Gia Dung,Máy sấy tóc Philips BHD510/00 - Hàng Chính Hãng
Dien Gia Dung,Bàn ủi hơi nước cầm tay Lock&Lock ENI223WHT 1600W - Hàng chính hãng
Dien Gia Dung,Bếp Từ Đơn Elmich ICE-1828OL (2100W) - Hàng Chính Hãng
Dien Gia Dung,Bàn Ủi Hơi Nước Philips STH3010/70 (1000W) - Hàng Chính Hãng
Dien Gia Dung,Nồi Điện Đa Năng Lock&Lock EJP116BLK (0.8 Lít) - Hàng Chính Hãng
Dien Gia Dung,Bình Đun Siêu Tốc 2 Lớp Lock&amp;Lock EJK738BLK (1.7L)
Dien Gia Dung,Bình Đun Siêu Tốc Electrolux EEK-1303K (1.5L) - Hàng chính hãng
Dien Gia Dung,Nồi nấu chậm Elmich 2.5L SCE0429 - Hàng chính hãng
Dien Gia Dung,Máy xay sinh tố cầm tay Elmich BLE9213 - Hàng chính hãng
Dien Gia Dung,"Nồi cơm điện 1,5L Bear DFB-J40Q5 (RC-4H40Y) Hàng Chính Hãng"
Dien Gia Dung,Nồi cơm điện 1L Bear DFB-H30A3 (RC-4H30S) Hàng Chính Hãng
Dien Gia Dung,Nồi lẩu mini đa năng 1.5l Elmich MPE-9121 - Hàng chính hãng
Dien Gia Dung,Bàn là hơi nước cầm tay Elmich SIE9161 / SIE9163 / SIE9164 - Hàng chính hãng
Dien Gia Dung,"Quạt Tích Điện Mini Cầm Tay 638 – Màn Hình LED, 100 Tốc Độ Gió, Pin 4000mAh Siêu Mát - HÀNG CHÍNH HÃNG MINIIN"
Dien Gia Dung,Quạt Tích Điện Yoobao F8 PRO - 10.000mAh | Điều Khiển Từ Xa | Xoay 360° | Đèn LED | Sạc Dự Phòng - Hàng chính hãng
Dien Gia Dung,"Bình trà đa năng Bear YSH-D15V7 (HK-5H15N21) 1,5 lít - Hàng nội địa - Hàng chính hãng"
Dien Gia Dung,Bình đun siêu tốc Kangaroo KGWK15I2 - Hàng chính hãng
Dien Gia Dung,"Máy xay thịt, xay thực phẩm cho bé Elmich CHE-8665, 6 lưỡi inox 304 - An toàn tuyệt đối - Hàng chính hãng"
Dien Gia Dung,Máy tỉa lông mũi Enchen EN005 Bỏ túi tiện lợi Dễ dàng làm sạch nhanh - Hàng chính hãng
Dien Gia Dung,"Lẩu điện Kangaroo KG50EH1, dung tích 5L, công suất 1500W, cấu trúc đĩa truyền nhiệt giúp truyền nhiệt nhanh và đều - Hàng chính hãng"
Dien Gia Dung,"Máy sấy tóc công nghệ ion Elmich HDE-8591, công suất 1900W, tay cầm gấp gọn tiện dụng, sấy ion với mật độ lên tới 1,2 triệu ion/m3 kèm lực gió khỏe - Hàng Chính Hãng"
Dien Gia Dung,Nồi cơm điện tử Elmich 0.8L RCE-3915 - Hàng Chính Hãng
Dien Gia Dung,Máy sấy tóc Elmich HDE 1823 - Hàng Chính Hãng
Dien Gia Dung,Bàn Ủi Hơi Nước Philips DST5040/80 (2600W) - Hàng Chính Hãng
Dien Gia Dung,"Bàn Ủi Hơi Nước Trụ Đứng Philips STE3170 /80 Có Cầu Ủi StyleBoard nghiêng, Premium (2000W) - Hàng Chính Hãng"
Dien Gia Dung,Tông Đơ Cắt Tóc Chuyên Nghiệp Không Dây DAMAS DH6820G - Hàng Chính Hãng
Dien Gia Dung,Nồi điện đa năng LocknLock 2 trong 1 nướng lẩu tối ưu 4 chế độ nhiệt (4 Lít)- EJP544WHT - Hàng chính hãng
Dien Gia Dung,Máy cạo râu du lịch Philips PQ206
Dien Gia Dung,"Máy ép chậm Elmich JEE - 1855OL, công suất 240W, ống tiếp nguyên liệu rộng 83mm, độ ồn cực thấp 55 dB - Hàng chính hãng (New)"
Dien Gia Dung,"Máy Hút Bụi Cầm Tay Không Dây 9000Pa, Hút Bụi Ô Tô, Giường Nệm, Sofa, Laptop - HÀNG CHÍNH HÃNG"
Dien Gia Dung,Bếp Hồng Ngoại Đơn Kangaroo KG20IFP1 (2000W) - Hàng Chính Hãng
Dien Gia Dung,Ấm đun nước siêu tốc Elmich Smartcook ICS-3859 (1.7 Lít) - Hàng chính hãng
Dien Gia Dung,Nồi Cơm Điện Tử Toshiba RC-10NMFVN (WT) (1 Lít) - Hàng Chính Hãng
Dien Gia Dung,Máy Hút Bụi Cầm Tay Không Dây Damas XC628 - Chính Hãng
Dien Gia Dung,Nồi cơm cao tần Toshiba RC-18IX1PV (1.8 Lít) - Hàng Chính Hãng
Dien Gia Dung,Quạt Đứng Toshiba F-LSA10(K)VN (50W) - Hàng Chính Hãng
Dien Gia Dung,Máy lọc không khí Sharp FP-J40E-W (23W) - Hàng chính hãng
Dien Gia Dung,"Combo 3 lõi lọc nước Karofi 1,2,3 chính hãng"
Dien Gia Dung,Máy Đánh Trứng Philips HR3705 (300W) - Hàng Chính Hãng
Dien Gia Dung,Máy Làm Sữa Chua Lock&Lock EJY110SLV (1000ml) - Hàng chính hãng
Dien Gia Dung,Bình Đun Siêu Tốc 2 lớp Lock&Lock EJK738WHT (1.7 Lít) - Trắng - Hàng chính hãng
Dien Gia Dung,Quạt Treo Tường Toshiba F-WSA20(H)VN (55W) - Xám - Hàng chính hãng
Dien Gia Dung,Máy Vắt Cam Philips HR2738/00 25W - Hàng chính hãng
Dien Gia Dung,Bàn Ủi Khô Philips HD1172/01 (1000W) - Hàng chính hãng
Dien Gia Dung,Bàn ủi hơi nước Lock&Lock ENI334BLK 1800W - Hàng chính hãng
Dien Gia Dung,"Lò vi sóng Toshiba MW2-MM20P(BK) - Dung tích 20 lít, 5 mức công suất, Kết hợp chống thấm 3 lớp, Kháng khuẩn bên trong lò - Hàng chính hãng"
Dien Gia Dung,Ly Xay Cầm Tay DAEWOO DWBL-3424 (340ml) Hàng Chính Hãng
Dien Gia Dung,"Nồi cơm điện 1.2L (0.3L gạo) Bear DFB-S12E6 (RC-5H12F), 300W Hàng Chính Hãng"
Dien Gia Dung,"Máy Phun Sương Besti BTY01 Cao Cấp - Tạo Ẩm Không Khí Và Giữ Ẩm Da 420ml - Thiết Kế Nhỏ Gọn, Không Gây Tiếng Ồn - Máy Tạo Ẩm Không Gian Thư Giãn Tích Hợp Đèn Ngủ RGB Nhiều Màu Để Bàn Tiện Lợi, Có Chế Độ Tự Ngắt Khi Hết Nước - Hàng Chính Hãng - Màu Trắng"
Dien Gia Dung,Nồi cơm điện cao cấp Elmich 1.8L RCE-9132 - Hàng chính hãng
Dien Gia Dung,Máy xay thịt Elmich MCE8586 dung tích 2L - Hàng chính hãng
Dien Gia Dung,Nồi cơm điện Kangaroo 1 lít KGRC10M1 - Hàng chính hãng
Dien Gia Dung,"Nồi Lẩu Điện Mini Đa Năng 1.5L, Ca Nấu Mì, Cốc Ăn Lẩu Cô Đơn 500W, Chống Dính Vân Đá - HÀNG CHÍNH HÃNG MINIIN"
Dien Gia Dung,"Ấm đun siêu tốc Locknlock Glass electric kettle EJK256BLK - 220-240V, 50-60Hz, 1850-2200W, Dung tích 1.8L- Màu đen - Hàng chính hãng"
Dien Gia Dung,"Nồi điện, lẩu điện, chảo điện mini đa năng 2L gián hấp chiên xào (kèm khay hấp và tay cầm) - Hàng chính hãng"
Dien Gia Dung,"[BẢO HÀNH LỖI 1 ĐỔI 1] Cốc hầm, cốc chưng yến đa năng - Sản phẩm được ưa chuộng số 1 trên thị trường có HDSD Tiếng Việt - Hàng chính hãng"
Dien Gia Dung,"Quạt Để Bàn Tích Điện Mini Cao Cấp Teement,  Tích Hợp Đèn Ngủ Động Cơ Không Tiếng Ồn Pin 1200mah , Điều Chỉnh Lên Xuống 360°, 3 Cấp Độ Gió Siêu Mát Dễ Điều Chỉnh- Hàng Chính Hãng"
Dien Gia Dung,"Lẩu điện Kangaroo KG40EH1, dung tích 4L, công suất 1300W, cấu trúc đĩa truyền nhiệt giúp truyền nhiệt nhanh và đều, an toàn tự ngắt khi quá nhiệt  - Hàng chính hãng"
Dien Gia Dung,"Máy Đánh Trứng, Đánh Sữa Và Tạo Bọt Cafe Cầm Tay Di Động 3 Tốc Độ Sử Dụng Pin Sạc Cao Cấp - Giao màu ngẫu nhiên"
Dien Gia Dung,Máy sấy tóc Elmich Ion HDE-1822 - Hàng Chính Hãng
Dien Gia Dung,Lò vi sóng Toshiba MM-EM25PE(BM) 25 lít - Hàng Chính Hãng
Dien Gia Dung,"Máy Uốn Tóc, Máy Ép Tóc, Duỗi Tóc Đa Năng Teement, Thiết Kế Với 4 Mức Nhiệt Tùy Chỉnh Phù Hợp Với Nhiều Loại Tóc Khác Nhau Giúp Duỗi Thẳng, Làm Xoăn Tóc , Không Hư Tổn Tóc ,Tạo Kiểu Tóc Thông Minh - Dùng Cho Salon Tóc & Tại Nhà - Hàng Chính Hãng"
Dien Gia Dung,Quạt không cánh kết hợp lọc không khí Elmich BFE-3936 - Hàng Chính Hãng
Dien Gia Dung,"Máy Làm Sữa Hạt, Máy Nấu Sữa Hạt OSTMARS Hàng Chính Hãng MINIIN 800ml - 8 Chức Năng Xay Nấu Tiện Lợi"
Dien Gia Dung,"Quạt Mini Để Bàn- Quạt Tích Điện Kẹp Bàn, Cầm Tay, Xoay 720 Độ Tiện Ích - HÀNG CHÍNH HÃNG MINIIN"
Dien Gia Dung,Máy ép chậm Magic Eco AC-132 - Hàng chính hãng
Dien Gia Dung,Máy Hút Bụi Cầm Tay Không Dây Sử Dụng Pin Sạc DAMAS DA113C - Hút bụi khô và nước tiện dụng - Sử dụng cho gia đình và xe hơi - Công suất mạnh mẽ lên tới 120W - Hàng Chính Hãng
Dien Gia Dung,Nồi cơm điện Locknlock EJR346BLK (Giữ ấm 24h - 5 chế độ nấu - lòng nồi chống dính) 1.2 Lít - Black - Hàng chính hãng
Dien Gia Dung,Máy pha cà phê tự động Bear CF-B02V1 - Hàng chính hãng
Dien Gia Dung,Bộ Lọc Hepa Máy Hút Bụi DAMAS D610W- Hàng chính hãng
Dien Gia Dung,Nồi Chiên Không Dầu Philips HD9280 /90 Essential size XL Digital Connected - Hàng Chính Hãng
Dien Gia Dung,"Máy Xay Bột Khô Đa Năng Bear Cà Phê, Hạt Tiêu, Ngũ Cốc Công Suất Lớn MDJ-A02G3 - Hàng Chính Hãng"
Dien Gia Dung,Máy sấy tóc Panasonic EH-ND65-K645 – Công suất tương đương 2300W – Sấy nóng lạnh – Đầu sấy tạo kiểu 11mm – Hàng chính hãng
Dien Gia Dung,"Bộ 3 Lõi lọc nước số 1,2,3 hàng chính hãng Karofi"
Dien Gia Dung,Bình đun siêu tốc Toshiba 1.7 lít KT-17SH2NV - HÀNG CHÍNH HÃNG
Dien Gia Dung,Nồi hầm dưỡng sinh KG3SC1 (3 Lít) - Hàng chính hãng
Dien Gia Dung,Máy sấy tóc Daewoo QL-5923 (1800W) - Hàng chính hãng
Dien Gia Dung,Máy hút bụi cầm tay Daewoo DWX-E620P (P) (600W) - Hàng chính hãng
Dien Gia Dung,Máy Cạo Râu Mạnh Mẽ Tiện Dụng Phong Cách SCW301U
Dien Gia Dung,Quạt Bàn Mini Senko B102 (28W) - Tím Khoai Môn - Hàng Chính Hãng
Dien Gia Dung,Nồi Cơm Điện Nắp Rời Sharp KSH-D15V (1.5L) - Màu Ngẫu Nhiên - Hàng chính hãng
Dien Gia Dung,Máy xay cầm tay Bear SB-MX04K - Hàng Chính Hãng
Dien Gia Dung,Ấm siêu tốc Elmich KEE9140PG - Hàng chính hãng
Dien Gia Dung,Máy Làm Sữa Hạt Daewoo DWSM-1310 1L Hàng Chính Hãng
Dien Gia Dung,Nồi lẩu điện đa năng Kuchenzimmer 800 ML - 013673 - Hàng Chính Hãng
Dien Gia Dung,"Nồi chiên không dầu Bear QZG-J15M1 (AF-4H15K), Dung tích 5 lít, Công suất 1500W Hàng Chính Hãng"
Dien Gia Dung,Ấm siêu tốc inox 304 cao cấp đảm bảo an toàn 1.8L Daewoo DWK-S1805 đế xoay 360 độ - Hàng chính hãng BH 2 năm - Hàng chính hãng
Dien Gia Dung,Máy xay sinh tố BLE9244 - Hàng chính hãng
Dien Gia Dung,Lõi lọc nước số 1 Kangaroo Extra - Hàng chính hãng
Dien Gia Dung,Bếp từ đôi Elmich ICE-3496 - Hàng chính hãng
Dien Gia Dung,Bếp điện từ đơn Elmich ICE 8878PG - Hàng chính hãng
Dien Gia Dung,Nồi chiên không dầu Philips 4.2 lít NA120/00 - Hàng chính hãng
Dien Gia Dung,"Lò vi sóng Toshiba MWP-MM20P(WH) - Dung tích 20 lít, 5 mức công suất, Kết hợp chống thấm 3 lớp, Kháng khuẩn bên trong lò - Hàng chính hãng"
Dien Gia Dung,Nồi lẩu đa năng Kangaroo KG40EH2 - Hàng chính hãng
Dien Gia Dung,Máy Xay Tiêu Hạt Cafe Hạt Khô Gia Vị Đa Năng Công Suất 250W 8 Lưỡi Dao Cực Bén Chất Liệu Cối Inox - Hàng nhập khẩu
Dien Gia Dung,Máy tỉa lông mũi Magic B-50 - Hàng chính hãng
Dien Gia Dung,Máy sấy tóc Elmich HDE-1812 - Hàng Chính Hãng
Dien Gia Dung,"Nồi Lẩu Điện Đa Năng Mini Chống Dính Vân Đá Cao Cấp Công Suất 1000W, Nồi Điện Đa Năng Kèm Xửng Hấp Inox 28cm Dung Tích 4L Phù Hợp Cho Gia đình -Hàng Chính hãng MINIIN"
Dien Gia Dung,"Bơm tăng áp 24V Radian Karofi dùng cho máy lọc nước RO, dàn phun sương - Hàng chính hãng"
Dien Gia Dung,"Máy pha cà phê mini Bear, máy pha cafe mini tự động dung tích 600ml, Anh Lam Store - Hàng chính hãng"
Dien Gia Dung,"Máy tỉa lông mũi, lông tai Philips NT3650 - Hàng Chính Hãng"
Dien Gia Dung,"Nồi Nấu Chậm 0,8L Bear SUBE001 Đa Năng Nấu Cháo, Chưng Yến Bản Quốc Tế - Hàng Chính Hãng"
Dien Gia Dung,MÁY ÉP TRÁI CÂY KANGAROO KG200SJD2 (MÁY ÉP CHẬM 665ml - 200W) Hàng Chính Hãng
Dien Gia Dung,Nồi Cơm Điện Tử Sharp KS-COM08V-SL (0.72 Lít) – Hàng Chính Hãng
Dien Gia Dung,Máy Hút Bụi Lock&Lock ENV336BLK (400W) - Hàng Chính Hãng
Dien Gia Dung,Máy xay sinh tố Philips HR2223/00 - Hàng Chính Hãng
Dien Gia Dung,"Máy Xông Tinh Dầu Đuổi Muỗi Bạch Tuyết | Giúp Phun Sương, Xông Phòng | Tặng 3 Chai Tinh Dầu Kobi Sả Chanh + Bạc Hà + Oải Hương Nhập Khẩu Ấn Độ"
Dien Gia Dung,Quạt bàn mini Senko cao cấp ( Màu ngẫu nhiên ) - Hàng chính hãng
Dien Gia Dung,Ấm Điện Thủy Tinh Siêu Tốc Có Điều Chỉnh Nhiệt Độ Lock&Lock EJK341 (1.8L) - Hàng chính hãng
Dien Gia Dung,Quạt Đứng Toshiba F- LSA20(W)VN (60W) - Trắng - Hàng chính hãng
Dien Gia Dung,Nồi Cơm Nắp Gài Toshiba RC-18JFM(H)VN (1.8L) - Hàng chính hãng
Dien Gia Dung,Máy Đánh Trứng Daewoo DWHM-318 (150W) - Hàng chính hãng
Dien Gia Dung,Máy Đánh Trứng Bluestone HMB-6333S (300W) - Hàng chính hãng
Dien Gia Dung,"Máy Xay Bột Khô Đa Năng Seka SKM90 (SK200) Xay 800g Xoay 90 Độ, Xay Mọi Thực Phẩm - Hàng Chính Hãng"
Dien Gia Dung,"Máy Phun Sương Tạo Ẩm Không Khí Teement , Máy Xông Và Khuyếch Tán Tinh Dầu Dung Tích 1.1 Lít Với 3 Chế Độ Phun, Tích Hợp Đèn Ngủ Tự Thay Đổi Màu Sắc, Độ Ồn Thấp, Phun Liên Tục 8h Và Tự Ngắt Khi Hết Nước, Sạc Usb Tiên Lợi, - Hàng Chính Hãng"
Dien Gia Dung,"Quạt Tích Điện Mini Cầm Tay Teement , Màn Hình Led, 100 Tốc Độ Gió ,cầm Tay Thông Minh, Màn Hình Hiển Thị Kỹ Thuật Số, Pin 2000mah Siêu Mát - Hàng Chính Hãng"
Dien Gia Dung,"Máy Nhổ Lông Gà Vịt Cầm Tay – Chạy Pin, Đa Năng, Làm Sạch Nhanh Chóng - HÀNG CHÍNH HÃNG MINIIN"
Dien Gia Dung,"Máy hút ẩm mini H2102 để bàn, hạn chế ẩm mốc khử khuẩn bảo vệ sức khỏe gia đình, dung tích 1000ml - Hàng nhập khẩu"
Dien Gia Dung,"Nồi cơm điện tử Locknlock Pearl rice cooker EJR376WHT - 220-240V, 50-60Hz, 350W, Dung tích 1.0L- Màu trắng - Hàng chính hãng"
Dien Gia Dung,Nồi lẩu hấp thủy nhiệt Mishio MK382 khay hấp inox 304 - Hàng chính hãng
Dien Gia Dung,Bàn Là Ủi Áo Quần Hơi Nước Cầm Tay Tiện Lợi Loại 1 Hàng Chính Hãng - Là Được Tất Cả Loại Vải- Gấp Gọn Tiện Dụng
Dien Gia Dung,"Quạt tích điện mini cầm tay YOOBAO F3 3000mAh, pin bền 15h liên tục, nhỏ gọn cất vào balo sạc USB tiện dụng mang đi chơi - Hàng chính hãng"
Dien Gia Dung,"Bóng đèn UV 6W diệt khuẩn dùng cho máy lọc nước RO Karofi, Kangaroo,... - Hàng nhập khẩu"
Dien Gia Dung,"Lõi lọc nước 123 đúc Kangaroo -Hàng chính hãng - sử dụng cho máy : KG100HK, KA10A4, KG10A5, KG100ES, KG100ES1, KG100EO, KG10A6S"
Dien Gia Dung,Bàn ủi hơi nước Philips DST1040/30 2000W mặt đế chống dính - Hàng Chính Hãng
Dien Gia Dung,"Máy Xay Sinh Tố Mini Cầm Tay Sử Dụng Pin Sạc Cổng USB, Máy Xay Mini 6 Lưỡi Siêu Tiện Lợi - Hàng chính hãng MINIIN (Giao màu ngẫu nhiên)"
Dien Gia Dung,"Máy hút bụi không dây Lock&lock ENV356GRY đa năng cầm tay 3 trong 1 (lau sàn, hút bụi, hút bụi giường nệm), động cơ BLDC - Hàng chính hãng"
Dien Gia Dung,Lõi lọc không khí Xiaomi Xiaomi Mi Air Purifier Filter Có chip RFID - Hàng chính hãng
Dien Gia Dung,Bàn ủi hơi nước cầm tay Philips STH3010/70 - Hàng chính hãng
Dien Gia Dung,Máy Xay Thịt 2 Lưỡi Dao Kép DAMAS KF-260 (2 Lít - 300W) - Hàng Chính Hãng
Dien Gia Dung,"Máy Hàn Miệng Túi FS-200 – Giúp Bảo Quản Thực Vật Tươi Lâu Hơn, Áp Dụng Phổ Biến Trong Đời Sống – Hàng Chính Hãng MINIIN"
Dien Gia Dung,Quạt treo tường Senko TR1628 có remote điều khiển - Bảo hành 2 năm - Hàng chính hãng - Được chọn màu
Dien Gia Dung,Quạt treo tường Hali (CÓ REMOTE) TR-1 (Hàng chính hãng) - Màu xám
Dien Gia Dung,Máy xay sinh tố cầm tay Philips HR2537 (650W) - Hàng chính hãng
Dien Gia Dung,Bình đun siêu tốc Toshiba KT-15DS1PV - Hàng Chính Hãng
Dien Gia Dung,Máy Xay Thịt Cối Inox Lock&Lock EJM172 (2 lít) Hàng Chính Hãng
Dien Gia Dung,Ấm siêu tốc Daewoo DEK-MF180 (2.0L) - Hàng chính hãng
Dien Gia Dung,"Ấm Siêu Sắc Thuốc Điện Tự Động Gốm Bát Tràng Bảo Long Phú Vinh Cao Cấp PV-386H (3,2 lít) - Màu Ngẫu Nhiên - Hàng Chính Hãng"
Dien Gia Dung,Máy Cạo Râu Panasonic  ES-SL41-R453
Dien Gia Dung,Bình Đun Siêu Tốc Philips HD9303 (1.2 Lít) - Hàng chính hãng
Dien Gia Dung,Bình đun nước siêu tốc mini ruột Inox 304 Koreno Thái Lan KN-208 dung tích 0.8L - Hàng chính hãng
Dien Gia Dung,Máy tỉa lông mũi - Hàng Nhập Khẩu
Dien Gia Dung,"Quạt cầm tay turbo mini siêu mát Pin trâu 5000 mAh, nhỏ gọn linh hoạt hiệu Hotcase WARMCO - 100 chế độ gió, dùng liên tục 18h (tùy mức gió), thiết kế đẹp, bền - hàng nhập khẩu"
Dien Gia Dung,"Máy sấy tóc ion âm LocknLock hair dryer đầu sấy từ 360 độ, chức năng tự làm sạch - ENA316GRY - Hàng chính hãng"
Dien Gia Dung,Nồi cơm điện Kangaroo 1.5 lít KGRC15M1 - Hàng chính hãng
Dien Gia Dung,Lõi lọc nước số 2 Kangaroo Extra - Hàng chính hãng
Dien Gia Dung,"[Chính hãng] Chân lò nướng thủy tinh nhiều màu dùng cho các loại lò trên thị trường từ 12 đến 17 lít, hàng nhập khẩu"
Dien Gia Dung,"Máy phun sương, xông tinh dầu Rhino H809 500ml tạo ẩm, 2 đầu phun kèm đèn ngủ - Hàng chính hãng"
Dien Gia Dung,Máy pha cà phê Philips HD7432 Hàng chính hãng
Dien Gia Dung,Máy làm sữa hạt Bear 1L SB-SH09Q 1L (800W)- Hàng chính hãng
Dien Gia Dung,"Ấm đun siêu tốc Daewoo 1.7L DWK-17DGT Hàng Chính Hãng điều khiển cảm ứng, chỉnh nhiều mức nhiệt, bảo hành 2 năm"
Dien Gia Dung,Nồi cơm điện tử áp suất Cuckoo 1.08 lít CRP-R0600F màu đen - Bản Quốc Tế tiếng Anh - Hàng chính hãng
Dien Gia Dung,Lõi Lọc Nước Sunhouse Số 4 SHRLL4 - Hàng chính hãng
Dien Gia Dung,"Màng RO Karofi 100GDP Purifim - USA - Hàng chính hãng - Sản xuất tại Mỹ Loại bỏ hơn 99% clo, dầu, virus, vi khuẩn, amip, asen..."
Dien Gia Dung,"Combo 4 lõi lọc ( Bộ lọc thô số 1,2,3 + lõi số 1) cho máy lọc nước KANGAROO hàng chính hãng"
Dien Gia Dung,Tông đơ tạo kiểu đa năng Philips MG3730 - Hàng Chính Hãng
Dien Gia Dung,QUẠT SẠC TÍCH ĐIỆN SUNHOUSE SHD7116 - HÀNG CHÍNH HÃNG
Dien Gia Dung,Nồi áp suất điện ARBER ASĐN06SMD hàng chính hãng
Dien Gia Dung,"Chảo Nồi Lẩu Điện Chống Dính Đa Năng Công Suất 1360W, Nhiều Chức Năng Như Chiên, Xào, Nấu Ứng Dụng Trong Mọi Gia Đình -Hàng Chính Hãng MINIIN"
Dien Gia Dung,Máy hút bụi diệt khuẩn giường nệm Mamibot Uvlite100 - Hàng chính hãng
Dien Gia Dung,Máy Vắt Cam Sharp EJ-J408-WH (40W) - Hàng Chính Hãng
Dien Gia Dung,Lõi lọc nước số 2 Kangaroo - Hàng chính hãng
Dien Gia Dung,Máy sấy tóc Panasonic EH-ND30-K645 Đen/ EH-ND30-P645 Hồng - Hàng Chính Hãng
Dien Gia Dung,Máy làm tỏi đen Luva A6(6L)
Dien Gia Dung,Máy xay ép đa năng công nghiệp ARIETE MOD.1783 (1000W) - Hàng chính hãng
Dien Gia Dung,Quạt Trần Đảo Senko TD105 - Trắng - Hàng Chính Hãng
Dien Gia Dung,Máy Sấy Tóc Sunhouse SHD2305 - Xanh
Dien Gia Dung,Máy Pha Cà Phê Espresso Tiross TS-621 (4 bar) - Hàng Chính Hãng
Dien Gia Dung,Máy xay thịt đa năng Philips HR1501/00 1 lít - Hàng chính hãng
Dien Gia Dung,Máy xay cầm tay DAEWOO DWBL-4515 (450ml) Hàng Chính Hãng
Dien Gia Dung,"Nồi chiên không dầu thế hệ mới dung tích lớn, công suất 1500W - Hàng nhập khẩu"
Dien Gia Dung,Quạt cầm tay mini Kachi MK400 pin khoẻ 100 cấp độ gió - Hàng chính hãng Hàng nhập khẩu
Dien Gia Dung,Nồi hấp điện BEAR 3 tầng 12L công suất 800W Xanh Lá (EFS-4H27E / DZG-CA2G2) - Hàng Chính Hãng
Dien Gia Dung,Nồi lẩu đa năng Kangaroo KGEH50N2B - Hàng chính hãng
Dien Gia Dung,Nồi cơm nắp rời Toshiba 1.8 lít RC-18MH2PV(F) - Hàng chính hãng
Dien Gia Dung,Lõi lọc nước số 3 Kangaroo Extra - Hàng chính hãng
Dien Gia Dung,"Máy Hút Bụi Cầm Tay Mini Tamashiho Nhật Bản 120W - Lực Hút 9000Pa, Bộ Lọc HEPA, Pin 4000mAh, Đa Chức Năng, HÀNG CHÍNH HÃNG MINIIN"
Dien Gia Dung,Nồi cơm điện Elmich 1.2L RCE-9126 - Hàng chính hãng
Dien Gia Dung,"Máy làm sữa hạt đa năng Bear PBJ-C16Q8 (HB-4H16N) 1,5 lít - Hàng chính hãng"
Dien Gia Dung,Nồi điện đa năng Bear DRG-P16M2 (MC-4H16U) 1.6L ( 700W) - Hàng chính hãng
Dien Gia Dung,Ấm siêu tốc Elmich KEE 8456 AW - Hàng chính hãng
Dien Gia Dung,Máy cạo râu du lịch Magic B-61 - Hàng chính hãng
Dien Gia Dung,Máy Sấy Tóc Công Suất Lớn 2200W Tặng Kèm 5 Phụ Kiện - Hàng chính hãng
Dien Gia Dung,"Máy cạo râu khô và ướt Philips X5006,  bảo hành  2 năm, Hàng chính hãng"
Dien Gia Dung,Máy làm sữa hạt Elmich CBE 3902 (Mới) - Hàng Chính Hãng
Dien Gia Dung,Nồi cơm điện Locknlock Nemo Rice Cooker EJR384IVY (605W - 1.2L) - Hàng Chính Hãng
Dien Gia Dung,Bếp điện từ Elmich ICE-1832
Dien Gia Dung,Máy Đánh Trứng Philips HR3745/00 (450W) - Hàng Chính Hãng
Dien Gia Dung,"Máy Cạo Râu Mini, Xoay 360 Độ Chống Nước , Sạc USB Siêu Nhanh, Máy Cạo Râu Nam Bỏ Túi Tiện Dụng - HÀNG CHÍNH HÃNG MINIIN"
Dien Gia Dung,"Nồi áp suất nấu bếp từ , bếp ga FUJIKA 4L-5L-7L HÀNG CHÍNH HÃNG"
Dien Gia Dung,Bộ Lọc Hepa Cho Máy Hút Bụi DAMAS XC628 - Hàng chính hãng
Dien Gia Dung,"Máy xay đă năng 3 trong 1 BEAR BL-B10V2 xay thịt, hoa quả, nhanh chóng, tiện lợi - Hàng nhập khẩu"
Dien Gia Dung,Máy cạo râu khô và ướt Philips S1301/02 - Hàng Chính Hãng
Dien Gia Dung,Máy Hút Bụi Cầm Tay Không Dây Sử Dụng Pin Sạc DAMAS Vacuum Cleaner D610W - Hàng Chính Hãng
Dien Gia Dung,Bàn ủi hơi nước cầm tay PHILIPS DST3040/70 2600W - Hàng Chính Hãng
Dien Gia Dung,Máy nướng bánh mì Electrolux E2TS1-100W - Hàng chính hãng
Dien Gia Dung,Máy Hút Bụi Có Hộc Chứa Philips XB2023/01 (1800W) - Hàng Chính Hãng
Dien Gia Dung,Máy sấy tóc Philips BHC010/10 - Hàng Chính Hãng
Dien Gia Dung,Máy xay sinh tố Philips HR2221/00 (700W) - Hàng Chính Hãng
Dien Gia Dung,"Nồi cơm điện nắp gài BlueStone RCB-5519 (1,8L -700W) - Hàng chính hãng"
Dien Gia Dung,Máy uốn tóc lõi đồng cao cấp có chỉnh nhiệt đủ trục xoay 360 độ
Dien Gia Dung,Máy Hút Bụi Mini Cầm Tay DEERMA - Hàng Chính Hãng
Dien Gia Dung,Máy Xay Cầm Tay Sowun SW5118 (800W) - Hàng Chính Hãng
Dien Gia Dung,Vỉ Nướng Điện Lock&Lock EJG221 (1300W) - Hàng Chính Hãng
Dien Gia Dung,Tủ sấy quần áo Elmich CDE-8641 - Hàng Chính Hãng
Dien Gia Dung,"Quạt sạc mini Cầm Tay K801, sạc nhanh, màn hình LED - Quạt sò lạnh - Hàng chính hãng"
Dien Gia Dung, Máy xay sinh tố mini 2 bình Häfele HS-B061MX 535.43.293 - Hàng chính hãng
Dien Gia Dung,Ấm đun siêu tốc 5 mức nhiệt LocknLock Smart glow glass electric kettle 1.7L EJK276GRY - Hàng chính hãng
Dien Gia Dung,Bếp điện từ Elmich ICE-3879 - Hàng chính hãng
Dien Gia Dung,Ấm đun nước siêu tốc Elmich KEE9144 - Hàng chính hãng
Dien Gia Dung,Nồi Cơm Điện Philips 1.8L HD4515/69 - Hàng Chính Hãng
Dien Gia Dung,Bàn ủi hơi nước Bear IR-4H15H 1500W - Hàng chính hãng
Dien Gia Dung,[Hàng chính hãng] Dung dịch vệ sinh máy pha cà phê DeLonghi EcoDecalk (100ml/ 500ml)
Dien Gia Dung,"Quạt tuần hoàn không khí Elmich CFE-8791, làm mát diện rộng và làm mới không khí tới 20 lần/giờ, quạt tạo luồng gió tuần hoàn và điều hòa không khí trong phòng  - Hàng chính hãng"
Dien Gia Dung,"Máy xay cầm tay Elmich BLE-8666, công suất 1000W, thiết kế cầm tay dễ sử dụng, lưỡi dao bằng thép không gỉ siêu bền, đảm bảo an toàn tuyệt đối cho sức khỏe  - Hàng chính hãng"
Dien Gia Dung,Bàn ủi hơi nước cầm tay Philips STH3010/30  - Hàng chính hãng
Dien Gia Dung,Nồi chiên không dầu Philips 6.2 lít NA230/00  - Hàng chính hãng
Dien Gia Dung,"Nồi Nấu Cháo, Nấu chậm 1.6L Bear SB-NNC16 270W - Hàng chính hãng"
Dien Gia Dung,Lò vi sóng cơ không nướng Sharp R-211TV-SL 21 lít - Hàng chính hãng - Bảo hành 12 tháng
Dien Gia Dung,Máy Ép Chậm Miệng Rộng Thế Hệ Mới MAGIC Eco AC-134 (200W) - Hàng chính hãng
Dien Gia Dung,Máy Lọc Không Khí Philips AC0650 (39m2) - Hàng Chính Hãng
Dien Gia Dung,"Combo 2 bộ lọc thô 123 + 2 lõi số 1 (4 lõi số 1, 2 lõi số 2, 2 lõi số 3) cho máy Kangaroo hàng chính hãng"
Dien Gia Dung,Quạt Sạc Tích Điện Mini Kẹp Bàn COMET CRF0705 5W Xoay 360 Độ pin Lithium 1800mAh
Dien Gia Dung,Bếp Hồng Ngoại Đơn Sunhouse SHD6011 ( không kén nồi ) Hàng Chính Hãngsun
Dien Gia Dung,"Máy Hút Chân Không Thực Phẩm Vacumm Sealer Đa Năng Hàn Miệng Túi Cao Cấp – Chế Độ Hút Khô, Ướt, Thịt & Chế Độ Hút, Seal Thủ Công Cho Thực Phẩm Rau Củ Quả. Hạt, Bột, Mềm Tùy Chọn. Hàng Chính Hãng "
Dien Gia Dung,Máy Lọc Không Khí Philips AC0850 /20 (20W) - Hàng Chính Hãng
Dien Gia Dung,Máy Ép Chậm Elmich JEE-3898 200W - Hàng Chính Hãng
Dien Gia Dung,Bàn Ủi Du Lịch Mini Gấp Gọn - Máy Là Hơi Nước Nhỏ Gọn Cực Tiện Lợi - HÀNG LOẠI 1 - Chính Hãng MINIIN
Dien Gia Dung,Nồi Chiên Không Dầu Kết Hợp Chức Năng Hấp Lock&Lock EJF881BLK 7L
Dien Gia Dung,Máy xay ăn dặm 0.3L Bear QSJ-A01F2 (GR-B03V2) Hàng chính hãng
Dien Gia Dung,Bộ Cốc Lọc Đầu Nguồn Kangaroo KG01G3 – Hàng Chính Hãng
Dien Gia Dung,TÔNG ĐƠ CẮT TÓC CHUYÊN NGHIỆP KEMEI- KM 809A
Dien Gia Dung," Bộ lõi lọc nước Kangaroo số 1, 2, 3 Hàng chính hãng"
Dien Gia Dung,Máy Xay Sinh Tố Đa Năng Kangaroo KG3B6M - Hàng chính hãng
Dien Gia Dung,Nồi Cơm Nắp Gài Toshiba RC-10JFM(H)VN (1L) - Hàng chính hãng
Dien Gia Dung,Máy Sấy Tóc Philips BHC010/00 - Hàng Chính Hãng
Dien Gia Dung,Máy Hút Bụi Philips FC9350 (1800W) - Đen - Hàng chính hãng
Dien Gia Dung,Bình Đun Siêu Tốc Philips HD9316 (1.7L) - Hàng chính hãng
Dien Gia Dung,Máy Ép Trái Cây Philips HR1811 (300W) - Trắng Xanh - Hàng chính hãng
Dien Gia Dung,"Nồi chiên không dầu Bear QZG-P15R8 (AF-4H15L), Dung tích 5L, Công suất 1500W Hàng Chính Hãng"
Dien Gia Dung,"Quạt Để Bàn Tích Điện Mini 5 Cấp Độ Gió Teement, Dung Lượng Pin Lớn 2000mah Không Tiếng Ồn , Tặng Kèm Cáp Sạc - Hàng Chính Hãng"
Dien Gia Dung,Nồi lẩu điện Elmich MPE-9177 - Hàng chính hãng
Dien Gia Dung,"Dụng Cụ Làm Ruốc, Bóc Tỏi Đa Năng Silicon – Phụ Kiện Hỗ Trợ Máy Xay Thịt, Làm Chà Bông Loại 2L 3L - HÀNG CHÍNH HÃNG MINIIN"
Dien Gia Dung,"Máy Đánh Sữa, Cà Phê, Trứng, Socola, Matcha Tạo Bọt Sử Dụng Dây Sạc Điện - HÀNG CHÍNH HÃNG MINIIN"
Dien Gia Dung,Bếp điện từ Smartcook ICS-3873 - Hàng chính hãng
Dien Gia Dung,Bếp gas đôi dương kính Kangaroo KG526M - Hàng chính hãng
Dien Gia Dung,Máy Xay Thịt Đa Năng Cối Inox 2 Lít Dao Thép 4 Lưỡi
Dien Gia Dung,"Máy Xay Sinh Tố, Máy Xay Đa Năng Nhật Bản 4 Lưỡi Công Suất 350W Dung Tích 750ml - Hàng nhập khẩu"
Dien Gia Dung,Bếp từ đơn Hafele HS-I2711B 536.61.890 | Công suất 2000W |  HÀNG CHÍNH HÃNG
Dien Gia Dung,"Nồi cơm điện mini 0.6L Bianco LocknLock EJR314IVY, Hàng chính hãng, Đa chức năng, Phủ men sứ, Nấu nhanh - JoyMall"
Dien Gia Dung,Máy tạo ẩm thông minh Elmich HE-8583 - Hàng Chính Hãng
Dien Gia Dung,Máy Hút Bụi Lau Nhà Roborock F25 RT Gập Nghiêng 180° - Hàng Chính Hãng
Dien Gia Dung,Nồi Cơm Điện Tử Mini Philips HD3170/66 - 600W - 0.85 Lít - Hàng Chính Hãng
Dien Gia Dung,Nồi áp suất điện tử Elmich PCE-8571 - Hàng chính hãng
Dien Gia Dung,Nồi áp suất điện đa năng Elmich 6L PCE 1809OL - Hàng Chính Hãng
Dien Gia Dung,"Máy cạo râu Philips S3608/10 , bảo hành 2 năm"
Dien Gia Dung,Nồi cơm điện mini LocknLock EJR314IVY (300W) - Hàng chính hãng
Dien Gia Dung,Combo 3 lõi số 1 - Công nghệ vi lọc Karofi hàng chính hãng
Dien Gia Dung,"Máy Sấy Tóc Mini Gấp Gọn Besti Cao Cấp, Công Suất Lớn, Động Cơ Êm Ái, Ổn Định, Tặng Đầu Sấy Tạo Kiểu Tóc Chuyên Nghiệp - Hàng Chính Hãng"
Dien Gia Dung,Ấm Siêu Tốc 2 Lớp Thái Lan 2.5 L Cao Cấp 1800W - Sôi Nhanh Tự Động Ngắt-Inox 304-INVERTER Tiết Kiệm Điện - Hàng Loại 1 - Chính Hãng MINIIN
Dien Gia Dung,Máy ép tóc Philips BHS530/00 - Hàng Chính Hãng
Dien Gia Dung,Ấm Siêu Tốc Điện Inox 1.8 lít - Hàng Chính Hãng
Dien Gia Dung,Bếp Gas Dương Đôi Kangaroo KG8G1C - Hàng Chính Hãng
Dien Gia Dung,Tông đơ Cắt Tóc Trẻ Em Jichen - Hàng Chính Hãng
Dien Gia Dung,"Máy Sấy Tóc Philips BHD350/10 - Công Suất 2100W, 3 Chế Độ Sấy, ION - Hàng Chính Hãng"
Dien Gia Dung,Nồi Cơm Điện Mini Lock&Lock EJR426 Dung Tích 0.8 lít (Hàng chính hãng)
Dien Gia Dung,Máy Xay Sinh Tố Toshiba BL-70PR1NV (700W - 1.5 Lít) - Hàng Chính Hãng
Dien Gia Dung,Quạt đứng Toshiba F-LSD10(W)VN (30W) - Hàng chính hãng
Dien Gia Dung,Nồi áp suất PHILIPS HD2103/66 - Hàng Nhập Khẩu
Dien Gia Dung,Máy cạo râu Panasonic ES6850 - Hàng Chính Hãng
Dien Gia Dung,Quạt đứng Toshiba F- LSA20(H)VN (60W) - Xám - Hàng chính hãng
Dien Gia Dung,Bếp Hồng Ngoại Iruka I-77 (2200W) - Hàng Chính Hãng
Dien Gia Dung,Bình Đun Siêu Tốc Philips HD9306 (1.5L) - Hàng chính hãng
Dien Gia Dung,Lò Vi Sóng Có Nướng Sharp R-G222VN-S- 20 Lít - Hàng chính hãng
Dien Gia Dung,Bàn Ủi Khô Panasonic PABU-NI-317TXRA - Hàng chính hãng
Dien Gia Dung,BÀN ỦI KHÔ PHILIPS DST0520/20 - Hàng chính hãng
Dien Gia Dung,Quạt đứng ASIAVINA Turbo One VY6199E0 - 55W Đen Cánh Trong - Hàng Chính Hãng
Dien Gia Dung,"Quạt Mini Tích Điện Kẹp Bàn F60 - 5 Tốc Độ Gió, Xoay 720 Độ, Lồng Quạt 15cm, Sạc Type C - HÀNG CHÍNH HÃNG MINIIN"
Dien Gia Dung,Bình đun siêu tốc Kangaroo KGWK18I2 - Hàng chính hãng
Dien Gia Dung,"Máy ép chậm Elmich JEE-8769, công suất 200W, tốc độ quay 65 vòng/phút, độ ồn thấp dưới 62db  - Hàng chính hãng"
Dien Gia Dung,Máy làm sữa hạt Hafele HS-B151NW - HÀNG CHÍNH HÃNG - 535.43.485
Dien Gia Dung,Nồi chiên không dầu Philips 4.2 lít NA220/00  - Hàng chính hãng
Dien Gia Dung,"Nồi cơm điện cao tần Kangaroo, model KGR18IH3, dung tích 1,8L, công nghệ gia nhiệt cao tần IH hiện đại, 12 chức năng nấu đa dạng - Hàng chính hãng"
Dien Gia Dung,Máy cạo râu du lịch Magic B-60 - Hàng chính hãng
Dien Gia Dung,"Lò vi sóng Toshiba MWP-MM20P(WH) - Dung tích 20 lít, 5 mức công suất, Kết hợp chống thấm 3 lớp, Kháng khuẩn bên trong lò - Hàng chính hãng - Bảo hành 12 tháng, chất lượng Nhật Bản"
Dien Gia Dung,"Nồi cơm điện tử Cuckoo 1,8L CR-1020F- màu trắng - Bảng điều khiển LED - Lòng nồi chống dính - Chất lượng Hàn Quốc - Hàng chính hãng Cuckoovina"
Dien Gia Dung,Combo bộ lọc thô Kangaroo lõi 123 dùng cho máy lọc nước Kangaroo - Hàng chính hãng
Dien Gia Dung,Máy làm sữa hạt Elmich CBE3902 mẫu mới 2023 điều khiển cảm ứng - Hàng chính hãng
Dien Gia Dung,"Nồi Chưng Yến Tiềm Thuốc Bắc, Nấu Cháo Bear SUBE002 Gồm 3 Thố Và Khay Hấp Dung Tích 1.6 Lít Công Suất 200 W - Hàng Chính Hãng"
Dien Gia Dung,Bàn ủi hơi nước cầm tay PHILIPS STH1000/10 (900W) - Hàng Chính Hãng
Dien Gia Dung,Máy ép tóc Philips HP8401/00 - Hàng Chính Hãng
Dien Gia Dung,Nồi chiên không dầu Philips HD9650 - Hàng chính hãng
Dien Gia Dung,Lon gas chuyên dụng Namilux - HÀNG CHÍNH HÃNG NAMILUX (MP)
Dien Gia Dung,"Máy phun sương tạo độ ẩm không khí dung tích lớn 550ml - cấp ẩm cho da, phòng điều hòa, khuếch tán tinh dầu - Chĩnh Hãng - VinBuy"
Dien Gia Dung,"Nồi nấu cháo chậm, ninh hầm cách thuỷ BEAR SUBE002 1.6L (kèm 2 thố nhỏ 0.5L và lồng hấp) - Hàng chính hãng"
Dien Gia Dung,Nồi Chiên Không Dầu Điện Tử Lock&Lock EJF296BLK (7.2 Lít) - Kèm Chảo Nướng - Hàng Chính Hãng
Dien Gia Dung,Lò Vi Sóng Toshiba ER-SM20(W1)VN (20 Lít) - Hàng Chính Hãng
Dien Gia Dung,Máy Xay Sinh Tố Lock&Lock EJM436MIT (250W - 600ml) - Hàng chính hãng
Dien Gia Dung,Nồi Cơm Điện Kangaroo KG823 (1.2 Lít) - Hàng chính hãng
Dien Gia Dung,Ấm Đun Nước Siêu Tốc Tiross TS1367 (1L) - Hàng chính hãng
Dien Gia Dung,Quạt đứng Senko DTS1607 - Hàng chính hãng
Dien Gia Dung,Lò Vi Sóng Sharp R-202VN-S (20L) - Bạc - Hàng chính hãng
Dien Gia Dung,Quạt Đứng Toshiba F-LSD10(H)VN (30W) - Xám - Hàng chính hãng
Dien Gia Dung,Máy Lọc Không Khí Sharp FP-J30E-A (50W)- Hàng chính hãng
Dien Gia Dung,Nồi Cơm Điện Nắp Rời Sharp KSH-D06V (0.6L) - Màu Ngẫu Nhiên - Hàng Chính Hãng
Dien Gia Dung,Lò Vi Sóng Sharp R-205VN(S) - 20L - Hàng chính hãng
Dien Gia Dung,Nồi Cơm Điện Tử Cuckoo CR-0631F (1L) - Hàng Chính Hãng
Dien Gia Dung,Nồi cơm nắp gài Lock&Lock 1.5 lít EJR442IVY - Hàng chính hãng
Dien Gia Dung,Lò vi sóng Sharp R-2030E- CH 20 lít - 5 mức công suất 800W - Hàng Chính Hãng
Dien Gia Dung,Nồi Cơm Điện Sứ Dưỡng Sinh Mishio MK365 lòng sứ nguyên chất 0.8L không chứa chất chống dính - Hàng chính hãng
Dien Gia Dung,SIÊU HOT - Quạt điều hòa hơi nước mini ngăn đá 1 cửa - quạt điều hòa cổng cắm USB 206128( hàng nhập khẩu )
Dien Gia Dung,Nhiệt Kế Đo Nhiệt Độ Thức Ăn - Hàng chính hãng 
Dien Gia Dung,"Bình áp nhựa 4.0 và 3.2 cho máy lọc nước RO Karofi, Kangaroo, Forseti,... - Hàng nhập khẩu"
Dien Gia Dung,"Máy đánh trứng, tạo bọt mini cầm tay 3 tốc độ dùng pin sạc - hàng chính hãng"
Dien Gia Dung,Nồi Cơm Điện Mishio MK233 size 0.8L nấu cơm ngon - Hàng chính hãng
Dien Gia Dung,"HÀNG CHÍNH HÃNG - Máy pha cà phê espresso bán tự động, thương hiệu Mỹ HiBREW cao cấp - H11"
Dien Gia Dung,Máy pha cà phê Bear SB-CF06A - Hàng chính hãng
Dien Gia Dung,"Máy Hút Bụi Cầm Tay Không Dây Damas DA113C - Lực Hút Mạnh Mẽ 16000PA - Đa Năng Hút Bụi Khô Và Ướt - Máy Hút Bụi Ô Tô, Hút Bụi Gia Đình - Hàng Chính Hãng"
Dien Gia Dung,"Quạt Sạc Tích Điện Để Bàn Đa Năng COMET CRF1506 7W, 4 Cấp Độ Gió, Xoay 90 Độ, 2 pin rời 18650 Lithium 1500mAh Để Bàn Văn Phòng"
Dien Gia Dung,Ấm đun siêu tốc Smartcook 1.5L KES-3857 - Hàng chính hãng
Dien Gia Dung,Quạt bàn Senko BD1012 Kem môn - Hàng chính hãng
Dien Gia Dung,Máy xay thực phẩm đa năng 3in1 Magic Eco AC-17 2L - Hàng chính hãng
Dien Gia Dung,Máy Hút Bụi Cầm Tay Không Dây Sạc Pin Đa Năng Damas D610W - Hàng Nhập Khẩu
Dien Gia Dung,Máy Xay Sinh Tố Philips HR2041/30 (450W) - Hàng Chính Hãng
Dien Gia Dung,Nồi cơm điện nắp gài Sharp 1.8 lít KS-183TJV-CH - Hàng chính hãng
Dien Gia Dung,Máy hút bụi Deerma DX700S ( hàng nhập khẩu )
Dien Gia Dung,"Nồi nấu chậm, nồi kho cá nấu cháo Fujika 1.5L/2.5L(chọn phân loại), công suất 140W-240W, màu ngẫu nhiên-hàng chính hãng"
Dien Gia Dung,Máy Hút Bụi Ô Tô Cầm Tay Không Dây Damas XC628 - Máy có thể hút khô và nước - Sử dụng sạc pin - Hàng Nhập Khẩu
Dien Gia Dung,Bộ lọc nước  - lõi lọc nước trực tiếp tại vòi Bộ lọc nước  - Lõi lọc thay thế
Dien Gia Dung,Máy Xay Sinh Tố Toshiba MX-60T(H) (600W - 1.5 Lít) - Hàng Chính Hãng
Dien Gia Dung,Máy cạo râu Xiaomi Enchen BlackStone - Hàng Nhập Khẩu
Dien Gia Dung,Quạt tháp Tiross TS9182 (35W) - Hàng Chính Hãng
Dien Gia Dung,Quạt Treo Tường Senko Có Remote TR1628 - Giao Màu Ngẫu Nhiên - Hàng Chính Hãng
Dien Gia Dung,Máy Vắt Cam Lock&Lock EJJ241 (40W - 1.2 Lít) - Hàng chính hãng
Dien Gia Dung,Nồi Cơm Điện Nắp Gài Sharp KS-19TJVBC (1.8L) - Hàng Chính Hãng
Dien Gia Dung,Máy Sấy Tóc Panasonic PAST-EH-NA45RP645-Hàng Chính Hãng
Dien Gia Dung,Nồi Áp Suất Điện Tử Philips HD2136 (5 Lít) - Hàng Chính Hãng
Dien Gia Dung,Bàn Ủi Hơi Nước PANASONIC NI-GHD021WRA 1300W – Cầm Tay Nhỏ Gọn – Hàng Chính Hãng
Dien Gia Dung,"Máy Sấy Tóc Ion Âm 2 Chiều GDV Nóng Lạnh Chăm Sóc Tóc Tốc Độ, Có 3 Chế Độ Sấy, Tặng Kèm Đầu Sấy Tạo Kiểu - Màu Ngẫu Nhiên - Hàng Chính Hãng"
Dien Gia Dung,"Quạt cầm tay turbo mini siêu mát Pin trâu 5000 mAh, nhỏ gọn linh hoạt hiệu WARMCO - 100 chế độ gió, dùng liên tục 18h (tùy mức gió), thiết kế đẹp, bền - hàng nhập khẩu"
Dien Gia Dung,"Máy Xay Hạt Khô Đa Năng Mẫu Mới Công Suất 300W 8 Lưỡi, Xay Các Loại Hạt, Đồ Khô, Coffee, Ngũ Cốc Không Ồn Tiện Lợi - Hàng Chính Hãng"
Dien Gia Dung,Máy xay ăn dặm 0.3L Bear GR-B03V8 - Hàng chính hãng
Dien Gia Dung,Ấm thuỷ giữ nhiệt 1.7 Lít Mishio MK385 inox 304 - hàng chính hãng
Dien Gia Dung,"Máy sấy thực phẩm gia đình 5 khay Septree DBC-05A hẹn giờ sấy khô tự ngắt, hàng chính hãng"
Dien Gia Dung,"Máy phun sương tạo ẩm Rhino H903 dung tích 250ml, nhỏ gọn, không gây tiếng ồn, tích hợp đèn ngủ RGB nhiều màu - Hàng chính hãng"
Dien Gia Dung,Bếp điện từ đơn model KG20IC3 - Hàng chính hãng
Dien Gia Dung,Máy tỉa lông mũi Xiaomi Enchen EN005 bỏ túi tiện lợi dễ dàng làm sạch nhanh - Hàng nhập khẩu
Dien Gia Dung,"Nồi Nấu Cháo, Nấu Chậm Bear SUBE001 0,8L - Hàng chính hãng"
Dien Gia Dung,"Nồi Nấu Cháo, Nấu Chậm Bear 0.8L thế hệ mới SB-NNC08, bản tiếng Việt - Hàng chính hãng"
Dien Gia Dung,Nồi cơm điện tử Tiger JBV-S18W 1.8L - HÀNG CHÍNH HÃNG
Dien Gia Dung,"Máy Cạo Râu Đa Năng 4 Trong 1  9D - Cạo Râu, Tỉa Lông Mũi, Tông Đơ, Rửa Mặt - HÀNG CHÍNH HÃNG MINIIN"
Dien Gia Dung,"Máy Cạo Râu Mini Đa Năng Nhật Bản, Dao Cạo Râu Điện Khô Sử Dụng Lưỡi Dao Cạo Râu 3 Cạnh Không Trầy Xước"
Dien Gia Dung,Nồi cơm điện Sunhouse SHD8606 1.8L - Hàng chính hãng
Dien Gia Dung,Máy Sấy tóc Philips - HP8108/00 - Dễ dàng sấy - Tạo nhiều kiểu tóc - Chính hãng
Dien Gia Dung,Máy sấy tóc Panasonic ND11 - Hàng chính hãng
Dien Gia Dung,"Tông đơ cắt tóc dành cho gia đình và salon Kemei KM-5020 có thể điều chỉnh lưỡi cắt có 2 mức tốc độ, cắt tóc trẻ em và người lớn đều được"
Dien Gia Dung,Lõi lọc không khí Xiaomi Hàng Chính Hãng
Dien Gia Dung,"Quạt đứng SENKO sải cảnh lớn , hẹn giờ bật tắt cao cấp hàng chính hãng- GIAO MÀU NGẪU NHIÊN  "
Dien Gia Dung,Quạt lỡ thân sắt SENKO LTS1636 - Hàng chính hãng
Dien Gia Dung,Quạt điện Senko để bàn tiện lợi cao cấp B1216 màu ngẫu nhiên - Hàng Chính Hãng
Dien Gia Dung,Máy hút bụi cầm tay Deerma DX115C (600W) - Hàng Chính Hãng
Dien Gia Dung,Máy Làm Sữa Chua Và Pho Mát 6 Trong 1 Kuvings KGC-712CB (2.0L) – Màu đỏ - Hàng Chính Hãng
Dien Gia Dung,Máy Làm Bánh Waffle Tiross TS1384 (1000W) - Hàng Chính Hãng
Dien Gia Dung,Máy Lọc Không Khí Panasonic F-P15EHA - Hàng Chính Hãng
Dien Gia Dung,Quạt Điện Đứng Senko L1338 - Giao Màu Ngẫu Nhiên - Hàng Chính Hãng
Dien Gia Dung,Quạt Treo Tường 2 Dây Senko TC1886 (45W) - Hàng Chính Hãng
Dien Gia Dung,Quạt Treo Tường 2 Dây Senko TC1622 (65W) - Cam - Hàng Chính Hãng
Dien Gia Dung,Máy Hút Bụi Philips FC9351 (1900W) - Đỏ - Hàng chính hãng
Dien Gia Dung,Vỉ Nướng Điện Lock&Lock EJG211BLK (1800W) - Hàng chính hãng
Dien Gia Dung,Quạt Cầm Tay Tích Điện VMF-07 5 Cấp Độ Gió Xoay 180 Độ Gấp Gọn Tặng Kèm Dây Đeo Cổ Tiện Lợi
Dien Gia Dung,"Máy Xay Thịt Đa Năng 500W, 4 Lưỡi Dao, Dung Tích 3.5L – Xay Nhanh, Tiện Lợi - HÀNG CHÍNH HÃNG MINIIN"
Dien Gia Dung,Máy Ép Tóc Uốn Tóc Duỗi Tóc  Mini Tiện Lợi - Hàng chính hãng (Giao Màu Ngẫu Nhiên)
Dien Gia Dung,Bàn Ủi Hơi Nước Cầm Tay PHILIPS STH5020/20 - Hàng chính hãng
Dien Gia Dung,NỒI CƠM ĐIỆN 1.8L SUNHOUSE SHD8611R (700W) - Hàng chính hãng
Dien Gia Dung,[Hàng chính hãng] Máy pha cà phê espresso DeLonghi Stilosa EC230.BK
Dien Gia Dung,Nồi lẩu Bear SB-NL05F 5L (1500W) - Hàng chính hãng
Dien Gia Dung,Nồi áp suất Bear SB-AS25L 2.5L (600W) - Hàng chính hãng
Lam Dep Suc Khoe,Dung dịch vệ sinh Mistine Ladycare Intimate Cleanser
Lam Dep Suc Khoe,Sữa Dưỡng Thể NIVEA Dưỡng Ẩm Chuyên Sâu 48H | Thấm Nhanh (500 ml) - 80212
Lam Dep Suc Khoe,Khẩu Trang Y Tế Kháng Khuẩn Cao Cấp An Tâm - 4 Lớp - 50 Cái/Hộp
Lam Dep Suc Khoe,Kem Dưỡng Ẩm Da NIVEA Crème (60 ml) - 80102
Lam Dep Suc Khoe,Nước tẩy trang bí đao Cocoon 500ml
Lam Dep Suc Khoe,Tẩy Da Chết Mặt Cà Phê Đắk Lắk Cocoon 150ml
Lam Dep Suc Khoe,Dầu gội bưởi Cocoon giúp giảm gãy rụng và làm mềm tóc 500ml
Lam Dep Suc Khoe,"Kem xả phục hồi tóc Dove Phục Hồi Hư Tổn Công nghệ độc quyền Định Vị Hư Tổn Chính Xác cho tóc suôn mượt, khỏe đẹp 610g"
Lam Dep Suc Khoe,"Combo 3 Xà Bông Cục SAFEGUARD Sạch 99,9% Vi Khuẩn & Dịu Nhẹ Cho Da 130g/125g"
Lam Dep Suc Khoe,Nước nhỏ mắt cấp ẩm & bổ sung nước mắt nhân tạo V.Rohto DryEye 13ml
Lam Dep Suc Khoe,Đầu Bàn Chải Điện LocknLock ENR546BLK (4pcs) - Màu Đen
Lam Dep Suc Khoe,Kem dưỡng trắng dạng gel Hada Labo Perfect White Tranexamic Acid Cream 50g
Lam Dep Suc Khoe,Sữa Dưỡng Thể NIVEA Extra Bright Dưỡng Sáng Da | Mịn Da (350 ml)
Lam Dep Suc Khoe,"Dầu gội Selsun chống gàu, sạch gàu & hết ngứa da đầu Selsun Anti-Dandruff Shampoo 250ml"
Lam Dep Suc Khoe,Dầu Gội PANTENE Chai
Lam Dep Suc Khoe,Sữa rửa mặt dưỡng trắng Hada Labo Perfect White Tranexamic Acid Cleanser 80g
Lam Dep Suc Khoe,Kem dưỡng trắng Hada Labo Perfect White Tranexamic Acid Cream 50g
Lam Dep Suc Khoe,Son dưỡng môi hiệu chỉnh ửng hồng tự nhiên Lipice Sheer Color Hương Tinh Khiết (Natural) 2.4g
Lam Dep Suc Khoe,Sữa rửa mặt ngăn ngừa mụn Acnes Creamy Wash 100g
Lam Dep Suc Khoe,Sữa rửa mặt cho nam Oxy sạch sâu giảm nhờn dạng kem có hạt massage Oxy Deep Wash 100g
Lam Dep Suc Khoe,Kem Rửa Mặt Tút Sáng Từ Đất Sét Trắng Oxy White Complete (100g)
Lam Dep Suc Khoe,"Dầu gội Selsun chống gàu, sạch gàu & hết ngứa da đầu Selsun Anti-Dandruff Shampoo 50ml"
Lam Dep Suc Khoe,Sữa rửa mặt kiểm soát nhờn ngăn ngừa mụn dạng gel Acnes Oil Control Cleanser 100g
Lam Dep Suc Khoe,Sữa Tắm Lifebuoy 800gr Detox Và Sạch Sâu Khỏi Bụi Mịn Pm2.5 Detox 100% Từ Thiên Nhiên Diệt Khuẩn - Matcha & Khổ Qua
Lam Dep Suc Khoe,Miếng dán mụn giúp giảm mụn sưng viêm Acnes Clear Patch (24 Miếng)
Lam Dep Suc Khoe,"Sữa rửa mặt vitamin làm sáng da, mờ sẹo thâm dạng kem Acnes Vitamin Cleanser 100g"
Lam Dep Suc Khoe,Bao cao su Durex Invisible Extra Thin Extra Sensitive 1 Hộp 10 Bao
Lam Dep Suc Khoe,Son dưỡng có màu tự nhiên LipIce Sheer Color Q Strawberry Tea (Trà dâu) 2.4g
Lam Dep Suc Khoe,Phim Thấm Dầu Acnes Oil Remover Film 50 Tờ
Lam Dep Suc Khoe,"Giấy thấm dầu kiểm soát nhờn, ngừa mụn Acnes Oil Remover Paper 100 tờ"
Lam Dep Suc Khoe,Son dưỡng có màu tự nhiên LipIce Sheer Color Q
Lam Dep Suc Khoe,"Kem chống nắng Sunplay cho bé từ 6 tháng tuổi và da nhạy cảm, dạng sữa Sunplay Baby Mild SPF 35, PA++ 30g"
Lam Dep Suc Khoe,"Kem chống nắng Sunplay cực mạnh dạng sữa Sunplay Super Block SPF 81, PA++++ 30g"
Lam Dep Suc Khoe,Bao cao su Durex Kingtex 12 bao
Lam Dep Suc Khoe,"Dầu gội Selsun chống gàu, sạch gàu & hết ngứa da đầu Selsun Anti-Dandruff Shampoo 100ml"
Lam Dep Suc Khoe,Kem mờ sẹo và thâm dạng gel Acnes Scar Care 12g
Lam Dep Suc Khoe,Sữa rửa mặt cải thiện dấu hiệu lão hóa dạng kem Hada Labo Pro-Aging Retinol B3 Cleanser 80g
Lam Dep Suc Khoe,Sữa rửa mặt dưỡng ẩm tối ưu Hada Labo Advanced Nourish Cleanser 80g
Lam Dep Suc Khoe,"Kem chống nắng Sunplay cực mạnh dạng sữa Sunplay Super Block SPF 81, PA++++ 70g"
Lam Dep Suc Khoe,"Nước Tẩy Trang Sen Hậu Giang Sạch Bụi Siêu Mịn PM1.0, Có Prebiotics Dịu Êm Cho Da Rất Nhạy Cảm Cocoon 500ml"
Lam Dep Suc Khoe,Xịt Dưỡng Tóc Phục Hồi Tsubaki Premium Treatment Hair Water 210ml (mẫu mới)
Lam Dep Suc Khoe,Nước rửa tay sạch khuẩn Lifebuoy Túi 400G - Sữa dưỡng ẩm
Lam Dep Suc Khoe,Combo 2 LIFEBUOY nước rửa tay sữa dưỡng ẩm 180g
Lam Dep Suc Khoe,Sữa rửa mặt X-Men 100g Detox/Sáng da/Ngừa mụn/Kiểm soát nhờn/Mát lạnh
Lam Dep Suc Khoe,[100 Cái 6A] Thùng/Combo Khẩu Trang Y Tế Kháng Khuẩn Chống Nắng 6A  An Tâm -10 Túi/100 Cái
Lam Dep Suc Khoe,"Xịt khoáng dưỡng ẩm, làm dịu và bảo vệ da Evoluderm Atomiseur Eau Pure"
Lam Dep Suc Khoe,XỊT KHỬ MÙI XMEN FOR BOSS 150ML
Lam Dep Suc Khoe,Son Dưỡng Dầu Dừa Bến Tre Cocoon 
Lam Dep Suc Khoe,Phấn phủ kiềm dầu PERFECT DIARY chống thấm nước kiểm soát dầu lên đến 12h với 3 màu tùy chọn 7g
Lam Dep Suc Khoe,Sữa Dưỡng Thể NIVEA Dưỡng Ẩm Chuyên Sâu 48H | Thấm Nhanh (380 ml) - 99569
Lam Dep Suc Khoe,Dầu gội bưởi Cocoon 310ml
Lam Dep Suc Khoe,Dầu xả bưởi Cocoon 310ml
Lam Dep Suc Khoe,Tẩy da chết cơ thể cà phê Dăk Lăk  Cocoon - Hũ 200ml
Lam Dep Suc Khoe,[MỚI] Băng vệ sinh quần Diana chống tràn 360 size M-L (12 miếng/ gói)
Lam Dep Suc Khoe,"Dầu gội siêu dưỡng, phục hồi salon link 1000ml/chai"
Lam Dep Suc Khoe,Kem chống nắng dạng gel dịu nhẹ cho da nhạy cảm và trẻ em Anessa Mineral UV sunscreen mild gel For Sensitive Skin & Babies SPF 35+ PA++++ 90g
Lam Dep Suc Khoe,Máy Tăm Nước Không Dây LocknLock Cordless Oral Irrigator
Lam Dep Suc Khoe,Lăn Ngăn Mùi NIVEA Extra Brightening Trắng Mịn Mờ Vết Thâm (50ml) - 83747
Lam Dep Suc Khoe,[300 Cái Khẩu Trang KF94] Thùng Khẩu Trang Y Tế Kháng Khuẩn KF94 An Tâm- 4 Lớp
Lam Dep Suc Khoe,Son dưỡng có màu hiệu chỉnh sắc môi Lipice Sheer Color Red- Đỏ mọng 2.4g
Lam Dep Suc Khoe,"Bàn Chải Đánh Răng Điện LocknLock ENR346WHT - DC3.7V, Trọng Lượng 235g, Sạc Không Dây - Màu Trắng"
Lam Dep Suc Khoe,Cân sức khỏe Life360
Lam Dep Suc Khoe,[HOT DEAL] Kem Dưỡng Da Trắng Hồng ban đêm Giảm Thâm Sạm Không Cồn dạng gel SENKA AQUA BRIGHT GLOW GEL CREAM 50g - 15538
Lam Dep Suc Khoe,Kem chấm mụn chuyên sâu Acnes Blemish Clear Cream 10g
Lam Dep Suc Khoe,Sữa Rửa Mặt Nivea Men Hạt Mát Xa Sạch Nhờn Mát Lạnh (100G) - 88880 - Sữa Rửa Mặt NIVEA MEN Bọt Mịn Sạch Nhờn Mát Lạnh  NIVEA (100G) - 88869
Lam Dep Suc Khoe,Bao cao su Durex Jeans Hộp 30 bao
Lam Dep Suc Khoe,Kem chống nắng dạng sữa dịu nhẹ cho da nhạy cảm và trẻ em Anessa Perfect UV Sunscreen Mild Milk For Sensitive Skin SPF 50+ PA++++ 60ml
Lam Dep Suc Khoe,Sữa rửa mặt tạo bọt ngăn ngừa mụn Acnes Foaming Wash 150ml
Lam Dep Suc Khoe,Gel bôi trơn Durex Play Classic 50ml
Lam Dep Suc Khoe,Bao cao su Durex Invisible Extra Thin Extra Lubricated 1 Hộp 10 Bao
Lam Dep Suc Khoe,Bao cao su Durex Performa 12 bao
Lam Dep Suc Khoe,Combo 3 Bông Tẩy Trang Jomi (80 Miếng / Túi)
Lam Dep Suc Khoe,Kem dưỡng cải thiện lão hóa Hada Labo Pro-Aging Retinol B3 Cream 50g
Lam Dep Suc Khoe,Dầu Gội Cao Cấp Cho Nam Romano Force (650g)
Lam Dep Suc Khoe,Bao cao su Durex Performa 3 bao
Lam Dep Suc Khoe,Bao cao su Durex Pleasuremax Hộp 12 Bao
Lam Dep Suc Khoe,"Viên uống Ngựa Thái,hộp 10 viên, tăng cường sinh lý nam, Thái lan, hỗ trợ sức khỏe nam giới"
Lam Dep Suc Khoe,Combo 2 Kem Đánh Răng P/S Ngừa Sâu Răng Vượt Trội 230G
Lam Dep Suc Khoe,Sữa Tắm Enchanteur Dưỡng Da Thiên Nhiên Hoa Iris 510g
Lam Dep Suc Khoe,Lăn khử mùi Refre x Kuromi Natural Whitening Perfume 40ml
Lam Dep Suc Khoe,Sữa Dưỡng Thể NIVEA 8 Super Foods Dưỡng Sáng Da | Mịn Da (550 ml) - 98924
Lam Dep Suc Khoe,Serum Sáng Đa Tầng Pond'S Bright Miracle Mờ Thâm Sạm Với 50X Niasorcinol 30gr
Lam Dep Suc Khoe,Dung dịch chống muỗi dạng phun sương Remos Mentholatum hương Sả Chanh 70ml
Lam Dep Suc Khoe,Phấn phủ CARSLAN dạng bột từ tính kiềm dầu màu đen chống nước chống mồ hôi che phủ bóng dầu cho mặt 8g
Lam Dep Suc Khoe,Chì kẻ mày PERFECT DIARY 0.28g chống thấm nước 5 màu tùy chọn
Lam Dep Suc Khoe,"Viên uống tăng cường sinh lý nam Ngựa Thái, hộp 10 viên"
Lam Dep Suc Khoe,Nước dưỡng tóc tinh dầu bưởi Cocoon 140ml - NEW
Lam Dep Suc Khoe,Dung dịch chấm mụn bí đao Cocoon 5ml
Lam Dep Suc Khoe,Kem dưỡng thể Emmié Face & Body Niacinamide Emulsion làm trắng da 7% (230ml)/10% (230g) - Hàng chính hãng
Lam Dep Suc Khoe,Xịt chống nắng bảo vệ đa chiều Skin Aqua Ultra Protection Mist 60ml
Lam Dep Suc Khoe,"[MỚI] Kem tẩy lông Veet Pure cho da thường 50g, công thức cải tiến"
Lam Dep Suc Khoe,"Băng thun cuộn tự dính y tế COBAN 1583, màu Tan, khổ 3inx5yds, (7,5cmx4,5cm)"
Lam Dep Suc Khoe,Lăn Ngăn Mùi NIVEA MEN Cool Kick Mát Lạnh (50ml) - 82886
Lam Dep Suc Khoe,Xịt chống muỗi Rohto Mentholatum Remos Hương Lavender 150ml
Lam Dep Suc Khoe,Kem chống nắng cho da dầu mụn Acnes Blemish Control Sunscreen 50g
Lam Dep Suc Khoe,"Sữa rửa mặt Hada Labo cho da dầu mụn, da nhạy cảm Hada Labo Acne Care Calming Cleanser 80g"
Lam Dep Suc Khoe,"Dầu Gội Clear Thảo Dược Nuôi Dưỡng Da Đầu Từ Gốc, Sạch Gàu Và Giảm Gãy Rụng 630g - Gừng & Hoa Cúc"
Lam Dep Suc Khoe,Dụng Cụ day ấn Huyệt Mát xa tam giác Gỗ thơm (MH854) Hỗ trợ điều trị bệnh xương khớp - chăm sóc sức khỏe
Lam Dep Suc Khoe,Combo 2 Kem đánh răng P/S Trắng răng than hoạt tính & tre 230g
Lam Dep Suc Khoe,"Son dưỡng môi dạng sáp chuyên biệt dành cho môi khô, nứt nẻ Mentholatum Medi Lip Balm 7g"
Lam Dep Suc Khoe,"Dầu xả ngăn rụng tóc, dưỡng tóc 50 Megumi Hair Fall Control Conditioner"
Lam Dep Suc Khoe,Nước Tẩy Trang NIVEA Hokkaido Rose Làm Sạch Trang Điểm Hiệu Quả (400 Ml) - 86550
Lam Dep Suc Khoe,Hộp Khẩu Trang 3D Mask Unicharm Nhật Bản Ngăn Ngừa Khói Bụi Chống Ô Nhiễm (100 miếng)
Lam Dep Suc Khoe,Son dưỡng môi không màu chuyển kem mịn LipIce Creamy
Lam Dep Suc Khoe,Gel chấm mụn đầu trắng và đầu đen Acnes Sealing Jell 18g
Lam Dep Suc Khoe,Sữa rửa mặt cho nam Oxy sạch sâu mát lạnh dạng kem Oxy Perfect Wash 100g
Lam Dep Suc Khoe,Gel bôi trơn Durex Play Strawberry 100ml
Lam Dep Suc Khoe,Gel bôi trơn Durex Play Warming 100ml
Lam Dep Suc Khoe,Bao cao su Durex Invisible Extra Thin Extra Sensitive 1 Hộp 3 Bao
Lam Dep Suc Khoe,Lăn Khử Mùi Trắng Da Hương Nước Hoa Enchanteur Romantic 50ml - 1012063
Lam Dep Suc Khoe,Durex Gel Bôi Trơn Play Massage 2 - in- 1 200ml
Lam Dep Suc Khoe,Bao cao su Durex Fetherlite Hộp 3 Bao
Lam Dep Suc Khoe,Combo 2 Kem Đánh Răng P/S Bảo vệ 123 - 180G
Lam Dep Suc Khoe,Lăn khử mùi Mistine Top Country Roll On
Lam Dep Suc Khoe,Bộ 2 Bàn Chải Colgate Trắng Răng Optic White
Lam Dep Suc Khoe,"[CHÍNH HÃNG] Kem Đánh Răng Sensodyne – Giảm Ê Buốt, Bảo Vệ Răng Nhạy Cảm Hiệu Quả"
Lam Dep Suc Khoe,Dung dịch chống muỗi dạng phun sương Rohto Mentholatum Remos Hương Lavender 70ml
Lam Dep Suc Khoe,"Máy massage mặt toàn thân, máy massage mini cầm tay 20 chế độ với 8 tốc độ khác nhau"
Lam Dep Suc Khoe,Dầu Massage Body 500ml Tinh Chất Gừng Ngải Cứu Spa Đông Y Cổ Vai Gáy Dưỡng Sinh Giảm Đau Xương Khớp
Lam Dep Suc Khoe,"Sữa rửa mặt cho nam Oxy sạch dịu nhẹ, kiềm dầu dạng kem Oxy Oil Acne Wash 100g"
Lam Dep Suc Khoe,[MỚI] Bộ 2 Băng vệ sinh quần Diana chống tràn 360 size S-M (5 miếng/ gói)
Lam Dep Suc Khoe,Kem đánh răng Marvis (75ml/85ml) - Hàng chính hãng
Lam Dep Suc Khoe,Kem Đánh Răng Colgate Vitamin C Thơm Mát 170G 
Lam Dep Suc Khoe,Kem Dưỡng Olay Luminous Sáng Da Mờ Thâm Nám Ban Đêm 50g
Lam Dep Suc Khoe,"Dung dịch dưỡng trắng cao cấp, cải thiện thâm nám, tàn nhang Hada Labo Shirojyun Premium Whitening Lotion 170ml"
Lam Dep Suc Khoe,Dầu Gội HEAD & SHOULDERS Chai 625ml
Lam Dep Suc Khoe,Dầu Gội Head&Shoulders Bạc Hà Mát Lạnh Chai 1200ml 
Lam Dep Suc Khoe,"Kem Làm Mờ Sẹo Thâm, Sẹo Rỗ, Sẹo Lõm Scar Esthetique của Rejuvaskin - thương hiệu hỗ trợ trị sẹo Hoa Kỳ "
Lam Dep Suc Khoe,Sữa tắm Hazeline Dưỡng Thể Trắng Sáng & Mịn Da Từ Thiên Nhiên Matcha Lựu Đỏ 1kg
Lam Dep Suc Khoe,Serum Dưỡng Thể & Chống Nắng SPF50 PA+++ NIVEA Vitamin Super C+ 170ml 99193
Lam Dep Suc Khoe,"Tinh Dầu Thiên Nhiên Kobi 10ml Nguyên Chất, Tinh Dầu Xông Phòng, Giúp Giảm Stress, Xua Đuổi Côn Trùng Và Khử Mùi Hiệu Quả, Dùng Với Đèn Xông Tinh Dầu, Máy Khuếch Tán Tinh Dầu, Massage"
Lam Dep Suc Khoe,Hộp Dầu Gội Phủ Bạc Thảo Dược Komi Nhật Bản [10Gói = 250ml
Lam Dep Suc Khoe,Kem Dưỡng Mềm Da Nivea Soft Crème (200 Ml) - 89050
Lam Dep Suc Khoe,"Sữa rửa mặt Simple giúp cấp ẩm, da trông khỏe và mịn màng - cho da khô nhạy cảm 150ml [CHÍNH HÃNG ĐỘC QUYỀN] [MỚI]"
Lam Dep Suc Khoe,"Bao cao su gân gai, hạt nổi, kéo dài thời gian G'EXlife Rock'nRoll"
Lam Dep Suc Khoe,Băng vệ sinh hàng ngày Laurier Nhật Bản 72 miếng
Lam Dep Suc Khoe,Combo 10 Mặt Nạ BNBG Hydrating Vita Genic Jelly Mask Dưỡng Ẩm Da Đa Tầng 30mlx10
Lam Dep Suc Khoe,Dầu Gội Head&Shoulders Dành Cho Da Đầu Ngứa Chai 1200ml
Lam Dep Suc Khoe,Bộ đôi Kem chống nắng dạng sữa dưỡng da kiềm dầu bảo vệ hoàn hảo + Kem chống nắng dạng xịt dưỡng da bảo vệ hoàn hảo (Anessa Gold Milk 60ml + Gold Spray 60g)
Lam Dep Suc Khoe,Kem dưỡng ẩm chống nắng ban ngày dạng gel Hada Labo Koi-Gokujyun UV White Gel SPF50+ PA++++ 90g
Lam Dep Suc Khoe,Sữa tắm Enchanteur Delightful (650g)
Lam Dep Suc Khoe,Bao Cao Su Innova Đen- Gai Lớn - Kéo Dài Thời Gian Cực Đã hộp 12c
Lam Dep Suc Khoe,Lăn khử mùi chiết xuất thiên nhiên Refre Natural Green Tea Hương Trà Xanh 40ml
Lam Dep Suc Khoe,Bộ 6 Gói Băng Vệ Sinh Diana SenSi Cool Fresh Siêu Mỏng Cánh (8 Miếng/Gói)
Lam Dep Suc Khoe,Sữa Rửa Mặt Mịn Và Săn Chắc Da Senka Perfect Whip Collagen In 120G - [4901872462087]
Lam Dep Suc Khoe,Gel bôi trơn Durex K-Y Jelly 50g - KY Jelly
Lam Dep Suc Khoe,"Kem chống nắng Skin Aqua dưỡng trắng, kiểm dầu, dùng hàng ngày dạng sữa Sunplay Skin Aqua Clear White Eco Việt Nam SPF50, PA++++ 25g"
Lam Dep Suc Khoe,Dầu Gội Pantene Phục Hồi Tóc Hư Tổn (1200ml)
Lam Dep Suc Khoe,Lưỡi Dao Cạo Gillette Vector 4
Lam Dep Suc Khoe,Sữa Tắm Nước Hoa Enchanteur Romantic 650g
Lam Dep Suc Khoe,Dầu Gội Cao Cấp Cho Nam Romano Attitude (650g)
Lam Dep Suc Khoe,Miếng Dán Mụn Cóc Loại Bỏ Mụn Cóc Tại Nhà An Toàn ( Hộp 6 miếng ) - Miếng dán giảm đau mụn cóc - Sản Phẩm Chăm Sóc Cá Nhân Khác
Lam Dep Suc Khoe,Lăn Nách Khử Mùi Perspirex Strong Cho Người Nặng Mùi Và Nhiều Mồ Hôi 20ml
Lam Dep Suc Khoe,Bộ 3 kem đánh răng Maxfresh Tinh chất than tre 180g
Lam Dep Suc Khoe,Combo 10 Mặt Nạ Tăng Sinh Collagen Cấp Tốc Dr.WonJin Instant Repair Triple Peptide Wrinkle Solution Mask 30g x10
Lam Dep Suc Khoe,(Thùng 16 gói) Băng vệ sinh Kotex ban đêm dạng quần cỡ M/L và L/XL 2 quần/1 gói
Lam Dep Suc Khoe,"Khăn Ướt Cồn LET-GREEN 90 Miếng | Sạch Khuẩn, Sạch Bẩn"
Lam Dep Suc Khoe,Xịt Khử Mùi Vip Romano 150Ml
Lam Dep Suc Khoe,Combo 4 Băng Vệ Sinh Kotex Hằng Ngày Kháng Khuẩn Hương Tự Nhiên - Gói 40 miếng
Lam Dep Suc Khoe,Sữa Tắm Lifebuoy 800gr Detox Và Sạch Sâu Khỏi Bụi Mịn Pm2.5 Detox 100% Từ Thiên Nhiên Diệt Khuẩn - Thảo Dược & Hoa Sen
Lam Dep Suc Khoe,Lăn Ngăn Mùi NIVEA Pearl & Beauty Ngọc Trai Quyến Rũ (50ml) - 83735
Lam Dep Suc Khoe,"Dầu massage body Kobi mát xa cơ thể giúp thư giãn, giảm đau cơ, giảm căng thẳng, mệt mỏi hiệu quả"
Lam Dep Suc Khoe,"Glucosamine 1500mg MSM 1500mg Kirkland Signature  - Phục hồi sụn khớp, Giảm đau nhức xương khớp và Hỗ trợ sự vận động linh hoạt hiệu quả - QuaTangMe Extaste"
Lam Dep Suc Khoe,Giấy thấm dầu trà xanh Acnes Oil Remover Paper Green Tea 100 tờ
Lam Dep Suc Khoe,Combo 3 Miếng Dán Giảm Mụn Mayancare 20 Miếng (0.8cm)
Lam Dep Suc Khoe,Vitamin Tổng Hợp Hỗ Trợ Sức Khỏe Nam Giới Blackmores Multivitamin For Men Lọ 50 Viên
Lam Dep Suc Khoe,Xà phòng trị mụn lưng và rửa mặt Acnes Washing Bar 75g
Lam Dep Suc Khoe,Lăn Ngăn Mùi Nivea Shaveless Ngọc Trai Đẹp Quyến Rũ 50ml - 98500
Lam Dep Suc Khoe,Dầu Gội Phủ Bạc Thảo Dược Komi Nhật Bản [Chai 500ml - Chính Hãng
Lam Dep Suc Khoe,Kem Dưỡng Da Ban Ngày OLAY Luminous Trắng Da Mờ Thâm Nám SPF15+ 50g
Lam Dep Suc Khoe,Sữa tắm Palmolive mịn màng quyến rũ 95% chiết xuất từ phong lan 1 Lít
Lam Dep Suc Khoe,Chai Xịt Chống Xuất Tinh Sớm Dynamo Delay Kèm Bao Cao Su Gai Kéo Dài Thời Gian Power Men Cá Ngựa Đen (Hộp 3 Chiếc) - Hàng Chính Hãng 100% - Che Tên Sản Phẩm
Lam Dep Suc Khoe,Kem Dưỡng Trắng Sáng & Giảm Thâm Nám Ban Ngày Senka White Beauty UV Cream 50g SPF 25 PA ++
Lam Dep Suc Khoe,Sữa chống nắng nâng tông Skin Aqua Tone up Lavender cho da tối màu & da vàng Sunplay Skin Aqua Tone Up UV Milk Lavender SPF 50+ PA++++ 50g
Lam Dep Suc Khoe,Kem dưỡng trắng da Acnes Whitening+ Cream 50g
Lam Dep Suc Khoe,Son dưỡng có màu chiết xuất trái cây Lipice Sheer Color Fruit Juice Cherry (Anh Đào
Lam Dep Suc Khoe,Bộ 3 Hộp Silcot Bông Trang Điểm (bông tẩy trang) Nhật Bản Cao Cấp (66 Miếng/Hộp)
Lam Dep Suc Khoe,Bộ 3 Hộp Silcot Bông Trang Điểm (bông tẩy trang) Nhật Bản (82 Miếng/Hộp)
Lam Dep Suc Khoe,Bao cao su Durex Kingtex 3 bao
Lam Dep Suc Khoe,Combo 6 Băng Vệ Sinh Diana Super Night 35cm (Gói 3 Miếng)
Lam Dep Suc Khoe,Nước Hoa Nữ Laurelle London Perfumes Together Forever (100ml)
Lam Dep Suc Khoe,Kem dưỡng ẩm Hada Labo Advanced Nourish Cream 50g
Lam Dep Suc Khoe,Dung dịch dưỡng ẩm tối ưu Hada Labo Advanced Nourish Lotion dùng cho da dầu 170ml
Lam Dep Suc Khoe,Sữa Rửa Mặt Tạo Bọt Chiết Xuất Tơ Tằm Trắng Senka Perfect Whip 120g - 14839
Lam Dep Suc Khoe,Bao cao su Durex Fetherlite Ultima Hộp 12 Bao
Lam Dep Suc Khoe,[MỚI] Kem Nền Serum Căng Bóng Glamrr Q Daily SkinTint Serum Vegan Foundation SPF50+/PA++++ (30ml) màu #01 sáng vừa
Lam Dep Suc Khoe,"Viên uống bổ não Ginkgo biloba 120mg, Mỹ, 340 viên"
Lam Dep Suc Khoe,Tắm Gội 2 Trong 1 Romano Hương Nước Hoa Gentleman 650g 2in1 Hair & Body Wash
Lam Dep Suc Khoe,Viên uống tăng cường sinh lý nam giới L-Arginine 1000mg và Zinc Orihiro 120 viên
Lam Dep Suc Khoe,Nước tẩy trang Evoluderm Micellar Cleansing Water 250ml
Lam Dep Suc Khoe,Nước tẩy trang bí đao Cocoon 140ml
Lam Dep Suc Khoe,Dầu gội hoa trà phục hồi tóc hư tổn salon link 1000ml/chai
Lam Dep Suc Khoe,Son Dưỡng Chuyên Sâu NIVEA Original Care (4.8 g) - 85061
Lam Dep Suc Khoe,(18 mùi) Tinh dầu thiên nhiên nguyên chất PurAroma by IMMORTEL - 10mL - Chính hãng Pháp
Lam Dep Suc Khoe,Đầu tăm nước LocknLock ENR154WHT_RB - 4 pcs - Màu trong suốt
Lam Dep Suc Khoe,Máy tăm nước LocknLock ENR154WHT - Kèm 4 đầu tăm - Dung tích 250ml - Màu trắng
Lam Dep Suc Khoe,Bàn chải đánh răng điện LocknLock Electric toothbrush DC3.7V ENR321BLK - Hộp đựng kèm - 1W - Màu đen
Lam Dep Suc Khoe,Canxi 600mg và Vitamin D3 Kirkland cho xương và răng - QuaTangMe Extaste
Lam Dep Suc Khoe,"Túi Refill - Dầu gội bưởi Cocoon giúp giảm gãy rụng và làm mềm tóc 500ml, thuần chay"
Lam Dep Suc Khoe,"Sữa tắm thảo dược Gừng Nghệ Cỏ Cây Hoa Lá - Chiết Xuất Từ 9 Loại Thảo Dược Quý - Phòng Cảm, Tránh Gió, Dưỡng Da - Cho Con Cho Mẹ, Cho Đại Gia Đình, chai  500gr"
Lam Dep Suc Khoe,Bàn lăn chân gỗ Massage 6 hàng Miền Nam matxa huyệt đạo ( 31 x 24 x 10 cm)
Lam Dep Suc Khoe,THIẾT BỊ SIÊU TIẾT KIỆM ĐIỆN GIẢM TIỀN ĐIỆN THÔNG MINH
Lam Dep Suc Khoe,"Dụng cụ cạo lưỡi Coral, bộ 2 cái siêu tiết kiệm. Thiết kế 2 mặt cho 2 nhu cầu vệ sinh"
Lam Dep Suc Khoe,"Gói Dầu Gội Phủ Bạc Thảo Dược Hữu Cơ, Nhuộm Tóc Mankani [Chính Hãng"
Lam Dep Suc Khoe,Combo 3 Bông Tăm Kháng Khuẩn Jomi (160 Que/Hộp)
Lam Dep Suc Khoe,"[1 HỘP - PERFETTA MODERATE] - Khẩu Trang Y Tế Chất Lượng Cao, Kháng Khuẩn, Chống Bụi Mịn, 3 Lớp, Bảo Vệ Tối Ưu - (50 cái/ hộp)"
Lam Dep Suc Khoe,"Lược gội đầu silicone Life360 LE-LGD22 - Massage da đầu, giảm ngứa, giảm gàu tăng cường tuần hoàn máu giảm gãy rụng tóc"
Lam Dep Suc Khoe,Bộ 6 Kem Đánh Răng Colgate trắng răng Optic White Exfoliating Mineral từ khoáng trắng cho răng sáng bóng 100g/tuýp
Lam Dep Suc Khoe,Combo 2 Sữa dưỡng thể dưỡng sáng da tức thì VASELINE Healthy Bright Instant Radiance 320ML/chai
Lam Dep Suc Khoe,Sữa rửa mặt ngăn ngừa mụn dạng gel Acnes Gentle Wash 100g
Lam Dep Suc Khoe,Hộp 30 Chiếc Bàn Chải Đánh Răng Than Tre Hoạt Tính Hàn Quốc - Hàng Chuẩn Loại 1
Lam Dep Suc Khoe,"Tăm nước cầm tay H2ofloss HF-6. Tăm nước 5 chế độ, 5 đầu tăm đa chức năng, túi vải đựng máy, pin sử dụng tối đa 21 ngày, tặng kèm củ sạc nguồn thấp"
Lam Dep Suc Khoe,Nước Tẩy Trang NIVEA Pearl Bright Sáng Da | Sạch Sâu (400 ml) - 84912
Lam Dep Suc Khoe,Cân điện tử bluetooth phân tích chỉ số cơ thể Kachi MK223 - Màu đen - Hàng chính hãng
Lam Dep Suc Khoe,Dầu gội TRESEMME Salon Rebond dưỡng tóc hư tổn với Công nghệ Tái kết nối Keratin ngăn gãy rụng đến 98% 850g
Lam Dep Suc Khoe,Sữa rửa mặt NIVEA Pearl White Đất Sét giúp trắng da ngọc trai (100g) - 81273
Lam Dep Suc Khoe,[24 cái] Bộ 2 hộp bao cao su Innova Đen - Kéo dài thời gian | Hộp 12 cái
Lam Dep Suc Khoe,Combo 3 Bông Tẩy Trang Jomi (120 Miếng/Túi)
Lam Dep Suc Khoe,Mặt Nạ Tóc Cao Cấp Phục Hồi Hư Tổn TSUBAKI (180g)
Lam Dep Suc Khoe,Combo 3 Phim Thấm Dầu Jomi Mayan (70 Tờ) - Xanh
Lam Dep Suc Khoe,Dầu Gội Chăm Sóc Tóc Hư Tổn Pantene - 650ml
Lam Dep Suc Khoe,Xịt Khóa Nền Cố Định Glamrr Q Vegan Super Stay Makeup Fixer 50ml
Lam Dep Suc Khoe,Gel Rửa Mặt Simple Dưỡng Ẩm Cho Da Dạng Gel 150ml Water Boost Micellar Facial Gel Wash
Lam Dep Suc Khoe,Xịt khử mùi nam Romano grandiose 150ml
Lam Dep Suc Khoe,Kem Đánh Răng Dontodent Đức 125ml bảo vệ nướu và giảm sâu răng làm trắng răng
Lam Dep Suc Khoe,B Kem Dưỡng Ẩm Da NIVEA Crème (30 ml) - 80101
Lam Dep Suc Khoe,Kem dưỡng ẩm phục hồi và nuôi dưỡng làn da Evoluderm 50ml
Lam Dep Suc Khoe,Dầu gội Lashe chai 640g
Lam Dep Suc Khoe,Nước dưỡng tóc tinh dầu bưởi Cocoon 310ml
Lam Dep Suc Khoe,Son dưỡng môi Carslan dạng tint dưỡng ẩm giảm thâm môi mờ nếp nhăn môi 4.5g
Lam Dep Suc Khoe,Cà Phê Đăk Lăk Làm Sạch Da Chết Môi Cocoon 5g
Lam Dep Suc Khoe,Kem chống nắng Bí đao Cocoon 50ml dạng sữa - sữa chống nắng
Lam Dep Suc Khoe,Đường thốt nốt An Giang làm sạch da chết cơ thể 200ml
Lam Dep Suc Khoe,Sữa rửa mặt dạng Gel bí đao rửa mặt Cocoon 310ml
Lam Dep Suc Khoe,[100 Cái 6D ] Thùng/Combo Khẩu Trang Y Tế Kháng Khuẩn 6D An Tâm - 10 Túi/100 Cái
Lam Dep Suc Khoe,"Máy Massage Cổ Vai Gáy PHILIPS PPM3522 - Mô Phỏng Massage Như Các Đầu Ngón Tay, 6 điểm tiếp xúc ôm sát vùng vai cổ - Hàng chính hãng"
Lam Dep Suc Khoe,Lăn Ngăn Mùi NIVEA MEN Dry Impact Khô Thoáng (50ml) - 81610
Lam Dep Suc Khoe,Glucosamine 1500mg Chondroitin 1200mg Kirkland Signature Mỹ- Giảm các triệu chứng đau nhức xương khớp hiệu quả - QuaTangMe Extaste
Lam Dep Suc Khoe,Nước tẩy trang cho da mụn Acnes Micellar Water 200ml
Lam Dep Suc Khoe,Bao cao su Rocmen Long Shock - Kéo dài thời gian - Hộp 12 cái
Lam Dep Suc Khoe,Đầu tăm nước thay thế và phụ kiện dây sạc cho máy tăm nước h2ofloss
Lam Dep Suc Khoe,Miếng dán mụn giúp giảm mụn sưng viêm Acnes Clear Patch (48 Miếng)
Lam Dep Suc Khoe,Bao Cao Su Durex Jeans
Lam Dep Suc Khoe,Kem dưỡng ẩm dạng gel Hada Labo Koi-Gokujyun Perfect Gel 100g
Lam Dep Suc Khoe,Sữa Rửa Mặt Tạo Bọt NIVEA Chiết Xuất Hoa Hồng Hokkaido (100ml) - 84984
Lam Dep Suc Khoe,Combo 6 gói Băng vệ sinh Diana Siêu thấm siêu mỏng cánh 8 miếng
Lam Dep Suc Khoe,"Son thỏi dưỡng môi trang điểm, cho môi căng mọng Lip On Lip Water Color"
Lam Dep Suc Khoe,Đèn Hồng Ngoại Bayoka - Việt Nam ( Kèm bóng 250W)
Lam Dep Suc Khoe,Dầu gội đầu Clear Mát Lạnh Bạc Hà sạch gàu ngứa và vi khuẩn suốt 48 Giờ 1.4kg
Lam Dep Suc Khoe,Combo 6 Băng Vệ Sinh Diana Super Night Có Cánh 29cm (Gói 4 Miếng)
Lam Dep Suc Khoe,Lotion dưỡng ẩm cao cấp - Siêu cấp ẩm cho da căng mượt Hada Labo Gokujyun Premium Hydrating Lotion (170ml)
Lam Dep Suc Khoe,Dầu tẩy trang dưỡng ẩm Hada Labo Advanced Nourish Hyaluron Cleasing Oil 200ml
Lam Dep Suc Khoe,Viên uống bổ mắt Lutein Rohto V5 ( Hộp 30 viên)
Lam Dep Suc Khoe,Dầu xả Selsun dưỡng tóc dành cho tóc gàu Selsun Anti-Dandruff Conditioner 100ml
Lam Dep Suc Khoe,Serum chấm mụn chuyên biệt cho da mụn ở tuổi trưởng thành Acnes 25+ Facial Serum 20ml
Lam Dep Suc Khoe,Xịt Khử Mùi Toàn Thân Cho Nam Romano Attitude (150ml)
Lam Dep Suc Khoe,Bao cao su Durex Fetherlite Hộp 12 Bao
Lam Dep Suc Khoe,Bộ 2 Nước súc miệng Plax Optic White 500ml
Lam Dep Suc Khoe,Lược Gỗ Đàn Hương 2 Đầu Massage Kinh Tuyến Toàn Thân
Lam Dep Suc Khoe,Gel tắm sữa tắm đường thốt nốt An Giang Cocoon 500ml
Lam Dep Suc Khoe,Nước dưỡng da đầu bồ kết Cocoon giảm gàu và chăm sóc da đầu nhạy cảm 140ml
Lam Dep Suc Khoe,Sữa rửa mặt dưỡng trắng cao cấp Hada Labo Premium Cleanser Radiance 100g
Lam Dep Suc Khoe,"Set vĩ dao cạo râu 36 lưỡi  thay thế , kèm  bàn cạo , tặng tuýp kem cạo râu cho nam an toàn và tiện lợi"
Lam Dep Suc Khoe,Hộp 12 Miếng Cao Dán Ngải Cứu Xương Khớp Hamart Giảm Đau Mỏi Khớp Cổ Vai Gáy Cột Sống Lưng
Lam Dep Suc Khoe,Kem dưỡng ẩm làm mềm bảo vệ da tay Evoluderm 150ml
Lam Dep Suc Khoe,Combo 4 gói băng vệ sinh Gardenia Deo+ - Hoa Anh Đào siêu mỏng cánh 23cm 20 miếng
Lam Dep Suc Khoe,Kem chống nắng bí đao Cocoon 50ml
Lam Dep Suc Khoe,Mặt nạ nghệ Hưng Yên Cocoon 30ml
Lam Dep Suc Khoe,Combo 4 Băng Vệ Sinh Kotex Hàng Ngày Max Cool French Spa 20 miếng/Gói
Lam Dep Suc Khoe,Ủ tóc cao cấp FINO Premium Touch 230g
Lam Dep Suc Khoe,Combo 2 gói Băng Vệ Sinh Kotex Bảo Vệ Toàn Diện Ngày Nhiều và Đêm 28cm SMC - Gói 14 miếng
Lam Dep Suc Khoe,Combo 2 Băng Vệ Sinh Kotex Ban Đêm Đệm Sau 28cm (12 miếng/Gói)
Lam Dep Suc Khoe,Bộ 2 Kem Đánh Răng Sensodyne Rapid Action Whitening 100g
Lam Dep Suc Khoe,Phấn nước trang điểm dưỡng da GLAMRR Q LONG WEAR DD CUSHION by Gilaa (1 lõi x 13g)
Lam Dep Suc Khoe,Dầu xả Pantene Chai 300ml
Lam Dep Suc Khoe,Dưỡng Chất Chống Nắng L'Oreal Paris Uv Defender Serum Protector Invisible Fluid 50ml
Lam Dep Suc Khoe,Bộ travel size dưỡng trắng Hada Labo Perfect White Tranexamic Acid Travel Set (Kem rửa mặt 15g+Dung dịch dưỡng 20ml+Kem dưỡng 12g)
Lam Dep Suc Khoe,"Đai Lưng Cột Sống Orbe Olumba Hỗ Trợ Người Thoát Vị, Thoái Hóa Cột Sống, Đau Lưng"
Lam Dep Suc Khoe,Bộ 4 Kem Đánh Răng Colgate trắng răng Optic White Exfoliating Mineral cho răng sáng bóng 100g/tuýp
Lam Dep Suc Khoe,"Tăm nước cầm tay H2ofloss HF-2 phiên bản nâng cấp được phân phối độc quyền với nút mở bình nước tiện lợi, tặng kèm 7 đầu tăm, củ sạc nguồn thấp"
Lam Dep Suc Khoe,Lăn khử mùi dưỡng trắng hương nước hoa Refre Whitening Perfume In Love - Hương Tình Yêu 40ml
Lam Dep Suc Khoe,Dầu gội xả 2in1 Palmolive thiên nhiên 600ml
Lam Dep Suc Khoe,Kem chống lão hóa Vichy Liftactiv Collagen Specialist 15ml
Lam Dep Suc Khoe,Lăn Khử Mùi ETIAXIL Détranspirant Traitement Aisselles Peaux Sensibles 15ml (Dành Cho Da Nhạy Cảm) + Quà Tặng
Lam Dep Suc Khoe,Tinh bột nghệ nguyên chất - MS ( 200gr)
Lam Dep Suc Khoe,Bộ 4 kem đánh răng làm trắng răng Colgate Optic White từ khoáng núi lửa 100g
Lam Dep Suc Khoe,"Combo bếp đốt xông bồ kết, thảo dược kèm nến"
Lam Dep Suc Khoe,Kem chống nắng dạng sữa dưỡng da kiềm dầu bảo vệ hoàn hảo Anessa Perfect UV Sunscreen Skincare Milk SPF 50+ PA++++ 60ml
Lam Dep Suc Khoe,Kem chống nắng body Skin Aqua mát lạnh dùng hàng ngày Sunplay Skin Aqua UV Body Cooling Lotion SPF 50+ PA++++ 150g
Lam Dep Suc Khoe,Kem Dưỡng Ban Đêm OLAY Total Effects 50g
Lam Dep Suc Khoe,"Tinh chất vitamin C dưỡng trắng da, chống thâm nám Melano CC Whitening Essence 20ml"
Lam Dep Suc Khoe,Xịt khử mùi chiết xuất thiên nhiên Refre Natural Green Tea Hương Trà Xanh (30ml)
Lam Dep Suc Khoe,"Kem chống nắng Skin Aqua cho da mụn, dạng sữa dùng hàng ngày Sunplay Skin Aqua Acne Clear Eco Việt Nam SPF 50, PA++++ 25g"
Lam Dep Suc Khoe,Dung dịch dưỡng ẩm tối ưu Hada Labo Advanced Nourish Lotion dùng cho da thường và da khô 170ml
Lam Dep Suc Khoe,Sữa Tắm Romano Force 650g
Lam Dep Suc Khoe,"Dầu cù là Tiger Balm Red/White Ointment Haw Par giảm đau và nhức cơ, bong gân 19.4g và 30g"
Lam Dep Suc Khoe,"Kem chống nắng nâng tông Skin Aqua Tone up Blue cho da vàng có khuyết điểm đỏ, dạng sữa Sunplay Skin Aqua Tone Up UV Milk Blue SPF 50+ PA++++ 50g"
Lam Dep Suc Khoe,Sữa rửa mặt Hada Labo chống lão hóa Premium Cleanser Aging Care 100g
Lam Dep Suc Khoe,Gậy Châm Cứu Mát Xa Xung Điện 24K Không Dây 10 Cấp Độ Châm Cứu Mát Xa Mini Pin Sạc Lại (Hàng Sẵn 100%)
Lam Dep Suc Khoe,Dầu xả Ôliv Dưỡng Tóc - 250ml
Lam Dep Suc Khoe,"Viên Uống Codeage Liposomal Magnesium Glycinate, Nhập Khẩu Chính Ngạch Có Tem Phụ Tem, Tem Chống Hàng Giả"
Lam Dep Suc Khoe,Hộp 5 Miếng Dán Bụng Mỡ Ngải Cứu Giảm Bụng Eo Detox Thải Độc Cơ Thể Hiệu Quả Tiện Lợi
Lam Dep Suc Khoe,Nước tẩy trang hoa hồng Cocoon 310ml
Lam Dep Suc Khoe,Combo 2 Sữa rửa mặt hạt chứa than hoạt tính dành cho nam s select 130g/tuýp
Lam Dep Suc Khoe,Nhiệt kế điện tử đo trán - hàng chính hãng
Lam Dep Suc Khoe,COMBO 50 CÁI/ 5 HỘP -KHẨU TRANG 5D NGƯỜI LỚN
Lam Dep Suc Khoe,Combo 2 gói băng vệ sinh Kotex ban đêm đệm sau 8+1 miếng loại 35 cm
Lam Dep Suc Khoe,"Kem Trang Điểm Ma Thuật che phủ không tì vết, dưỡng da, chống nắng, chống lão hóa - Benew B.B Collagen Whitening SPF 50 PA+++ (bản nâng cấp BB Magic) CH Hàn Quốc"
Lam Dep Suc Khoe,Sữa tắm dưỡng thể thiên nhiên trắng sáng da Hazeline 1KG - Sữa ong chúa hoa ly
Lam Dep Suc Khoe,"Gối Chườm Nóng Thảo Mộc Đa Năng Hapaku Giảm Đau Mỏi Cổ Vai Gáy, Lưng Hông, Giúp Ngủ Ngon Hơn, Gối Thảo Mộc Đa Năng - Size Lớn"
Lam Dep Suc Khoe,Bcs Size Nhỏ Chống Xuất Tinh Sớm Power Men Longer Ultrathin (H12) - Siêu Mỏng - Cỡ 49mm Ôm Khít - Che Tên Sản Phẩm
Lam Dep Suc Khoe,Cân Điện Sức Khoẻ Điện Tử  Hình Chú Heo Xinh Xắn Dành Cho Gia Đình Màn LCD Có Hiển Thị Nhiệt Độ - Chính Hãng MINIIN + Tặng Kèm 1
Lam Dep Suc Khoe,Combo 8 Băng Vệ Sinh Kotex Minimeow 8 miếng
Lam Dep Suc Khoe,Bộ đôi Kem chống nắng dạng sữa dưỡng da kiềm dầu bảo vệ hoàn hảo (Anessa Gold Milk 60ml x2)
Lam Dep Suc Khoe,Bao cao su Sagami Spearmint - Hương bạc hà - Hộp 10 chiếc
Lam Dep Suc Khoe,"Khẩu trang vải 3 lớp kháng khuẩn, chống bụi, chống nắng, kháng giọt bắn NOVELTY - hàng chính hãng - Thương hiệu thuộc Tổng công ty May Nhà Bè"
Lam Dep Suc Khoe,Sữa Dưỡng Thể Vaseline Gluta-Hya Trắng Da Ban Đêm Tuýp 300ml
Lam Dep Suc Khoe,Combo 3 Kem đánh răng Closeup thơm mát bất tận tinh thể băng tuyết 230g
Lam Dep Suc Khoe,DORCO PACE 6 - Dao Cạo Hàn Quốc 6 Lưỡi - Hộp Gồm 4 Đầu Cạo
Lam Dep Suc Khoe,KEM ĐÁNH RĂNG KIN GINGIVAL NGĂN NGỪA VIÊM NƯỚU 75ML
Lam Dep Suc Khoe,Dầu gội Romano Gentleman (650g)
Lam Dep Suc Khoe,Lăn Khử Mùi Etiaxil Detranspirant Traitement Aisselles Peaux Normales 15ml (Dành cho da thường)
Lam Dep Suc Khoe,"Dao Cạo Râu 2 Lưỡi Kép KAI (1 Thân, 5 Lưỡi) - Nội Địa Nhật Bản"
Lam Dep Suc Khoe,Tinh chất chống nắng nâng tông Skin Aqua Tone up Lavender cho da tối màu & da vàng Sunplay Skin Aqua Tone Up UV Essence Lavender SPF 50+ PA++++ 50g
Lam Dep Suc Khoe,Thực phẩm chức năng Tảo xoắn Spirulina nội địa Nhật Bản 2200 viên
Lam Dep Suc Khoe,Lưỡi Dao Cạo Gillette Fusion Pro
Lam Dep Suc Khoe,Seum VItamin C 10% dưỡng trắng mờ thâm sạm Acnes Lab C10 serum 15ml
Lam Dep Suc Khoe,Sữa Tắm Romano Classic 650g
Lam Dep Suc Khoe,[50 Cái Khẩu Trang KF94] Combo 5 Túi Khẩu Trang Y Tế Kháng Khuẩn KF94-4D An Tâm-50 Cái
Lam Dep Suc Khoe,Xịt khử mùi Refre x Kuromi Natural/Whitening Perfume 30ml
Lam Dep Suc Khoe,Bộ 8 gói khẩu trang chống nắng Unicharm UV Mask 5 miếng
Lam Dep Suc Khoe,Sữa rửa mặt dạng gel Bí Đao Rửa Mặt Cocoon (140ml)
Lam Dep Suc Khoe,Son kem lì PERFECT DIARY DreamMatte nhiều màu siêu mịn lâu trôi cao cấp 2.5g
Lam Dep Suc Khoe,"Sữa rửa mặt cho nam Oxy sạch dịu nhẹ, giảm khô căng dạng gel Oxy Hydrating Wash 100g"
Lam Dep Suc Khoe,Sữa rửa mặt nghệ Hưng Yên Cocoon 310ml
Lam Dep Suc Khoe,Dung dịch cải thiện lão hóa Hada Labo Pro-Aging Retinol B3 Lotion 170ml
Lam Dep Suc Khoe,Bàn chải đánh răng LocknLock ENR331WHT - Kèm 2 đầu bàn chải -Màu trắng
Lam Dep Suc Khoe,Lăn Khử Mùi SCION Brightening Roll-on 75ml Nhập Thailand- Ngăn Mùi Hôi Nách - Không Làm Ố Áo - Làm Sáng Da Dưới Cánh Tay
Lam Dep Suc Khoe,Lăn Ngăn Mùi NIVEA MEN Black&White Ngăn Vệt Ố Vàng Vượt Trội - Hương Mạnh Mẽ (50 ml) - 85392
Lam Dep Suc Khoe,Lăn Ngăn Mùi NIVEA Khô Thoáng Mịn Màng (50ml) - 81611
Lam Dep Suc Khoe,Kem Nghệ Giảm Mụn Oriss Giúp Mờ Thâm Sẹo Dưỡng Ẩm Sáng Da 20g
Lam Dep Suc Khoe,Nước dưỡng sáng & cấp ẩm cho da Eucerin Boosting Essence 100ml
Lam Dep Suc Khoe,Gel bôi trơn tinh chất lô hội - Lexy Aloe
Lam Dep Suc Khoe,"Viên Uống Dầu Cá Bổ Sung Omega Hỗ Trợ Cho Tim, Mắt và Da Blackmores Double Omega High Strength Lọ 90 Viên"
Lam Dep Suc Khoe,Kem Che Khuyết Điểm Maybelline Mịn Lì Fit Me Concealer 6.8ml
Lam Dep Suc Khoe,Lược gỗ Bách Xanh có mùi thơm nhẹ (Size: L - 19cm) COH265 - Chải tóc làm dịu tâm trí giảm căng thẳng - Giúp Tóc Suôn & Mềm Không Làm Rụng
Lam Dep Suc Khoe,Sữa Tắm Gội Coast Classic Scent Vòi Dành Cho Nam 946ml - USA
Lam Dep Suc Khoe,Set 10 miếng dán giữ nhiệt con chuột túi ( 10 miếng)
Lam Dep Suc Khoe,Lăn khử mùi dành cho nam Aquaselin 50ml
Lam Dep Suc Khoe,"Dầu cá tự nhiên  Healthy Care Fish Oil Omega-3 1000mg 400 viên chính hãng Úc giúp bổ mắt, kháng viêm, tốt cho trí não, tim mạch"
Lam Dep Suc Khoe,Máy đo huyết áp cơ bắp tay Yamasu Made in Japan không gồm ống nghe
Lam Dep Suc Khoe,Son dưỡng môi không màu thành phần tự nhiên Lip Pure Mixed Lemon Chanh Mơ 3.9g
Lam Dep Suc Khoe,Dung Dịch Vệ SInh Phụ Nữ Femfresh Daily Intimate Wash 250ml ( Anh Quốc)
Lam Dep Suc Khoe,Dầu gội nam Home Scape Care giảm gàu chăm sóc da đầu Hàn Quốc tặng kèm móc khóa
Lam Dep Suc Khoe,Xịt khử mùi toàn thân Enchanteur Delightful (150ml)
Lam Dep Suc Khoe,Kem dưỡng vitamin làm sáng da mờ sẹo thâm Acnes Vitamin Cream 50g
Lam Dep Suc Khoe,"Kem chống nắng Skin Aqua dưỡng trắng, kiểm dầu, dùng hàng ngày dạng sữa Sunplay Skin Aqua Clear White Eco Việt Nam SPF50, PA++++ 55g"
Lam Dep Suc Khoe,Lăn Khử Mùi Romano Classic 50ml - 1412047
Lam Dep Suc Khoe,Cân Sức Khỏe 120kg Nhơn Hòa (Nhiều màu) - Giao màu ngẫu nhiên - Hàng Chính Hãng
Lam Dep Suc Khoe,Xịt Khử Mùi Toàn Thân Cho Nam Romano Force (150ml)
Lam Dep Suc Khoe,Bao Cao Su Sagami Original 0.02 - Hộp 12 Gói
Lam Dep Suc Khoe,Bàn chải đánh răng điện LocknLock Electric toothbrush ENR386WHT/ENR386BLK 5 chế độ linh hoạt kèm hộp đựng bàn chải - 2 Màu
Lam Dep Suc Khoe,Bộ đôi kem đánh răng Maxfresh Than tre 175g
Lam Dep Suc Khoe,Xà Phòng Tắm Chiết Xuất Từ Quả Hồng Pelican Family Soap Fruit-Derived Polyphenol (80 G)
Lam Dep Suc Khoe,Dao cạo Gillette blue II Plus 5+1 
Lam Dep Suc Khoe,Lăn Khử Mùi Trắng Da Enchanteur Charming 50ml 0 1012040
Lam Dep Suc Khoe,Nước hoa hồng dưỡng ẩm và làm sạch cho da nhạy cảm Evoluderm Lotion Tonique 500ml
Lam Dep Suc Khoe,Khăn Ướt Cồn LET-GREEN 35 Miếng/Bao
Lam Dep Suc Khoe,"Thảm ngải cứu đông y Trung Hoa 60*150cm sưởi ấm, hỗ trợ điều trị đau mỏi vai gáy xương khớp, Đệm sưởi điện ngải cứu đông y - Hàng chính hãng"
Lam Dep Suc Khoe,MÁY TRỊ VIÊM MŨI DỊ ỨNG MESURE MSR SCB-06 Hàng chính hãng
Lam Dep Suc Khoe,"Tăm Chỉ Nha Khoa Hộp 50 Cái, Tăm Chỉ Nha Khoa - Hộp 50 Cây Tăm Chỉ Nha Khoa Tiệt Trùng, Vệ Sinh Kẽ Răng Chân Nướu Chuyên Dụng"
Lam Dep Suc Khoe,"Đai Chống Gù Lưng Grace Care LB224 - Giữ Cột Sống Thẳng, Điều Chình Tư Thế, Phòng Đau Lưng"
Lam Dep Suc Khoe,"Nước nhỏ mắt dưỡng ẩm ẩm, giảm khô mắt chuyên sâu Rohto Dry Aid 10ml"
Lam Dep Suc Khoe,Súng Massage Cầm Tay Cao Cấp Philips PPM7323 - Hàng chính hãng
Lam Dep Suc Khoe,Nước Tẩy Trang Garnier Micellar Cleansing Water Salicylic BHA 400ml
Lam Dep Suc Khoe,Bộ 6 Gói Băng Vệ Sinh Diana Hàng Ngày Cool Fresh (Gói 20 miếng)
Lam Dep Suc Khoe,"Máy tăm nước cá nhân không dây Waterjet Cordless Mini (4 đầu tăm,dùng được cho người niềng răng, răng sứ, có đầu cạo lưỡi) - Bảo hành 12 tháng"
Lam Dep Suc Khoe,"Thùng khẩu trang 5d SHB pro mask nguyên thùng, khẩu trang 5d mask hàn quốc cao cấp"
Lam Dep Suc Khoe,Kem bôi da thuần mộc Thanh Mộc Hương chàm sữa nấm da đầu vảy nến an toàn cho trẻ đến mẹ bầu 16g
Lam Dep Suc Khoe,Kem Nền Maybelline Mịn Nhẹ Kiềm Dầu Chống Nắng Fit Me Matte Poreless Foundation SPF22 30ml
Lam Dep Suc Khoe,"[Hộp 10 cái] Bao cao su Shell Invisible - Siêu mỏng, chống tuột, kéo dài thời gian"
Lam Dep Suc Khoe,"Cây gạch bạch huyết điện chẩn /MÁT XA, DAY ẤN HUYỆT BẰNG SỪNG - MH827 - Làm đẹp da"
Lam Dep Suc Khoe,"Dây Đai Tắm Chà Lưng Silicon, Đai Cọ Lưng Massage Silicon - Làm Sạch Da Loại Bỏ Da Chết - Hàng Chính Hãng MINIIN"
Lam Dep Suc Khoe,"Bao Cao Su LifeStyles ZERO Cao Cấp Siêu Mỏng Tuyệt Đối, Dẻo Dai  - Hộp 12 bao"
Lam Dep Suc Khoe,"Tinh Dầu Hoa Nhài Kobi - Tinh Dầu Thiên Nhiên Nguyên Chất, Tinh Dầu Xông Phòng, Giúp Giảm Stress, Xua Đuổi Côn Trùng Và Khử Mùi Hiệu Quả, Thích Hợp Dùng Với Đèn Xông Và Máy Khuếch Tán Tinh Dầu"
Lam Dep Suc Khoe,Máy Tăm Nước Không Dây LocknLock Cordless Oral Irrigator ENR156BLU - Màu Xanh Da Trời
Lam Dep Suc Khoe,Sữa Dưỡng Thể Dưỡng Trắng Nivea NIVEA EXTRA WHITE C & E VITAMIN - 170ml 99189
Lam Dep Suc Khoe,Kem Dưỡng Trắng Da Tế Bào Gốc Hàn Quốc Cấp Ẩm Xóa Nhăn Phục Hồi Trẻ Hoá Da Và Chống Lão Hoá Cellkey-Scien White Cream (30g)
Lam Dep Suc Khoe,DẦU Gội xả 2 IN 1 PERT Plus Classic Clean 1000ml
Lam Dep Suc Khoe,Bộ Giác Hơi Không Dùng Lửa Duy Thành YGH04
Lam Dep Suc Khoe,Combo 5 Miếng Dán hỗ trợ điều trị Mụn Mayancare 12 Miếng (1.0cm)
Lam Dep Suc Khoe,"Bao Cao Su 4 in 1 Gân, Gai, Mỏng, Kéo Dài Quan Hệ Azodra (12 Gói)"
Lam Dep Suc Khoe,Dầu Xả Pantene Chăm Sóc Tóc Hư Tổn Chai 650ml
Lam Dep Suc Khoe,Sữa Tắm Romano Attitude 650g
Lam Dep Suc Khoe,Xịt Khử Mùi Enchanteur Romantic (150ml)
Lam Dep Suc Khoe,"Dầu Gội Tsubaki Phục Hồi Hư Tổn, Bồng Bềnh Tóc 450ml (Mới)"
Lam Dep Suc Khoe,Vaseline Body Tone-Up Sữa dưỡng thể nâng tông tức thì 300ML - Sáng Mịn Da Nâng Tone
Lam Dep Suc Khoe,Kem Dưỡng Ban Ngày Olay Regenerist 50G
Lam Dep Suc Khoe,Bộ Nặn Mụn 6 Món Có Bao Đựng Bằng Da - Hàng Chính Hãng  - Mẫu 01:
Lam Dep Suc Khoe,"Máy Tăm Nước Không Dây LocknLock Cordless Oral Irrigator màu xanh ENR156BLU, Hàng chính hãng, 4 chế độ làm sạch- JoyMall"
Lam Dep Suc Khoe,Combo 5 gói băng đêm dạng quần Diana size M-L 5 chiếc/gói
Lam Dep Suc Khoe,"[Mới] Kem Chống Nắng Kiềm Dầu SẮC NGỌC KHANG 50g - bảo vệ toàn diện, kiểm soát bóng dầu hiệu quả"
Lam Dep Suc Khoe,"Tinh dầu sả chanh Hồng Tâm 100ml  Khử mùi, xông phòng, đuổi côn trùng, giảm Stress"
Lam Dep Suc Khoe,Nước hoa vùng kín nữ Romantic Party 10ml Giúp Bim Bim thơm quyến rũ
Lam Dep Suc Khoe,Kem ủ tóc cải thiện tóc hư tổn Fino Premium Touch 230 g
Lam Dep Suc Khoe,Combo 5 Bông Tẩy Trang Jomi (80 Miếng/Túi)
Lam Dep Suc Khoe,[Đẹp Tự Nhiên] Bút Xóa Đốt Nút Ruồi KhoNCC Hàng Chính Hãng - Tàn Nhang - Mụn Cóc - Thịt Dư - Có Đèn Led Hiển Thị Tự Làm Đẹp Hiệu Quả Một Cách Bất Ngờ - KLVQ-324-BXTN
Lam Dep Suc Khoe,"Tinh bột nghệ ĐỎ An Bình (một lon 500gr) - Hỗ trợ các vấn đề làm đẹp, sức khỏe"
Lam Dep Suc Khoe,"Bao cao su ôm khít, kéo dài thời gian G'EXlife Longlast"
Lam Dep Suc Khoe,"Nút chống ồn 3M 1290 - Nút bịt tai chống ồn khi ngủ, khi làm việc, chất liệu Silicone"
Lam Dep Suc Khoe,Kem dưỡng trắng dạng gel Hada Labo Koi-Gokujyun Whitening Perfect Gel 100g
Lam Dep Suc Khoe,Tinh chất dưỡng Lancome Advanced Genifique 10ml 
Lam Dep Suc Khoe,Sữa rửa mặt NIVEA Pearl White giúp trắng da ngọc trai (100g) - 81295
Lam Dep Suc Khoe,Xịt Ngăn Mùi NIVEA MEN Dry Impact Khô Thoáng 150ml - 81602
Lam Dep Suc Khoe,KEM ĐÁNH RĂNG KIN B5 LÀM SẠCH MẢNG BÁM VÀ PHỤC HỒI NƯỚU RĂNG 125ML
Lam Dep Suc Khoe,CÂN SỨC KHỎE NHƠN HÒA CHÍNH HÃNG( ĐƯỢC CHỌN MÀU)
Lam Dep Suc Khoe,Hộp 10 chiêc Bao cao su cao cấp nhật bản OKAMOTO Skinless Skin Purity BIGBULLSHOP
Lam Dep Suc Khoe,Dung Dịch Vệ Sinh Phụ Nữ Kháng Khuẩn Khử Mùi Oriss Làm Sạch Dịu Nhẹ Chiết Xuất Lá Trầu Không Cân Bằng pH - 150ml
Lam Dep Suc Khoe,Dũa Móng Giấy DG-402A - Kềm Nghĩa
Lam Dep Suc Khoe,"Kem Chống Nắng Dạng Sữa Senka Perfect UV Milk SPF 50+, PA++++ 41095 (40ml)"
Lam Dep Suc Khoe,Sữa Tắm Nước Hoa Enchanteur Sensation 650g
Lam Dep Suc Khoe,Xịt Khử Mùi Enchanteur Sensation (150ml)
Lam Dep Suc Khoe,"Combo 3 gói Băng Vệ Sinh Quần Peppy Shana Ngày Đêm Siêu Thấm, Freesize, Chống Tràn Tối Đa"
Lam Dep Suc Khoe,Mặt Nạ Sủi Bọt Thải Độc Sum37 Micro Active Pink Vitamin Bubbetox Mask Pack 100ml
Lam Dep Suc Khoe,Kẻ Mắt Glamrr Q Chống Nước Thuần Chay VEGAN SUPER STAY EYELINER (0.6g)
Lam Dep Suc Khoe,Đầu bàn chải điện Oral-B Extra Sensitive Clean EB60 - Hàng chính hãng
Lam Dep Suc Khoe,Máy xông khí dung và hút mũi OROMI C28M - DÒNG MÁY CHUYÊN XÔNG
Lam Dep Suc Khoe,Viên uống tinh chất hàu tươi Maca x2 tăng cường sinh lý Orihiro 120 viên
Lam Dep Suc Khoe,Combo 10 Mặt Nạ Cấp Ẩm Cấp Tốc Dr.WonJin Instant Repair Hyal Moisture Solution Mask 30g
Lam Dep Suc Khoe,Combo 2 chai sữa tắm Dettol Onzen mật ong kháng khuẩn và dưỡng thể - chai 950G
Lam Dep Suc Khoe,Bảng Phấn Mắt Daisy Doll Nhật Bản Siêu Bền Màu Với 4 Màu Trang Điểm Đa Chức Năng Phấn Má Hồng Phấn Bắt Sáng 5.1g
Lam Dep Suc Khoe,[MAYBELLINE NEW YORK] Son Thuần Chay Giúp Làm Bóng Môi Và Mềm Mịn Superstay Vinyl Ink 4.2ml
O To Xe May Xe Dap,Bộ sạc ắc quy Foxsur 12V 5A FBC1205D tự ngắt khi đầy bảo dưỡng khử sunfat chống ngược cực
O To Xe May Xe Dap,Máy hút bụi cầm tay mầu trắng và đen không dây nhật bản
O To Xe May Xe Dap,"Tam Giác Phản Quang Cảnh Báo Nguy Hiểm Cho Ô Tô, Xe Máy - Hàng Nhập Khẩu"
O To Xe May Xe Dap,"Gương cầu lồi ô tô xoay 360 độ cao cấp , gương kính chiếu hậu xóa điểm mù cho oto, xe hơi, xe bán tải, xe tải, xe máy"
O To Xe May Xe Dap,"Bút xóa vết xước ô tô xe máy xe điện, Bút xoá vết trầy xước dăm cho ô tô xe máy xe điện"
O To Xe May Xe Dap,Bơm Xe Bơm Hơi Đạp Chân Kapusi Xe Máy Xe Đạp Ô Tô Đa Năng Mini 2 Xilanh
O To Xe May Xe Dap,Gối Tựa Đầu Tựa Lưng Cao Cấp Chính Hãng OFFICE CHILL Combo Gối Tựa Lưng Tựa Cổ Ô Tô Ghế Văn Phòng Chất Liệu Cao Su Bảo Hành 90 Ngày
O To Xe May Xe Dap,"Quây chống chuột - Rào chắn chuột ô tô 4-5-7 chỗ và bán tải loại cao cấp, có lưới inox chống cắn"
O To Xe May Xe Dap,"Cảm Biến Áp Suất Lốp TPMS Van Ngoài Có Cảnh Báo Giọng Nói Tiếng Việt - Năng Lượng Mặt Trời, Không Dây, Màn Hình LCD - Hàng Chính Hãng"
O To Xe May Xe Dap,"[TOYOTA] Bạt phủ xe ô tô tráng nhôm cao cấp các xe hãng TOYOTA, 3 lớp chống nóng, chống thấm, chống bụi - Hàng Chính Hãng"
O To Xe May Xe Dap,Vỏ bọc yên xe đạp KIotool Gel silicone mềm mại dày chống trượt
O To Xe May Xe Dap,Mỡ Bò Bôi Trơn Chịu Nhiệt Chống Mài Mòn Xe Đạp Kiotool 10 g
O To Xe May Xe Dap,Mũ bảo hiểm xe đạp thể thao Kiotool siêu nhẹ thoáng khí an toàn khi đạp xe
O To Xe May Xe Dap,"Dầu Máy Làm Trơn Ổ Khóa, Máy Móc, Quạt Điện - Công Thức Không Mùi An Toàn Khi Sử Dụng - Lọ 60ml - Hàng chính Hãng dododios"
O To Xe May Xe Dap,Đèn hậu xe đạp Kiotool pin sạc 4 chế độ sáng
O To Xe May Xe Dap,"Gác Baga,Kệ Yên Sau Xe Đạp Khung Nhôm Chịu Tải 70kg Đại Nam Sport (Có Đèn Phát Quang)"
O To Xe May Xe Dap,Bơm xe máy xe đạp nhỏ gọn Kiotool đầu van đa năng
O To Xe May Xe Dap,Phiếu Mua Hàng Xe Máy Honda Phát Tiến
O To Xe May Xe Dap,"Bạt Phủ Nửa Xe Ô Tô Che Cả Nắp Capo, Bạt Che Nóc Xe Hơi Chống Nắng, Chống Xước Cho Các Dòng Xe"
O To Xe May Xe Dap,"Bạt Phủ Xe Ô Tô Hyundai I10, I20, I30, Accent, Santafe, Tucson, Kona, Getz, Avante, Elantra, Sonata"
O To Xe May Xe Dap,"Ắc quy Đèn sạc JP PA 6-4.5 | 6V - 4,5Ah"
O To Xe May Xe Dap,Mũ Bảo Hiểm Nửa Đầu Kính Ẩn ANDES 139 - Nhiều Màu
O To Xe May Xe Dap,Nước rửa kính lái chuyên dụng ô tô [5 Lít]
O To Xe May Xe Dap,Miếng Tựa Lưng Ghế Hạt Gỗ Cho Ghế ô tô Và Văn Phòng
O To Xe May Xe Dap,Đèn xe đạp thể thao KIOTOOL siêu sáng có còi pin sạc usb led T6 chống nước - Đèn còi xe đạp có 3 chế độ sáng còi to
O To Xe May Xe Dap,Bạt Phủ Che Nắng Chống Nóng Kính Lái Ô Tô Xe Hơi 3 Lớp Tráng Bạc Cao Cấp
O To Xe May Xe Dap,Nón bảo hiểm 1/2 ANDES 109 có kính đi xe máy cho nam và nữ chính hãng
O To Xe May Xe Dap,(Dày Bền) Bạt Phủ Áo Trùm Xe Máy Vải Dù Cỡ 2 - Hàng Chính Hãng KhoNCC - Che Mưa Nắng Thời Tiết Khắc Nghiệt Loại Lớn Cho Dòng Xe Tay Ga - Xe Số Thông Dụng - KhoNCC-BPXVD (Nhiều Màu)
O To Xe May Xe Dap,"Kem Đánh Bóng Xóa Trầy Xước Sơn Ô tô - Xe Máy Cana Car Cream 100g - đánh bóng bề mặt kim lọai, đồ gỗ, mặt đá"
O To Xe May Xe Dap,Thanh Mở Rộng Gắn Ghi Đông Xe Đạp Thể Thao Địa Hình Đa Chức Năng Dùng Gắn Cho Phụ Kiện Đồ Chơi Xe Đạp (Loại dài 2 nhánh đỡ chắc chắn) Mai Lee
O To Xe May Xe Dap,NƯỚC RỬA KÍNH Ô TÔ CHUYÊN DỤNG [5 Lít] 
O To Xe May Xe Dap,"2 túi thơm cà phê khử mùi, treo xe hơi (130gram x 2)"
O To Xe May Xe Dap,Máy Bơm Lốp Xe Máy Xe Đạp Không Dây Thế Hệ Mới 2025 150PSI LED Display Nhỏ Gọn Mạnh Mẽ Tự Động Ngắt Khi Đủ Hơi
O To Xe May Xe Dap,Tẩu sạc kép USB Z26 trên ô tô nhãn hiệu Hoco
O To Xe May Xe Dap,Bộ 2 Gương Chiếu Hậu Tròn Lớn Cho Xe Đạp Thể Thao Địa Hình Xoay 360 Độ Giúp Đạp Xe An Toàn - Hàng Chính Hãng
O To Xe May Xe Dap,Băng keo cường lực dán đồ chơi xe hơi 3M 4229P 20mmx10m (Đỏ)
O To Xe May Xe Dap,Keo dán đa năng siêu dính Scotch-Weld 20g 3M PR100
O To Xe May Xe Dap,Nước Rửa Kính Xe Ô Tô Đậm Đặc Liqui Moly 1519 (250ml)
O To Xe May Xe Dap,"Dung Dịch Tẩy Keo, Nhựa Đường 3M 08987 (425 g)"
O To Xe May Xe Dap,"Bảng số ĐT ô tô vios 2017 Hyundai, Toyota có giá đỡ, tặng kèm sáp thơm kiêm búa phá kính chất liệu kim loại"
O To Xe May Xe Dap,Ô dù thời trang tự động 2 chiều một nút bấm chống tia UV có đèn LED xoay 10 nan logo xe hơi cao cấp - Audi
O To Xe May Xe Dap,"Bút tẩy xóa vết trầy xước dăm, xước lộ màu trên ô tô xe máy ColorEASY 4 màu đen, ghi, đỏ, trắng"
O To Xe May Xe Dap,"[Màu mới] Mũ bảo hiểm 3/4 Royal M139 kính âm chính hãng, nhiều size tem màu cho nam nữ đi xe máy"
O To Xe May Xe Dap,"Dây bơm Kapusi, Kiotool, Stanlays, Kirito xe đạp xe máy, dây thay thế cho bơm tay và bơm chân"
O To Xe May Xe Dap,"Bơm Hơi Hợp Kim Dùng Chân Cho Xe Máy , Xe Đạp NHONOR Có Đồng Hồ Đo Áp Suất- Hàng Chính Hãng ( Tặng Kèm Kim Bơm Banh Và Bơm Thú Hơi )"
O To Xe May Xe Dap,"Bơm xe đạp, xe máy có đồng hồ"
O To Xe May Xe Dap,"Bạt Che Nắng Kính Lái Xe Ô Tô | Bạt Che Nắng Kính Lái Trước Loại Lớn Có Chụp Tai Gương, Chống Tia UV, Cách Nhiệt Cực Tốt, Bảo Vệ Nội Thất Xe Khỏi Tác Hại Từ Môi Trường"
O To Xe May Xe Dap,"Bộ đèn liền còi cho xe đạp, còi to đèn sáng 3 chế độ, chống nước"
O To Xe May Xe Dap,"Mũ bảo hiểm xe máy 3/4 kính âm Royal M139 màu trơn, kính âm màu trà hạn chế chói nắng, nhiều size cho nam và nữ"
O To Xe May Xe Dap,"[MAZDA CX-5] Thảm Taplo 3 Lớp Dành Cho Xe MAZDA CX-5 Không Có HUD, Nhung Lông Cừu Và Da Vân Carbon Cao Cấp - Hàng Chính Hãng"
O To Xe May Xe Dap,"[HONDA BRIO] Thảm Taplo 3 Lớp Dành Cho Xe HONDA BRIO, Nhung Lông Cừu Và Da Vân Carbon Cao Cấp - Hàng Chính Hãng"
O To Xe May Xe Dap,Rèm che nắng nam châm ô tô dành cho các xe hãng KIA - Hàng Chính Hãng
O To Xe May Xe Dap,"Băng Keo 2 mặt cường lực 3M VHB GPL-110GF màu xám - dày 1.1mm  - Dán vè mưa,Logo, Đồ chơi xe, vật dụng gia đình"
O To Xe May Xe Dap,"Túi Đựng Điện Thoại , Đồ Cá Nhân Treo Đầu Xe Máy Nhiều Mẫu GroFa"
O To Xe May Xe Dap,"Dầu bôi trơn máy móc chống gỉ sét đa năng 60ml. Dầu tra xích, líp xe, vòng bi, động cơ, máy móc, bản lề, ổ khóa tiện lợi - Hàng chính hãng dododios"
O To Xe May Xe Dap,"Bạt Phủ Xe Ô Tô Mazda 2, Mazda 3, Mazda 6, CX5, CX8, CX9, BT50, Chất Liệu Bạt Tráng Nhôm 3 lớp cao cấp"
O To Xe May Xe Dap,"Gối Tựa Đầu Ô Tô Tích Hợp Massage 6 Chế Độ Cao Cấp, Gối Kê Cổ Cao Su Non , Chống Đau Mỏi Cổ Vai Cột Sống Lưng - Sairui"
O To Xe May Xe Dap,Giá Đựng Bình Nước Xe Đạp Inox Điều Chỉnh Độ Rộng Chai Nước Tiện Lợi Đại Nam Sport (Lắp Cho Mọi Loại Xe)
O To Xe May Xe Dap,"[Loại To - Tốt] Áo Bạt Phủ Trùm Xe Máy Cỡ Lớn KhoNCC Hàng Chính Hãng - To Dày Bền Mát - Dòng Xe Vario, Exciter, SH Mode các loại - KQL-C3-VRO (Nhiều Màu)"
O To Xe May Xe Dap,Chốt cài khóa dây an toàn trên ô tô bằng thép có thương hiệu xe 1 chiếc
O To Xe May Xe Dap,Bộ 2 gương cầu lồi gắn kính chiếu hậu xe hơi và xe máy
O To Xe May Xe Dap,"Thẻ số đỗ xe, thẻ gắn số điện thoại để taplo ô tô"
O To Xe May Xe Dap,Thanh Gạt mưa Bosch Clear Advantage - Hàng chính hãng
O To Xe May Xe Dap,Gối Tựa Đầu Cao Su Non Cho Mọi Loại Xe Ô tô
O To Xe May Xe Dap,Băng keo cường lực dán đồ chơi xe hơi 3M 4229P 10mmx10m (Đỏ)
O To Xe May Xe Dap,Dụng cụ sửa chữa van xe ô tô và xe máy
O To Xe May Xe Dap,Chai xịt tăng độ bóng sơn ô tô 3M 39034LT (Hàng Thái) tặng khăn lau ô tô chuyên dụng 3M màu ngẫu nhiên
O To Xe May Xe Dap,"Combo 2 Gạt Mưa Xe Ô tô KIA Loại Silicon 4 Lưỡi Cao Cấp, Thiết Kế Thông Minh, Gạt Êm Và Sạch Hơn"
O To Xe May Xe Dap,[Màu mới] Mũ bảo hiểm xe máy nửa đầu Royal M239 kính âm màu trà nhiều size màu lạ mắt dành cho nam nữ
O To Xe May Xe Dap,"Bọc Vô Lăng Ô Tô 3D Da Nappa Cao Cấp Siêu Mỏng - Thiết Kế Lỗ Thoát Khí, Chống Trơn Trượt - Hàng Chính Hãng"
O To Xe May Xe Dap,"Bơm Lốp & Kích Bình Ô Tô Soulor - Pin 99.800mAh, 180W, Tự Ngắt, Đèn LED, Sạc Dự Phòng - Công Nghệ Nhật Bản - Hàng Nhập Khẩu"
O To Xe May Xe Dap,"Bạt phủ xe ô tô cao cấp, cho xe ôtô 4 chỗ đến 7 chỗ, phản quang,chống nóng, chống nước, có khóa kéo cánh cửa"
O To Xe May Xe Dap,Quây chống chuột cho các loại ô tô xe hơi 4 chỗ -5- 7 chỗ có luới inox chống cắn +Khóa+Cáp+Bao tay
O To Xe May Xe Dap,"[MITSUBISHI XPANDER] Thảm Taplo 3 Lớp Dành Cho Xe MITSUBISHI XPANDER, Nhung Lông Cừu Và Da Vân Carbon Cao Cấp - Hàng Chính Hãng"
O To Xe May Xe Dap,Bọc Vô Lăng Da Vân Carbon Có Đính Kèm Logo Theo Hãng Xe - Hàng Chính Hãng
O To Xe May Xe Dap,"Xích sên xe đạp IG51, HG901, HG73, X10 - 6/7/8-11 tốc độ"
O To Xe May Xe Dap,"Máy bơm pin Kachi MK374 - Bơm xăm lốp ô tô, xe máy, xe đạp, phao, bóng"
O To Xe May Xe Dap,Bộ Chắn Bùn Xe Đạp Thể Thao Cho Cả Bánh Trước Và Bánh Sau - Hàng chính hãng dododios
O To Xe May Xe Dap,"Bạt trùm xe máy tráng nhôm loại siêu dày chất lượng cao, chống mưa chống nắng xe máy, có túi đựng bạt trùm chính hãng D Danido"
O To Xe May Xe Dap,Thẻ thu phí tự động VETC - Thẻ thu phí không dừng VETC (Hàng chính hãng)
O To Xe May Xe Dap,"Vỏ sau xe VISION, VARIO, CLICK  90\90-14 S1106 4PR 46P TL hiệu NARUBB không sử dụng ruột"
O To Xe May Xe Dap,Túi xe đạp Kiotool treo gắn sườn xe chống nước cao cấp
O To Xe May Xe Dap,Dây câu bình ắc quy xe hơi 2000 - 2500A - Lõi cực to - câu được cho cả xe tải
O To Xe May Xe Dap, Chính Hãng -  Bình Xịt Dưỡng Bóng Nội Thất - Đồ Da Ô Tô Vị Cafe - Flamingo F096
O To Xe May Xe Dap,Dung dịch tẩy keo nhựa đường 3M 08987 chất tẩy rửa đa năng vết keo nhựa dầu mỡ vết bẩn vệ sinh xe
O To Xe May Xe Dap,Đèn Led Gắn Tăm Căm Xe Đạp Trang Trí Đẹp Mắt Với Pin Cr2032 (bên trong) MaiLee
O To Xe May Xe Dap,"Bơm lốp ô tô xiaomi 70mai midrive TP03 , Bơm lốp đa năng  , Bơm lốp mini - Hàng nhập khẩu"
O To Xe May Xe Dap,Đèn LED Cảnh báo sau Xe Đạp giúp đạp xe an toàn ban đêm 4 chế độ sáng (Đèn Xanh) Mai Lee - Hàng chính hãng
O To Xe May Xe Dap,Bơm hơi đạp chân đa năng cho ô tô xe máy loại 1 pitton
O To Xe May Xe Dap,Chai xịt tăng độ bóng sơn ô tô 3M 39034 LT 3M Gloss Enhancer 400ml
O To Xe May Xe Dap,NƯỚC RỬA XE KHÔNG CHẠM CAR CARE
O To Xe May Xe Dap,Xe máy Honda SH 125i 2026
O To Xe May Xe Dap,"[Tặng củ sạc + cáp sạc] Bơm Lốp, Kích Bình Ô Tô, Xe Máy 4in1 GDV TS03 Pin LI-PO 12000mAh Kiêm Sạc Dự Phòng, Đèn Pin Chiếu Sáng - Hàng Chính Hãng"
O To Xe May Xe Dap,"Gạt Mưa Xe Ô tô Toyota Vios Theo Từng Đời Xe,Loại Silicon 4 Lưỡi Cao Cấp, Thiết Kế Thông Minh, Gạt Êm Và Sạch Hơn"
O To Xe May Xe Dap,Bơm Xe Đạp Xe Máy Deli Tools Tích Hợp Đồng Hồ Áp Suất Tối Đa 160psi Nhỏ Gọn Dễ Dàng Mang Theo Mọi Nơi DL880005
O To Xe May Xe Dap,Bạt Trùm Xe Máy Vải Dù Cao Cấp - Giao màu ngẫu nhiên
O To Xe May Xe Dap,Ổ cứng di động WD Elements USB 500GB: Đối tác lưu trữ đáng tin cậy cho máy tính của bạn
O To Xe May Xe Dap,"Mũ bảo hiểm xe máy 3/4 Royce XH26 kính âm màu trơn, kèm lỗ thông gió tiện lợi dành cho cả nam và nữ"
O To Xe May Xe Dap,Bộ dụng cụ vá lốp khẩn cấp - Vít vá lốp không săm - combo 10 vít vá lốp
O To Xe May Xe Dap,"Áo Phủ Xe Máy Vải Dù Siêu Dày 2 Mặt – Chống Thấm Mạnh, Chống Nắng Nóng Hiệu Quả – Bạt Che Xe Ngoài Trời Bền Chắc, Dễ Gấp Gọn"
O To Xe May Xe Dap,"Băng Keo Teflon PTFE Chịu Nhiệt Cao, Chống Dính, Chống Hóa Chất"
O To Xe May Xe Dap,Xe Máy Honda SH Mode 2024 - Phiên Bản Đặc Biệt
O To Xe May Xe Dap,"[Tặng Kèm Khăn Lau] Chai xịt phục hồi nhựa nhám BZ 450ml, phục hồi nhựa đen phai màu, bạc màu, xịt bóng vỏ lốp xe"
O To Xe May Xe Dap,"Mũ bảo hiểm xe máy nửa đầu Rona Pug có ốp tai da che nắng, nón bảo hiểm freesize dành cho nam và nữ"
O To Xe May Xe Dap,Turbo X12 - 1 lít - Dung dịch rửa xe không chạm - Nước rửa xe bọt tuyết - Ekokemika
O To Xe May Xe Dap,Gương chiếu hậu xe đạp mặt phẳng gắn tay lái/ ghi đông xe đạp YQ212 cho đường kính tay lái phi 16-22mm Mai Lee (1 chiếc)
O To Xe May Xe Dap,"BẠT TRÙM / TẤM PHỦ TẤT CẢ CÁC LOẠI XE MÁY KÍCH THƯỚC 220x115cm , LÀM TỪ VẢI DÙ 2 DA CAO CẤP ,BỀN ,ĐẸP , CHỐNG MƯA , NẮNG"
O To Xe May Xe Dap,"Mũ bảo hiểm nửa đầu RONA hali viền bạc chính hãng, nón bảo hiểm freesize cho nam và nữ"
O To Xe May Xe Dap,Dây bơm xe máy xe đạp thay thế Kiotool phù hợp dòng bơm 1 ống và 2 ống
O To Xe May Xe Dap,"Tấm Lưới Đệm Tựa Lưng, Đệm Ghế Ô Tô, Ghế Văn Phòng - Matxa Thư Giãn Cột Sống Chống Mỏi Lưng - Hangf Loại 1 Chính Hãng MINIIN"
O To Xe May Xe Dap,"Bạt phủ che xe hơi - Bạt trùm xe ô tô 3 lớp tráng nhôm chống xước, chống nắng, chống mưa, chống cháy bảo vệ xe"
O To Xe May Xe Dap,MÁY BƠM LỐP Ô TÔ TỰ NGẮT TOMORI 12V AC-01 (Bảo hành 12 tháng)
O To Xe May Xe Dap,CẦN GẠT MƯA 3 KHÚC Ô TÔ CAO CẤP DENSO JANPAN
O To Xe May Xe Dap,"Combo 2 Khăn Lau Xe Ô Tô Siêu Thấm, Khăn Lau Đa Năng Chất Liệu Microfiber 2 Chiếc - Hàng Chính Hãng"
O To Xe May Xe Dap,Bình xịt vệ sinh máy điều hòa Mr Mckenic Air-Conditioner Cleaner
O To Xe May Xe Dap,Bộ 2 miếng che nắng cho ô tô Michelin MI-CWS (36 x 45cm)
O To Xe May Xe Dap,"Bảng Số Điện Thoại Ô Tô, thẻ ghi số điện thoại gắn Taplo Xe hơi, ô tô Y6962 kèm khe đặt Điện thoại (màu Đen)"
O To Xe May Xe Dap,Băng keo cường lực siêu dính 3M  4229P-20 20mm x10m
O To Xe May Xe Dap,Dung Dịch Chống Bám Nước Trên Kính Xe 3M (200ml)
O To Xe May Xe Dap,Xe máy Honda Air Blade 125cc 2026 - Phiên Bản Đặc Biệt
O To Xe May Xe Dap,Móc chìa khóa ô tô có Logo hãng xe
O To Xe May Xe Dap,Lớp Lót Mũ Bảo Hiểm Silicone SLC-8 Thoáng Khí Chống Biến Dạng Xe Máy Xe Đạp Phụ Kiện - Mai Lee
O To Xe May Xe Dap,Bộ 5 khăn lau Ô tô microfiber siêu sạch 40cmx60cm 206430
O To Xe May Xe Dap,"HUD Hiển Thị Tốc Độ Trên Kính Lái Ô Tô G30 - GPS Cắm Cổng USB | Màn Hình Rõ Nét, Tương Thích Mọi Dòng Xe"
O To Xe May Xe Dap,Bạt Phủ Ô Tô 4 Chỗ - 7 Chỗ - Bán Tải - Bạt Phủ Trùm Xe Ô Tô + Quà Tặng Túi Thơm Hình Cây Thông Treo Xe
O To Xe May Xe Dap,Công tắc tắt đèn xe máy dành cho Wave Alpha 2021 | RSX | Blade | Vision | LEAD đèn Halogen
O To Xe May Xe Dap,"Mỡ Bò Bôi Trơn Nhập Khẩu PALCO CHASSIS - Mỡ Bôi Trơn Khung Gầm Xe Tải, Kháng Nước, Bám Dính Tốt, Xô 5kg-18kg"
O To Xe May Xe Dap,"Chính hãng, nệm xe 5 chỗ, bán tải"
O To Xe May Xe Dap,"Đệm Ngồi 3D 2 Lớp Thoáng Khí Gel Tổ Ong Lót Ghế Trên Ô Tô Giúp Tuần Hoàn Máu, Chống Đau Mỏi Lưng - Hãng dododios"
O To Xe May Xe Dap,"Combo Gối Tựa Đầu Và Tựa Lưng Ô Tô Tích Hợp Massage 6 Chế Độ, Gối Tựa Cao Su Non, Giảm Đau Mỏi Cổ Vai Cột Sống - Sairui"
O To Xe May Xe Dap,"Gối Tựa Lưng Tích Hợp Massage, Đệm Lưng Chống Gù, Giảm Đau Cột Sống Dùng Cho Văn Phòng ô tô - Sairui"
O To Xe May Xe Dap,Xe Máy Honda Vision 2026 - Phiên Bản Cao Cấp
O To Xe May Xe Dap,"Bàn Đạp Xe Đạp,Pedan Xe Đạp Thể Thao Hợp Kim Nhôm Chắc Chắn,Chống Trơn Trượt Đại Nam Sport (Lắp Cho Mọi Loại Xe) "
O To Xe May Xe Dap,"Xà bông rửa xe đậm đặc kết hợp tăng cường độ bóng sơn 2in1 1 lít PN39000W - Làm sạch bụi bẩn, bùn đất, dầu mỡ, dưỡng tăng độ bóng sơn, đậm đặc 1:60"
O To Xe May Xe Dap,[1 chiếc] Gương Xe Đạp Chiếu Hậu Giá rẻ 8 cm Cho Xe Đạp Thể Thao Địa Hình 360 Độ Giúp Đạp Xe An Toàn Mai Lee
O To Xe May Xe Dap,"Bạt Phủ Xe Ô Tô Toyota Vios, Altis, Camry, Fortuner, Innova, Yaris, Rush, Hilux, Wigo, Land Cruiser"
O To Xe May Xe Dap,Băng keo cường lực trong suốt 3M khổ 24mm x 3m VHB 4905-243
O To Xe May Xe Dap,"Bạt Trùm Xe Máy, Áo Trùm Tất Cả Các Loại Xe Máy, Vải Dù Siêu Dày, Hàng Việt Nam Chất Lượng Cao"
O To Xe May Xe Dap,Bơm xe đạp xe máy Kiotool thế hệ mới đồng hồ chính xác nhẹ hơi khỏe
O To Xe May Xe Dap,Xe đạp Thống Nhất mini New 26-Hàng chính hãng
O To Xe May Xe Dap,Bạt Phủ Áo Trùm Xe Máy Vải Dù Che Mưa Nắng Thời Tiết Khắc Nghiệt Loại Lớn Cho Dòng Xe Tay Ga - Xe Số Thông Dụng
O To Xe May Xe Dap,Xịt Dưỡng Bóng Vỏ Lốp Ô Tô - Phục Hồi Nhựa Đen Flamingo F010 500ml
O To Xe May Xe Dap,"Bộ 4 ốc - nắp chụp chân van, đầu vòi xe hơi, xe máy, ô tô chất lượng cao chống rỉ nhiều màu"
O To Xe May Xe Dap,Bọc cần số và phanh tay - thắng tay ô tô tiện ích 206103
O To Xe May Xe Dap,"Đèn Led Xe Đạp, Đèn Hậu Cảnh Báo Xe Đạp Gắn Phía Sau Siêu Sáng Có Sạc Điện USB Chống Nước Giúp Đạp Xe An Toàn Ban Đêm 2 Màu Nhiều Chế Độ - Hàng Chính Hãng"
O To Xe May Xe Dap,Combo 2 Trang Trí Bọc Dây An Toàn FOCUS F-X01A Màu Kem
O To Xe May Xe Dap,Bảng Số Kiêm Giá Đỡ Điện Thoại Trên Taplo Xe Hơi
O To Xe May Xe Dap,Nước Rửa Xe Mẫu Mới Sumo Wash & Wax (1L)
O To Xe May Xe Dap,Chai Xịt Đánh Bóng Nhanh 3M Gloss Enhancer 39034LT (400ml)
O To Xe May Xe Dap,Pin Lithium Panasonic 3V Xịn CR2032 - CR2025 - CR2016 - CR1632 - CR1620 - CR1616 CR1220 - CR2450 Thay pin chìa khóa ôtô
O To Xe May Xe Dap,"Nước Hoa Ô Tô Cánh Quạt Năng Lượng Mặt Trời ATOM – Khử Mùi, Chống Say Xe, Hương Thiên Nhiên - Hàng Nhập Khẩu"
O To Xe May Xe Dap,Nón bảo hiểm xe đạp thể thao siêu nhẹ thoáng khí PaKaSa - Hàng chính hãng (giao màu ngẫu nhiên)
O To Xe May Xe Dap,Bộ Chuyển Đổi Nguồn 220v Sang 12v Chân Tẩu 10A-120W Cao Cấp AZONE 
O To Xe May Xe Dap,"Túi Thơm Cà Phê Treo Xe Ô Tô Đất Cà Phê 60g - Hương Thơm Tự Nhiên, Khử Mùi Hiệu Quả"
O To Xe May Xe Dap,[HONDA] Bộ 9 Miếng Dán Vân Carbon Chống Trầy Xước Bậc Cửa Ô Tô Dành Cho Hãng Xe HONDA - Hàng Chính Hãng
O To Xe May Xe Dap,"[TOYOTA INNOVA] Thảm Taplo 3 Lớp Dành Cho Xe TOYOTA INNOVA, Nhung Lông Cừu Và Da Vân Carbon Cao Cấp - Hàng Chính Hãng"
O To Xe May Xe Dap,Yên xe đạp Kiotool gel êm ái chống nước phù hợp với mọi dòng xe đạp thể thao địa hình
O To Xe May Xe Dap,Khoá dây xe đạp 5 số cao cấp bền bỉ chất lượng cao cho xe đạp xe máy đa dụng chống trộm (Màu ngẫu nhiên)- HENRYSA
O To Xe May Xe Dap,"Yên xe đạp thể thao siêu êm, thoáng khí, chống nước"
O To Xe May Xe Dap,"Thảm Lót Ghế Xe Ô Tô Massage Hạt Gỗ - Lưu Thông, Giảm Đau Khi Ngồi Lâu | Đệm Lót Ghế Ngồi Tấm Liền"
O To Xe May Xe Dap,Tấm bọc yên xe đạp leo núi MTB / Tấm đệm 3D làm dày thêm thoải mái cho xe đạp / Tấm bọc đệm ghế xe đạp
O To Xe May Xe Dap,"Tựa lưng ghế văn phòng, ghế ô tô dạng lưới chống mỏi lưng, tấm lót thư giãn"
O To Xe May Xe Dap,Nhớt Xe Máy PRIME Tổng Hợp Toàn Phần Lon 800ML-1L-1.1L-1.3L Cho Xe Số/Côn Tay/Tay Ga Nhập Khẩu Chính Hãng
O To Xe May Xe Dap,"Còi Chuông Xe đạp EH-03 120dB sạc USB có chế độ chống trộm, 4 âm thanh điều chỉnh dung lượng 200mAh pin chờ 180 ngày - Mai Lee"
O To Xe May Xe Dap,MỠ BÒ NƯỚC HHS2000 WURTH 500ML 
O To Xe May Xe Dap,"[COMBO 2 CHIẾC] Tấm Lưới Tựa Lưng Cho Văn Phòng , Học Sinh - Đệm Ghế Lưng Cho Tài Xế, Lái Xe Hỗ Trợ Cột Sống, Giảm Nhức Mỏi- Chính Hãng GROFA"
O To Xe May Xe Dap,Mũ Bảo Hiểm Xe Đạp Sợi Cacbon Siêu Nhẹ Chống Va Đập Điều Chỉnh Kích Thước Đại Nam Sport
O To Xe May Xe Dap,Dầu nhớt xe máy MOTUL 3100 GOLD 4T 10W40
O To Xe May Xe Dap,Chân Chống Xe Đạp Thể Thao Kiotool Thay đổi kích thước phù hợp với mọi dòng xe đạp địa hình
O To Xe May Xe Dap,"Nhớt xe số đời mới cao cấp Motul 5100 4T 10W30 công nghệ Ester tổng hợp 100% API SM, MA2 - dùng đường phố đường trường xe đời mới NKLUBE"
O To Xe May Xe Dap,"Mũ Bảo Hiểm ¾ NAPOLI, Hai Kính  Đẹp"
O To Xe May Xe Dap,Mũ bảo hiểm 3/4 RONA R8 freesize vòng đầu 55-59cm phù hợp cho nam và nữ đi xe máy
O To Xe May Xe Dap,Chuông Xe Đạp Thể Thao Địa Hình Mini Bằng Đồng Âm Thanh Vang 90-100dB Gắn Ghi Đông Xe Đạp Mai Lee (Loại Cơ Bản)
O To Xe May Xe Dap,Đệm lót ghế ô tô hạt gỗ  - Khoác Vai Ghế Xe Ô Tô Hạt Gỗ Hương 12ly 
O To Xe May Xe Dap,Bảng để lại số điện thoại trên ô tô khi đỗ xe
O To Xe May Xe Dap,"Dụng cụ chà vệ sinh rửa xích và líp, bánh răng và chữa tụt xích đa năng cho xe đạp Mai Lee - Hàng chính hãng"
O To Xe May Xe Dap,Dung dịch chống bám nước kính xe 3M Glass Coat Windshield 3M 08889 LT 200ml
O To Xe May Xe Dap,Găng Tay Chống Cắt 3M Cấp Độ 5 Cut Resistant Gloves
O To Xe May Xe Dap,Biển Tam Giác Cảnh Báo Nguy Hiểm Phản Quang Cho Ô Tô Biển báo có đèn led với nhiều chế
O To Xe May Xe Dap,Bộ đèn Led 4 thanh 9 bóng lắp gầm ghế ô tô cảm biến nhạc-Có Remote
O To Xe May Xe Dap,"Phễu Thay Nhớt, Phễu Đổ Nhớt, Quặng Châm Nhớt, Phễu Thay Nhớt Xe Máy, Phiểu Thay Nhớt, Phễu Nhớt"
O To Xe May Xe Dap,Mũ Bảo Hiểm Nửa Đầu EGO E-20
O To Xe May Xe Dap,Tượng phật di lặc để taplo kiêm nước hoa ô tô xe hơi cao cấp khử mùi chống say xe cầu an lành hạnh phúc
O To Xe May Xe Dap,"Biển Tam Giác cảnh Báo Nguy Hiểm Phản Quang Cho Ô Tô, Biển Báo Có Đèn Led Với Nhiều Chế Độ Sáng - Hàng Nhập Khẩu"
O To Xe May Xe Dap,Bộ 2 dây phanh xe đạp Kiotool không rỉ
O To Xe May Xe Dap,"[FORD EXPLORER] Bạt phủ xe ô tô tráng nhôm cao cấp dành cho xe FORD EXPLORER, 3 lớp chống nóng, chống thấm, chống bụi - Hàng Chính Hãng"
O To Xe May Xe Dap,"Chân chống xe đạp thể thao đa năng, tùy chỉnh kích thước cho xe 24 inch trở lên"
O To Xe May Xe Dap,Nhớt tổng hợp cao cấp SHELL ADVANCE ULTRA 10W40 1L
O To Xe May Xe Dap,Bộ Đèn Xe Đạp dododios Và Còi Năng Lượng Mặt Trời USB Có Thể Sạc Lại 4 Chế Độ Đèn Pha Xe Đạp - Hàng Chính Hãng dododios
O To Xe May Xe Dap,"Đèn Hậu Xe Đạp Cảnh Báo- Chế Độ Đèn Led Siêu Sáng, Tia Laser Tạo Khoảng Cách An Toàn- Chính Hãng (Kèm Giá Đỡ)"
O To Xe May Xe Dap,"Kềm Nạy Lốp Xe Đạp Chất liệu Nhựa ABS cứng giúp vá lốp xe đạp, sửa lốp xe nhanh chóng tiện lợi Mai Lee"
O To Xe May Xe Dap,"[Vải Dù Dày Nặng 1kg3]Bạt Phủ - Áo Trùm Xe Máy Cao Cấp Vải Dù 2 Mặt Che Nắng, Mưa Giữ Xe Luôn Như Mới Vừa Tất Cả Loại Xe"
O To Xe May Xe Dap,Bạt Che Phủ Xe ô tô 4 Chỗ Cao Cấp 3 Lớp Chống Nắng Nóng Chống Nước Chống xước
O To Xe May Xe Dap,Dây Câu Kích Sạc Bình Ắc Quy Cứu Hộ Ô Tô Xe Hơi Tải 2000AMP Dài 4 Mét Lõi Đồng To Hàng Loại 1
O To Xe May Xe Dap,"Ắc quy khô GLOBE WP5-6 6V-5AH Bình ắc quy khô 6v cho xe điện trẻ em ,đèn khẩn cấp,quạt sạc"
O To Xe May Xe Dap,Đèn Cảnh Báo Tam Giác SOS LED COB Pin 6400mAh Sạc Năng Lượng Mặt Trời Cho Xe Đường Dài Tàu Thuyền Biển Báo Công Trình
O To Xe May Xe Dap,Nhớt Mobil Super 5000 SAE 10W40 946ml
O To Xe May Xe Dap,"Megacools Ultra Lube MOLY WAX 300ml - Xịt bảo dưỡng sên siêu cao cấp, chống vắng, chống rít,chống kêu sên"
O To Xe May Xe Dap,"Cảo Xích Xe Đạp Giúp Tháo Mở Cảo Cắt Mắt Dây Sên Xe Đạp Nhỏ Gọn, Tiện Lợi Mai Lee"
O To Xe May Xe Dap,Combo nhớt xe tay ga cao cấp Mekong ACCESS Scooter 800ml tặng kèm nhớt hộp số ACCESS Gear Oil 120ml
O To Xe May Xe Dap," Chai xịt bảo dưỡng sên Megacools Chain Lube 300ml - dưỡng sên xích, sên trần, sên phốt cao su xe máy"
O To Xe May Xe Dap,Bảng Hiển Thị Số Điện Thoại Gắn Trên Taplo Xe Ô TÔ  Giúp Người Đi Đường Dễ Dàng Liên Hệ Với Bạn Khi Cần Thiết
O To Xe May Xe Dap,"Combo 10 giá móc treo đa năng gắn tựa đầu treo đồ vật sau ghế ô tô, xe hơi "
O To Xe May Xe Dap,Bộ Sản Phẩm Bluechem Làm Sạch Và Bảo Dưỡng Động Cơ Xe Máy Dưới 175cc (3 x 50ml)
O To Xe May Xe Dap,"Thẻ lái xe đa năng RFID. Quẹt được tất cả hãng hộp đen. Shop có tích hợp sẵn cho tài xế, hoặc hướng dẫn tích hợp tại nhà"
O To Xe May Xe Dap,"Cảo tháo mắt sên xe máy cao cấp hãng Kapusi Nhật Bản chuyên cho xe máy, xe đạp (Vam đột xích)"
O To Xe May Xe Dap,"Bạt Phủ Ô Tô Tráng Nhôm 4 Lớp Cao Cấp Dày Dặn Chống Nước, Chống Nắng | Bạt Phủ Ô Tô 4 Lớp Cao Cấp Giúp Bảo Vệ Nội, Ngoại Thất Xe Khỏi Tác Nhân Gây Hại Của Môi Trường"
O To Xe May Xe Dap,"Nước Hoa Ô Tô ATOM, Cánh Quạt Xoay Bằng Năng Lượng Mặt Trời Tỏa Hương Thơm Từ Thiên Nhiên, Khử Mùi, Chống Say Xe, An Toàn Cho Sức Khỏe - Hàng Nhập Khẩu"
O To Xe May Xe Dap,"Đèn pha xe đạp gắn xe LD88-600LM độ sáng 600 lumen, pin dung lượng cao 2200mAh, chất liệu vỏ nhôm, chống nước IP66, có hỗ trợ pad gắn treo (2 tùy chọn) - Mai Lee"
O To Xe May Xe Dap,"20 Tem dán khung xe đạp chống trầy xước (20 miếng/ bộ), Màng Bảo Vệ Chống Trầy Xước cho vị trí tiếp xúc nhiều - Mai Lee"
O To Xe May Xe Dap,"Mũ bảo hiểm xe máy nửa đầu Rona Luxury kèm kính phi công viền đồng, nón bảo hiểm có lỗ thông gió tặng kèm tai mèo"
O To Xe May Xe Dap,Turbo X10 - 1 lít - Dung dịch rửa xe không chạm - Nước rửa xe bọt tuyết - Ekokemika
O To Xe May Xe Dap,Nón Bảo Hiểm Thể Thao Dành Cho Trẻ Em Fornix A02NM17  - S - Từ 2 Đến 9 Tuổi
O To Xe May Xe Dap,"Bộ 2 gương cầu lồi 360 độ gắn gương chiếu hậu ô tô, xe hơi"
O To Xe May Xe Dap,"[An Tâm] Khóa Đĩa Chống Trộm KhoNCC Hàng Chính Hãng Cho Xe Máy, Xe Đạp - Cốt Thép Không Gỉ Chống Trộm Cắt - KPD-KX-JinKu-3875 (Màu ngẫu nhiên)"
O To Xe May Xe Dap,Chuông xe đạp la bàn Kiotool nhôm hợp kim chắc chắn tiếng to
O To Xe May Xe Dap,Gương cầu lồi gắn kính hậu ô tô xoay 360 xóa điểm mù
O To Xe May Xe Dap,Chuông xe đạp Jett Classic
O To Xe May Xe Dap,Chổi Quét Bụi Ô TÔ Đa Năng NB 64cm
O To Xe May Xe Dap,Túi Tam Giác Treo Sườn Xe Đạp Chống Nước Treo Khung Xe Đa Năng Chứa Đồ Cá Nhân Mai Lee
O To Xe May Xe Dap,"Bơm Đạp Chân 2 Nòng Xilanh BEELORD J54B-01 10 Bar/160 PSI Bơm Chất Lượng Cao Cho Xe Đạp, Xe Máy, Xe Ô tô, Xe Hơi Đa Năng Xếp Gọn (Tặng Kèm 3 Chốt Chân, Hộp đựng bơm) - Mai Lee"
O To Xe May Xe Dap,Máy Bơm Lốp Xe Điện 150PSI MH LED Thông Minh Pin Sạc Nhỏ Gọn Mạnh Mẽ Tự Động Ngắt Khi Đủ Hơi
O To Xe May Xe Dap,Chổi Lau Xe Rửa Vệ Sinh Ô Tô Điều Chỉnh Được Độ Dài Cao Cấp
O To Xe May Xe Dap,"Bảng số điện thoại gắn taplo ô tô, xe hơi"
O To Xe May Xe Dap,Túi Đựng Đồ Lưng Ghế Ô Tô CIND Da Pu Màu Đen
O To Xe May Xe Dap,Nước hoa ô tô Differen nước hoa xe hơi cao cấp nhập khẩu từ Nhật Bản chiết xuất 100% thiên nhiên khử mùi chống say xe tố - Cool Water-thơm mát
O To Xe May Xe Dap,"Mỡ trắng bôi trơn giảm chấn, Grease chống rỉ sét. giảm tiếng cọt kẹt trên ô tô kèm chổi quét"
O To Xe May Xe Dap,"Nước hoa ô tô Duke chính hãng nhập khẩu 50ml - 100% chiết xuất từ thiên nhiên chống say xe, khử mùi"
O To Xe May Xe Dap,"VÍ DA ĐỰNG ĐĂNG KIỂM, GIẤY TỜ Ô TÔ CAO CẤP dành cho xe hãng Túi Da Xịn Đựng Đăng Kiểm, Giấy Tờ bóp "
O To Xe May Xe Dap,Khóa xe đạp thể thao mật khẩu 4 số Kiotool nhỏ gọn chắc chắn treo yên xe
O To Xe May Xe Dap,Khóa Dây Xe Đạp Chống Trộm Mật Mã 4 Số Lõi Thép Cao Cấp - Hầng Chính Hãng dododios
O To Xe May Xe Dap,Xe đạp trẻ em VHBike Kids 16 inch - Phù hợp với bé từ 3 đến 6 tuổi
O To Xe May Xe Dap,"Chân chống xe đạp KW-614 điều chỉnh độ cao 26-36cm lắp đặt đơn giản, chất liệu nhôm, phù hợp nhiều loại xe đạp Mai Lee"
O To Xe May Xe Dap,Đèn xe đạp thể thao DoDoDios siêu sáng có còi pin sạc usb led T6 chống nước - Đèn còi xe đạp có 3 chế độ sáng còi to
O To Xe May Xe Dap,"Cáp Chuyển Đổi Nguồn Từ Kẹp Acquy Sang Tẩu Sạc Ô Tô, Tẩu kẹp ắc quy tẩu cái đầu cái lấy điện bình xe hơi ô tô tiện dụng"
O To Xe May Xe Dap,"Bình ắc quy khô GS GT5A 12V-5Ah cho xe máy Dream, Wave, Future, Sirius, Jupiter, Taurus, Mio"
O To Xe May Xe Dap,"Bình Ắc Quy Khô Hiệu GS cho xe máy Honda SH Ý, DYLAN, @, PS, Lead cũ, Vespa mới, Piaggio ZIP, (GT7A-H) 12V-7Ah"
O To Xe May Xe Dap,Đèn Hậu Phía Sau Cảnh báo an toàn Đuôi Xe Đạp DC918 Sạc USB Có Thể Sạc Lại MaiLee
O To Xe May Xe Dap,COMBO 10 VIÊN SỦI NƯỚC RỬA KÍNH XE Ô TÔ
O To Xe May Xe Dap,(Loại Tốt) Áo Bạt Phủ Trùm Xe Hơi KhoNCC – Đủ loại Ô Tô 4-5-7 Chỗ Loại Tốt Che Mưa Nắng Chống Bạc Màu Xe – Trầy Xước – Bẻ Kính Xe – NQL-BPXH - Hàng Chính Hãng
O To Xe May Xe Dap,Bộ 2 gương cầu lồi gắn gương chiếu hậu ô tô GC888
O To Xe May Xe Dap,"Tẩu sạc  tốc độ cao trên ô tô, xe hơi  tích hợp màn hình LCD hiển thị thông tin điện áp của xe, Hỗ trợ 2 cổng USB DC 5V-3.1A nhãn hiệu Hoco Z3"
O To Xe May Xe Dap,"Combo 2 Tinh Dầu Treo Xe Ô Tô KOBI Sả Chanh, Bạc Hà Treo Xe Oto, Treo Phòng Ngủ, Treo Nhà Vệ Sinh, Treo Tủ Quần áo, Xịt Thơm Xe, Khử Mùi Xe Mới, Chống Say"
O To Xe May Xe Dap,DƯỠNG SÊN/XÍCH MOTUL MC CARE C2 CHAIN LUBE ROAD - Hàng Chính Hãng
O To Xe May Xe Dap,Nước hoa ô tô cao cấp Hương Cà Phê Wine Korea A02 35ml (Màu nắp ngẫu nhiên)
O To Xe May Xe Dap,Chai xịt bôi trơn bảo dưỡng sên/ xích xe máy Thunder Chain Lube 400ml
O To Xe May Xe Dap,Băng keo cường lực siêu dính 3M 4229P-10 10mm x 10m
O To Xe May Xe Dap,Dung Dịch Tẩy Và Làm Sạch Đánh Bóng Inox 3M Stainless Steel Cleaner & Polish 10Oz (283g)
O To Xe May Xe Dap,Xi Đánh Bóng Cana 100G
O To Xe May Xe Dap,"Gối tựa lưng xe hơi, ô tô cao cấp chất liệu 100% cao su non - 2 màu: Đen và Ghi - Mã: B01"
O To Xe May Xe Dap,"[KIA SELTOS] Thảm Taplo 3 Lớp Dành Cho Xe KIA SELTOS, Nhung Lông Cừu Và Da Vân Carbon Cao Cấp - Hàng Chính Hãng"
O To Xe May Xe Dap,"Bình nước xe đạp siêu nhẹ YQ-710 dung tích 710ml, chất liệu nhựa PP, tiện dụng cho xe đạp MTB và đường phố (không kèm giá đỡ bình nước xe đạp), để uống khi đạp xe ngoài trời - Mai Lee"
O To Xe May Xe Dap,Thảm lót sàn xe ô tô VinFast Lux SA Nhãn hiệu Macsim chất liệu nhựa TPE cao cấp màu đen
O To Xe May Xe Dap,Xe máy Honda SH Mode 125cc 2024 - Đặc biệt
O To Xe May Xe Dap,Xe Máy Honda Future 125 FI 2026 Phiên Bản Cao Cấp
O To Xe May Xe Dap,Dầu Tra Sên Xích Xe Đạp 60ml-Cylion Giúp Bảo Dưỡng Bôi Trơn Xe (dạng nước) kèm khăn lau CYLION
O To Xe May Xe Dap,Ron Viền Bảo Vệ Cánh Cửa Xe Hơi Nẹp U Gioăng Oto Ôtô Chống Va Đập Ồn Cách Âm Đàn Hồi Lõi Thép Cao Su
O To Xe May Xe Dap,"Ví đựng giấy tờ xe, đăng kiểm da bò thật handmade Mẫu 02"
O To Xe May Xe Dap,Bảng ghi số di động trên oto Hoco PA41 - biển báo sđt đỗ xe hơi ô tô - hàng chính hãng
O To Xe May Xe Dap,"Bình Ắc Quy Khô Globe WP15-12SE 12V15AH, dùng cho loa kéo, bình phun thuốc, ups, xe đạp điện"
O To Xe May Xe Dap,"Bạt Phủ Toàn Xe 3 Lớp Chống Xước, Chống Nắng, Chống Cháy Cho Ô Tô"
O To Xe May Xe Dap,Nhớt xe số cao cấp Mobil Super 4T 20W50 1L - Nhập khẩu Singapore
O To Xe May Xe Dap,BAO DA CHÌA KHOÁ DÀNH CHO PEUGEOT 3008 - CHÍNH HÃNG KHACTEN.COM
O To Xe May Xe Dap,Nhớt Hộp Số Repsol Moto Gear Oil 80w90 – 120ml
O To Xe May Xe Dap,"Combo Xịt Dưỡng sên Thunder Chain Lube 400ml, Vệ sinh sên MC-40 400ml tặng bàn chải chà sên 3D"
O To Xe May Xe Dap,Xịt Dưỡng Và Làm Bóng Vỏ Xe FORMULA 1 615238 680ml Bóng Sâu Tự Nhiên Chống Ngả Màu Lốp Xe - Nhập Khẩu Chính Hãng
O To Xe May Xe Dap,Gạt Mưa Gọng Sắt VIAIR 311 (14 Inch/350 mm)
O To Xe May Xe Dap,Xe Máy Điện VinFast Motio
O To Xe May Xe Dap,"Máy Bơm Lốp Xe Chống Ồn 80W Màn Mình Kỹ Thuật Số DELI Có Dây - Bơm Lốp Ô Tô, Xe Máy, Bóng"
O To Xe May Xe Dap,"Xe đạp Thống Nhất thể thao GN06-24, 26, 27inch 2.0 - Hàng chính hãng (Phù hợp với người cao từ 1m35 trở lên)"
O To Xe May Xe Dap,Xe Máy Honda Air Blade 125 2026 - Phiên Bản Tiêu Chuẩn
O To Xe May Xe Dap,Bộ Dụng Cụ Vá Săm Lốp Xe Đạp Có Săm Du Lịch Tiện Dụng Sử Dụng Khẩn Cấp Cho Xe Đạp
O To Xe May Xe Dap,"Xe đạp thể thao Limit Racing vành nan, cỡ bánh24 và 26 với 6 màu sắc lựa chọn"
O To Xe May Xe Dap,PHIẾU MUA XE MÁY HOÀNG VIỆT
O To Xe May Xe Dap,Xe Máy Yamaha Freego 125cc
O To Xe May Xe Dap,Xe Máy Honda SH Mode 2024 - Phiên Bản Thể Thao
O To Xe May Xe Dap,"Xe đạp Thống Nhất thể thao GN06-24, 26, 27 inch 2.0 - Hàng chính hãng (Phù hợp với người cao từ 1m35 trở lên)"
O To Xe May Xe Dap,"Chân đế mở rộng gắn chân gương chiếu hậu cho xe máy, xe đạp điện, xe gắn máy, xe đạp chất liệu Nhôm gắn thêm phụ kiện đèn xe, còi, kẹp điện thoại Mai Lee"
O To Xe May Xe Dap,Phiếu Mua Xe Moto Honda Moto Phát Tiến
O To Xe May Xe Dap,Xe Máy Yamaha Grande 125cc
O To Xe May Xe Dap,DUNG DỊCH RỬA XE BỌT TUYẾT [5 Lít]
O To Xe May Xe Dap,"Găng Tay Bao Tay Xe Đạp Nửa Ngón Hở Chống Trơn Trượt Với Thiết Kế Thoáng Khí, Hút Mồ Hôi, Đàn Hồi Chống Sốc Cho Xe Đạp Thể Thao MTB, Địa Hình"
O To Xe May Xe Dap,"Bộ 4 Miếng Dán Phản Quang Sticker Dán Cảnh Báo Mở Cửa Cho Ô tô, Xe Hơi Giúp An Toàn Khi Mở Cửa Xe Mai Lee"
O To Xe May Xe Dap,Máy bơm lốp xe ô tô mini tự động Xiaomi 70mai Air Compressor Midrive TP01 - Hàng Nhập Khẩu
O To Xe May Xe Dap,Khăn lau ô tô chuyên dụng chống trầy xước Microfiber 3M 30x30cm Nhiều màu sắc
O To Xe May Xe Dap,"Bạt Phủ xe Ô Tô Camry Chống Nắng che Mưa Hiệu Quả, Bạt Trùm Xe Hơi "
O To Xe May Xe Dap,"Bộ gối ghế tựa lưng và đầu xe hơi,ô tô chất liệu cao su non cao cấp"
O To Xe May Xe Dap,Xe máy Honda Lead 125cc 2026 - Phiên Bản Đặc Biệt
O To Xe May Xe Dap,Xe đạp Thống Nhất thể thao GN700C  - Hàng chính hãng (Phù hợp với người cao từ 1m60 trở lên)
O To Xe May Xe Dap,Xe Máy Honda SH Mode 125cc 2024 Phiên Bản Tiêu Chuẩn
O To Xe May Xe Dap,Xe máy Honda Vario 125 2024
O To Xe May Xe Dap,Xe Máy Yamaha Janus 125cc
O To Xe May Xe Dap,Xe Máy Honda LEAD 125cc 2026 - Phiên Bản Cao Cấp
O To Xe May Xe Dap,Xe máy Honda SH 160i Đặc Biệt ABS 2023
O To Xe May Xe Dap,Xe máy Honda VARIO 160cc 2023 Phiên bản Thể Thao - Xám đen bạc
O To Xe May Xe Dap,Xe máy Honda Vario 160 - Phiên bản Cao cấp
O To Xe May Xe Dap,Xe máy Honda SH125i 2023 Phiên bản Tiêu Chuẩn
O To Xe May Xe Dap,Mũ Bảo Hiểm 3/4 Có Kính ASIA MT-168
O To Xe May Xe Dap,Xe Máy Honda Air Blade (2023) 125cc Phiên Bản Tiêu Chuẩn
O To Xe May Xe Dap,Phiếu Mua Xe Máy
O To Xe May Xe Dap,Combo 2 Lưỡi Gạt Mưa Loại A VIAIR R15 (26 Inch/650 mm)
O To Xe May Xe Dap,Bơm xe đạp xe máy Kiotool chuyên dụng ống to nhanh đầy hơi bơm nhẹ  có đầy đủ phụ kiện bơm bóng đá thú nhún bơm phao bơi
O To Xe May Xe Dap,Xe đạp trợ lực điện Vievélo
O To Xe May Xe Dap,Phiếu Mua Xe Máy Honda Dũng Tiến Sài Gòn
O To Xe May Xe Dap,"Túi xe đạp cao cấp,túi treo sườn xe đạp chống nước bọc cảm ứng phù hợp với mọi dòng xe Thương hiệu KIOTOOL"
O To Xe May Xe Dap,"Bộ Hộp Dụng Cụ Vá Lốp Xe Lốp Không Săm Vá Lụi (vá ngoài) Bằng Thép Không Gỉ Cho Xe Oto, Xe Hơi Và Xe Máy Mai Lee - Hàng Chính Hãng"
O To Xe May Xe Dap,Mũ Bảo Hiểm Napoli Nửa Đầu NS [CHÍNH HÃNG] [FREESHIP] - Nón Bảo Hiểm Màu Sơn Nhám 1/2 NS - Đủ Màu
O To Xe May Xe Dap,Mũ bảo hiểm xe máy nửa đầu Royal M239 kính âm
O To Xe May Xe Dap,Bơm Lốp ô tô dự phòng Điện Tử Tự Ngắt Có Đèn Pin TANGDi cài đặt thông số tự động ( mã 1011) - Hàng Chính Hãng
Thoi Trang Nu,Áo ngực nữ cúp ngang Cao Cấp Miley Lingerie
Thoi Trang Nu,Combo 5 Quần Lót Flexi Stretch Chất Liệu Bamboo Visco - Miley Lingerie
Thoi Trang Nu,"[Tặng 2 Khăn Ướt Cồn/Bao] Bao Quần Lót Dùng 1 Lần Nữ TRAVEL-MATE 5 Cai/Bao | Đã Giặt Sạch, An Toàn, Tiện Lợi"
Thoi Trang Nu,"Bộ 5 Quần Lót Nữ, Quần Sịp Nữ, Quần Lót Nữ Không Viền, Chất Su Tơ Cao Cấp In Hình Hoa Tulip, Quần Xì Nữ"
Thoi Trang Nu,"️Đồ Bộ Trung Niên️ Đồ Bộ Trung Niên Nữ Trẻ Trung , Quần Áo Sang Trọng Cho Mẹ Chất Đũi Nhật Phối Lưới Mềm Mát"
Thoi Trang Nu,"Đầm hè nữ,váy linen suông đi biển [ chất linen thoáng mát +đi làm + đi dạo cực dễ chịu ] Thời Trang Haint Boutique"
Thoi Trang Nu,"Quần nữ ống rộng, dài, chất liệu Đũi mát, vải mềm mịn, form rộng, thoải mái, phong cách trẻ trung QKH.51"
Thoi Trang Nu,Hộp 10 Miếng Dán Ngực Silicon Siêu Mềm Dùng Được Nhiều Lần - Hàng Loại 1 - Chính Hãng MINIIN
Thoi Trang Nu,Bộ đồ chất đũi trung niên
Thoi Trang Nu,"áo nữ hoạ tiết thêu - sang chảnh, siêu mát cho mùa hè (Q3)"
Thoi Trang Nu,BỘ MẶC NHÀ TRUNG NIÊN- BỘ ĐỒ TRUNG NIÊN CHO BÀ CHO MẸ
Thoi Trang Nu,siêu phẩm áo lót nhật trơn đệm nâng ngực nhẹ
Thoi Trang Nu,Sét 10 Quần lót nữ thun lạnh hàng cao cấp hàng việt nam (Từ 45kg  đến 68kg)
Thoi Trang Nu,Áo ngực ren Mút Mỏng Big size dành cho ngư ời mập ( Từ 40kg đến 100kg)
Thoi Trang Nu,Bộ 10 Quần Lót Nữ Su Đúc Không Đường May Vải Siêu Mịn Thoáng Mát - Hàng loại 1 cao cấp
Thoi Trang Nu,ÁO LÓT NỮ MỎNG CÓ GỌNG CÀI TRƯỚC VIỀN REN
Thoi Trang Nu,Hộp miếng dán ngực Silicon màu xanh 5 đôi
Thoi Trang Nu,"Quần lót nữ WANNABE QLT02 quần chíp thun valise lạnh mát, tối giản, màu trơn, giá rẻ bao bền"
Thoi Trang Nu,Áo ngực mỏng thêu hoa cài trước có gọng
Thoi Trang Nu,"Bộ bơi nữ áo cộc tay, quần sooc đùi thể thao, đệm tròn dễ mặc, chất thun co giãn, dáng năng động, dấu bụng tốt | KT069"
Thoi Trang Nu,Áo Ngực Cúp Ngang Phối Viền Ren  Miley Lingerie BRM04202
Thoi Trang Nu,Áo Ngực Nữ Không Gọng Full Ren Miley Lingerie
Thoi Trang Nu,Áo Len Nữ Khoác Nhẹ ALN028 MayHomes
Thoi Trang Nu,Bikini Hai Mảnh Đồ Bơi Tay Dài Che Nắng MHAT045 MayHomes Form Chuẩn Thun Bốn Chiều Co Giãn Tốt
Thoi Trang Nu,Áo Len Nữ Cardigan Nhẹ Bốn Mùa ALN002 MayHomes Kiểu Cánh Dơi
Thoi Trang Nu,Bộ 10 Quần Lót Nữ Modal Miley Lingerie - Giao Màu Ngẫu Nhiên - Size
Thoi Trang Nu,"Đầm suông nữ thiết kế rút eo tiện lợi có tui 2 bên sườn thanh lịch, dịu dàng da218"
Thoi Trang Nu,Đầm ngủ WANNABE DNS71 váy ngủ 2 dây cúp ngực lót mút mỏng tạo dáng cho người mặc in hoa ngọt ngào nữ tính quyến rũ
Thoi Trang Nu,"️Đồ Bộ Trung Niên️ Đồ Bộ Mặc Nhà, Mẫu Lửng Đũi Trung Niên Nữ Cho Mẹ Kiểu Nút Thắc Nơ Cổ Tròn Ngắn Tay Mềm Mịn"
Thoi Trang Nu,Áo sơ mi nữ tay dài form rộng trơn trẻ trung nặng động vải lụa mềm mịn-MUD03
Thoi Trang Nu,Đồ Bơi Nữ Hai Mảnh Tiện Lợi Và Kín Đáo AT21O MayHomes Women 2-Piece Swimwear
Thoi Trang Nu,"Áo kiểu nữ ngắn tay in hình phong cách Retro,bốn màu siêu đẹp,siêu sang - Mã A20"
Thoi Trang Nu,Bộ Mặc Nhà - Đồ Bộ Ngủ Nữ Chất Thun Cotton Dài Tay Thu Đông Họa Tiết Dễ Thương Thời Trang
Thoi Trang Nu,Quần Lót Nữ Lưng Cao Không Đường May LUPERI LU3QL755 Sợi Dệt Liền Co Giãn Mềm Mại Mát Mịn Dành Cho Người Béo Vòng Mông To
Thoi Trang Nu,Đồ bộ Tole lửng
Thoi Trang Nu,"Áo kiểu nữ , áo nữ cổ trụ phối màu hoạ tiết kẻ caro ale44"
Thoi Trang Nu,"Quần Lót Su Đúc Nữ (Hàng Loại 1) Không Đường Mai, Thun Lạnh, SIêu Co Dãn, Được Chọn Màu"
Thoi Trang Nu,Bộ đồ lụa đùi mặc nhà- Đồ ngủ nữ chất mát
Thoi Trang Nu,Đồ ngủ Sexy kiểu áo sơ mi che quần quyến rũ - Màu đen
Thoi Trang Nu,Áo sơ mi nữ dáng suông dài mặc giấu quần phong cách Sm165
Thoi Trang Nu,Quần lót su đúc thông hơi màu da/Set 10c
Thoi Trang Nu,Quần lót nữ JONES cotton  ren 002
Thoi Trang Nu,COMBO 5  ÁO LÁ  HỌC SINH CẤP 1 HOẶC CẤP 2 .(40KG-77KG)
Thoi Trang Nu, Đồ bộ trung niên
Thoi Trang Nu,ÁO LÓT NỮ MỎNG REN 3 MÓC BIG SIZE 395
Thoi Trang Nu,ÁO LÓT NỮ REN MÚT DÀY 2CM DÂY TRƠN NÂNG NGỰC 024B
Thoi Trang Nu,Áo Ngực Tạo 7 Kiểu Mặc Multiway Cực Phong Cách Và Nâng Ngực Siêu Hít AL07
Thoi Trang Nu,Bộ đồ ngủ hình thú bò sữa 1907 liền thân lông mịn Pijama Động Vật Hoạt Hình cho trẻ em người lớn Cosplay
Thoi Trang Nu,Combo 5 Quần Lót Nữ Modern Brief Miley Lingerie BC041 - Màu Ngẫu Nhiên
Thoi Trang Nu,"Quần ống rộng nữ, chất liệu vải mềm mịn, mát mẻ, Quần dài nữ form rộng thoải mái form 40-62 kg"
Thoi Trang Nu,"Quần ống rộng nữ, chất liệu Đũi Xước, mềm mịn, dày dặn, mặc mát, quần kiểu nữ form rộng rãi, thoải mái Nesa Shop QT10"
Thoi Trang Nu,Combo 5 Quần Lót Thun Lạnh Trơn 4 Chiều Mềm Mịn Thoáng Khí MILEY LINGERIE
Thoi Trang Nu,[Sexy] Quần lót nữ lọt khe xuyên thấu thêu hình gợi cảm
Thoi Trang Nu,Quần lót ren lọt khe xẻ đáy không đũng đính nơ gợi cảm
Thoi Trang Nu,Bộ Đồ Nữ Họa Tiết Hoa Cúc Đồ Ngủ Đồ Mặc Trong Nhà DBO02 MayHomes Chất Liệu Kate
Thoi Trang Nu,"Đồ bộ nữ,đồ ngủ lửng mặc nhà vải lanh BL 145 họa tiết dễ thương size 45-70kg"
Thoi Trang Nu,Dây áo ngực dây áo bra dây thay thế áo quây hay áo trễ vai nữ tính ngọc nhựa abs
Thoi Trang Nu,Đồ Bơi Nữ Tay Dài Quần Ôm Thân Tôn Dáng AT221 MayHomes Long Sleeves And Long Pants Women Swimwear Set With UPF 50 Sun Protection
Thoi Trang Nu,"Áo lót nâng ngực boya mút mỏng, Áo ngực boya nâng ngực cài sau 522BT"
Thoi Trang Nu,"Đồ bộ nữ,đồ ngủ mặc nhà nữ đùi tầng vải lụa mango BN 58 họa tiết hoa nhí dễ thương size đại 58-65kg"
Thoi Trang Nu,"Quần Đùi Nữ New Design, Quần Short Nữ Cạp Chun, Vải Lụa Mịn, Thoáng Mát ,Mặc Thoải Mái Nhiều Màu ( 40-65 kg) QA0003"
Thoi Trang Nu,"Dán Nâng Ngực Đa Năng AOLIKES 630 - Định Hình Vòng 1 Tự Nhiên, Dễ Dàng"
Thoi Trang Nu,ĐẦM BẦU CÔNG SỞ DÁNG DÀI CÚP NGƯC ( sau sanh có dây kéo cho bé bú )
Thoi Trang Nu,Set 05 Quần Lót Nữ BoYa Thun Lạnh Cao Cấp từ 40kg đến 73 kg
Thoi Trang Nu,Áo Khoác Nữ Chống Nắng Cao Cấp thun gân MS11
Thoi Trang Nu,Quần lót nữ buộc dây gợi cảm quyến rũ
Thoi Trang Nu,Quần Lót Nữ Modal Trơn Comfort Miley Lingerie BCS-04
Thoi Trang Nu,Bộ đồ ngủ nữ satin lụa
Thoi Trang Nu,Áo Lót Nữ - Áo Lót Bra Nữ - Áo Lót Nữ Đẹp
Thoi Trang Nu,Áo bra ren có đệm ngực dây điều chỉnh MS138
Thoi Trang Nu,Áo Lót Đúc Đệm Vừa Không Gọng MS5502
Thoi Trang Nu,Áo cổ sơ mi kết ngọc tay phồng
Thoi Trang Nu,Quần Lọt Khe Đúc Su 009 Viền Mỏng Mẫu Trơn Tàng Hình Tiện Lợi
Thoi Trang Nu,"Quần kiểu nữ ống rộng, chất liệu vải Đũi xước, mềm mịn, mặc mát, Quần Short nữ đẹp Nesa Shop"
Thoi Trang Nu,Chân váy xòe dài xếp li sang chảnh
Thoi Trang Nu,Quần Ống Rộng Nữ Dạng Váy Chất Liệu Đũi Cao Cấp Mát Mẻ Dành Cho Tất Cả Chị Em - Tuấn Tú Store 68
Thoi Trang Nu,"Đầm Ren Tay Ngắn Cổ Gợn Sóng DN089 MayHomes Kiểu Dáng Xinh, Gợi Cảm, Vải Bền Đẹp, Đường May Khéo Léo"
Thoi Trang Nu,"Áo nâng ngực Boya mút dày 5cm siêu dẩy phối ren , Áo ngực BoYa ren mút dày siêu đẩy,siêu nâng tạo khe"
Thoi Trang Nu,"❈✣♚Combo 10 quần lót nữ su đúc cao cấp không đường may, chất mát lạnh, mềm mịn, thoáng"
Thoi Trang Nu,Set Váy Ngủ Ren Áo Choàng Ngủ Sexy 3 Chi Tiết
Thoi Trang Nu,áo nữ - đũi xước tơ cổ tàu cho người đến dưới 80kg (A25)
Thoi Trang Nu,Combo 5 quần lót nữ   Jones 003 cotton 100
Thoi Trang Nu,Quần lót nữ Jones thun  lạnh ren 001
Thoi Trang Nu, COMBO 5 QUẦN LÓT NỮ XUẤT 100% Cotton Sợi Tre
Thoi Trang Nu," QUẦN LÓT COTTON MỤI vỏ trắng nữ Hộp gồm 5 quần lót với chất liệu cotton mềm mại, thấm hút và co giãn tốt"
Thoi Trang Nu,Áo Thun Nữ Aaa Jeans Cao Cấp Organic Cotton
Thoi Trang Nu,ÁO KHOÁC NỈ HOODIE FULL ZIP NAM NỮ HOOIDE Freesize dưới 65kg
Thoi Trang Nu," COMBO 10 QUẦN LÓT NỮ CAO CẤP, QUẦN CHÍP NỮ SP-0298"
Thoi Trang Nu,Váy ngủ lụa phối ren cực sexy
Thoi Trang Nu,CHÂN VÁY XÒE CAO CẤP
Thoi Trang Nu,CHÂN VÁY PHỐI NÚT SANG CHẢNH HELEN
Thoi Trang Nu,Đầm nữ dự tiệc tay sát nách 88
Thoi Trang Nu,Bộ 5 quần lót nữ basic Comfort Modal MILEY LINGERIE - Màu ngẫu nhiên
Thoi Trang Nu,Bộ 4 quần lót nữ ren sexy Miley Lingerie FLS_06
Thoi Trang Nu,QUẦN ĐỘN MÔNG ĐỊNH HÌNH TỪ 40-70KG DÀNH CHO NỮ
Thoi Trang Nu,Hộp 10 Miếng Dán Ngực Silicon Siêu Mềm Dùng Được Nhiều Lần - Hàng Loại 1 - Chính Hãng - Túi 10 Miếng
Thoi Trang Nu,"Bộ may vá thu nhỏ thắt lưng, thu hẹp eo quần jean kaki quần lưng thun kim chỉ nút dụng cụ luồn chun Legaxi"
Thoi Trang Nu,Cuộn 8M Băng Dán Cổ Áo Sơ Mi Chống Bẩn Vải Không Dệt Thoáng Khí Bám Dính Tốt Thấm Hút Mồ Hôi
Thoi Trang Nu,"Đồ bơi nữ size lớn, áo tắm big size dáng váy liền thân dấu bụng cho người béo mập, mẫu khoá kéo cộc tay trẻ trung, chất thun bơi lạnh Lycra cao cấp dày đẹp | KT112"
Thoi Trang Nu,đồ ngủ đồng phục thủy thủ - Đồ lót gợi cảm cám dỗ kẻ sọc Nhật Bản
Thoi Trang Nu,Áo Khoác Cardigan Nữ Cổ V Phong Cách Thu Đông Hàn Quốc ALN043 MayHomes Chất Liệu Len
Thoi Trang Nu,Combo 5 Quần Lót Nữ Cotton Co Dãn Flexi Miley Lingerie Màu New - BCS40 (Giao màu ngẫu nhiên)
Thoi Trang Nu,"Đồ bộ nữ mặc nhà tay ngắn, chất liệu Cotton co giãn, Set bộ đi chơi nữ, trẻ trung, phá cách, NeSa Shop"
Thoi Trang Nu,Quần lót lọt khe bikini eo thấp ren sexy nóng bỏng
Thoi Trang Nu,Bộ Đồ Lót Phối Lưới Sexy Có Gọng Không Mút Vải Sợi Thiên Nhiên Cao Cấp BamBoo Miley Lingerie BRB02002_FBM0205 (Màu Đen)
Thoi Trang Nu,Quần lót nữ Cotton Never thoáng mát tôn dáng
Thoi Trang Nu,quần lot jones'ren 009
Thoi Trang Nu,Bộ đồ bơi bikini nữ 2 mảnh đi tắm biển áo croptop kẻ kèm váy sang chảnh phong cách Hàn quốc - B06
Thoi Trang Nu,Quần tây nữ vải co giãn QT01
Thoi Trang Nu,Quần lót nữ cotton du lịch Etravel dùng một lần
Thoi Trang Nu,Áo len nữ dài tay cổ tròn mẫu mới siêu đẹp Haint Boutique al46
Thoi Trang Nu,Combo 5 quần lót nữ Modal Miley Lingerie BCS0704
Thoi Trang Nu,Combo 5 quần lót nữ thun lạnh trơn mịn màu ngẫu nhiên
Thoi Trang Nu,Áo len nữ kẻ caro màu Haint Boutique Al07
Thoi Trang Nu,Áo ren nữ dài tay cổ trụ xinh xắn 34
Thoi Trang Nu,Đầm ngủ sexy
Thoi Trang Nu,Chân Váy Xòe Công Sở
Thoi Trang Nu,Combo 10 Quần Lót Nữ Modal Miley Lingerie New Color - Giao Màu Ngẫu Nhiên
Thoi Trang Nu,Áo khoác chống nắng nữ túi trong mũ jean bao chất đẹp cá tính-A3025 - Như hình
Thoi Trang Nu,"Áo Vest blazer nữ dáng lửng tay lỡ trẻ trung, chất vải Linen mềm mát, thích hợp Hè, Thu Bz11"
Thoi Trang Nu,"Đầm linen nữ trơn tay ngắn kết hợp phối cúc và rút eo , có nhiều màu dễ mặc đi chơi hay đi làm Da217"
Thoi Trang Nu,"Combo 5 Chiếc Quần Lót Nữ, Quần Lót Nữ Cạp Cao Comfortalbe&Health, Quần Chip Nữ Cao Cấp Cho Vòng Eo Thon Gọn, Chất Su Lụa Siêu Mát"
Thoi Trang Nu,[Nhiều Mẫu] Bộ Đồ Lót Nữ Có Gọng Không Mút Nhiều Mẫu Ren Hoa Sexy
Thoi Trang Nu,Quần lót lọt khe nữ dây sexy
Thoi Trang Nu,"Đồ bộ nữ,đồ ngủ mặc nhà lửng tay cánh tiên vải lanh (tole) mềm, mát BL 164 họa tiết dễ thương size 45-70kg"
Thoi Trang Nu,Đầm Xinh Hoa Nhí Hai Dây Dễ Thương DN088 MayHomes Váy Hoa Nhỏ Xinh Duyên Dáng
Thoi Trang Nu,"Quần baggy nữ lưng chun Hiền Trần BOUTIQUE, quần baggy vải công sở cạp cao dáng chuẩn thanh lịch"
Thoi Trang Nu,Váy ngủ ren hai dây sexy gợi cảm BT0157 - Đầm ngủ nữ xuyên thấu quyến rũ - Đồ ngủ nữ mạc nhà - Váy ngủ nữ
Thoi Trang Nu,Áo lót nâng ngực nhẹ quả trơn mẫu siêu bền
Thoi Trang Nu,Áo khoác nữ Áo khoát nữ thun da cá chống nắng tản nhiệt Heo con đẹp cá tính-M181
Thoi Trang Nu,ĐAI NỊT BỤNG (GEN SIẾT GIẢM EO) GILE LATEX THÔNG HƠI HI LẠP DÀI 29cm (giải pháp giành cho những bạn có nhiều mỡ lưng)
Thoi Trang Nu,Áo len nữ Haint Boutique cổ 3 phân ôm sát ALN10
Thoi Trang Nu,Combo 10 Quần Lót Nữ Modal Phối Ren Trước Remix - Giao Màu Ngẫu Nhiên FCM04
Thoi Trang Nu,Quần lót nữ hộp quà tặng Modal New Color modern Miley Lingerie BCS_04
Thoi Trang Nu,Quần lót lọt khe buộc dây - trắng
Thoi Trang Nu,Áo len nữ freesize tay ngắn 15
Thoi Trang Nu,Đồ bộ ngủ lụa satin - Diễm Nhi shop
Thoi Trang Nu,Combo 10 Quần lót nữ ren
Thoi Trang Nu,Bộ 10 Quần Lót Nữ Modal Miley Lingerie - Màu Sắc Ngẫu Nhiên
Thoi Trang Nu,Combo 5 quần lót nữ đúc QL 8249-3
Thoi Trang Nu,"Áo sơ mi kiểu tay lỡ cổ đức, chất liệu Đũi tơ mềm mát, thấm hút mồ hôi, áo kiểu nữ dễ thương, NeSa Shop AT12"
Thoi Trang Nu,Quần Lót Nữ Lọt Khe 98075 Không Viền Tàng Hình
Thoi Trang Nu,"Áo sơ mi nữ form rộng sát nách, chất liệu mềm mát, áo kiểu nữ, form trẻ trung, năng động NeSa Shop SMT03"
Thoi Trang Nu,"Quần độn môngQuần lót độn mông cạp cao chất cotton lạnh thông hơi,kháng khuẩn"
Thoi Trang Nu,"Quần bơi lẻ dài kín chân chống nắng nam nữ, chất thun bơi lạnh co giãn đa chiều đẹp, có size đại cho người béo mập, quần tập gym, yoga, bơi lội | PK010"
Thoi Trang Nu,"Đầm linen nữ suông dài form rộng, Váy sơ mi thiết kế cổ tròn cài cúc tay lỡ nhiều màu lựa chọn Haint Boutique"
Thoi Trang Nu,Quần Lót Cotton Nữ Màu Viền Ren - FCS
Thoi Trang Nu,Bộ Đồ Lót Sớ Gỗ Không Gọng Xám Nhạt Miley Lingerie FWS20_BRW05
Thoi Trang Nu,Đồ bơi tay dài nữ - cho bé gái kín đáo từ 40-50kg - chân váy cạp cao - Kiên Lửa
Thoi Trang Nu,Quần gen nịt bụng Luperi LU3GEL101 mát lạnh không lằn mông ôm sát không bị giãn
Thoi Trang Nu,"đồ bộ mặc nhà,đồ bộ mặc nhà đẹp ảnh thật 100%, chất lụa hàn"
Thoi Trang Nu,"Áo kiểu nữ đẹp, chất liệu Đũi, vải mềm mát, thấm mồ hôi, áo kiểu form rộng, áo kiểu nữ Hàn Quốc NeSa Shop. AKH.46"
Thoi Trang Nu,Combo 10 quần lót nữ Angel size 45 - 60 kg (giao màu Ngẫu Nhiên)
Thoi Trang Nu,Combo 3 BỊCH QUẦN LÓT GIẤY VẢI COTTON Mỗi bịch 6 cái (42-80 Kg )
Thoi Trang Nu,"Áó Giảm Béo Vùng Lưng, Vai, Bắp Tay Cho Bạn, Đai nit giảm mỡ vùng lưng, vai, bắp tay"
Thoi Trang Nu, Quần tây nữ ống rộng Ulzzang Quảng Châu QDV7
Thoi Trang Nu,Combo 2 Đai Nịt Bụng Chống Cuộn Tặng Kèm 1 Thước Dây Đo Vòng Eo - Gen Nịt Bụng Nova G01
Thoi Trang Nu,Combo 2 đôi (4 dây) dây áo ngực trong suốt
Thoi Trang Nu,Combo 15 Quần Lót Giấy Trắng Chấm Bi Đáy 2 Lớp Loại Dày Miễn Giặt
Thoi Trang Nu,"( 10 cái ) quần lót nữ Su đúc không đường may, hàng đẹp loại xịn W19_503"
Thoi Trang Nu,Áo Len Nữ Bốn Mùa Kiểu Cánh Dơi Họa Tiết Thêu Xinh AF_ALN010
Thoi Trang Nu,"Áo lót nữ mút mỏng trơn big size Sister Hood 669 – Không gọng, cài sau 3 móc"
Thoi Trang Nu,Áo thun nữ croptop Hiền Trần BOUTIQUE chất cotton bozip cao cấp mặc thu đông A11- Cổ Tròn - Women Dáng Ngắn
Thoi Trang Nu,"Quần kiểu nữ ống suông, dài, chất liệu Tăm thái mát, vải mềm mịn, quần nữ form rộng, thoải mái, QNH.58"
Thoi Trang Nu,"Quần suông nữ trơn cạp chun kèm dây rút, có Bigsize, chất linen Đũi ViệtQd09"
Thoi Trang Nu,[MUA 2 TẶNG 1] Pack 3 quần lót nữ lưng vừa không đường may iBasic V188
Thoi Trang Nu,"Áo sơ mi nữ form rộng kiểu tay lỡ cổ tròn NeSa Shop, chất liệu Đũi tơ thấm hút mồ hôi, áo sơ mi nữ nhiều màu, SMH.034"
Thoi Trang Nu,Quần baggy đen cho mẹ cotton Âu - AICDMEWN5RIB - AIN Closet
Thoi Trang Nu,"Áo sơ mi nữ kiểu tay lỡ NeSa, chất liệu Đũi tơ thấm mồ hôi, áo kiểu form rộng phong cách Hàn Quốc, AKH.45"
Thoi Trang Nu,ÁO SÁT NÁCH CỔ V ĐẮP TÀ
Thoi Trang Nu,set 10 quần lót su đúc thông hơi cao cấp nữ
Thoi Trang Nu,Áo Ngực Nữ Thể Thao Kèm Mút Ngực Melange Active Miley Lingerie BRM-053
Thoi Trang Nu,Áo Thun Nữ Sleepless
Thoi Trang Nu,Set 6 miếng dán nhũ hoa che chắn đầu ti an toàn - Hàng nội địa Nhật
Thoi Trang Nu,Sơ mi nữ ngắn tay công sở sm25th
Thoi Trang Nu,Áo Thun Unisex - Oversize Chất 100% Cotton 2 chiều Dày 250gsm | Nam Nữ Mặc Siêu Đẹp
Thoi Trang Nu,"Quần  bó eo mặc trong  đầm váy ,su lạnh  băng gợi cảm liền mạch cho nữ cạp cao , nịt  bụng ,nâng  hông , thoáng khí co giãn"
Thoi Trang Nu,"Áo sơ mi nữ tay ngắn, áo kiểu nữ, chất liệu Đũi mềm mát, form trẻ trung, năng động NeSa Shop"
Thoi Trang Nu,đồ bộ mặc nhà xinh
Thoi Trang Nu,Đầm Nữ Dài Sơ Mi Haint Boutique Váy Công Sở Nữ Thiết Kế Chất Linen Phong Cách Hàn Quốc Vintage đi dự tiệc Da207
Thoi Trang Nu,"Áo sơ mi nữ trung niên thêu hoa cao cấp tặng mẹ, chất liệu mềm mát form rộng bigsize, áo kiểu NeSa Shop, SMH.60"
Thoi Trang Nu,Quần Lót Nữ Cotton Co Dãn 4 Chiều Flexi Miley Lingerie New - BCS40
Thoi Trang Nu,Bộ ngủ pijama lụa satin tay ngắn quần đùi- đồ ngủ pijama-bộ mặc nhà
Thoi Trang Nu,"Áo kiểu nữ, áo phông in họa tiết hoa thời trang Haint Boutique,kín đáo,điệu đà,4 màu thanh nhã ALe18"
Thoi Trang Nu,Hộp Quà Combo 5 Quần Lót Nữ Modal Phối Ren Trước Remix FCM-04- Màu ngẫu nhiên
Thoi Trang Nu,Áo Ngực Nữ Không Gọng Cotton Lụa Flexi Miley Lingerie BRC
Thoi Trang Nu,Áo khoác dù nữ M.O.N Boutique TD01
Thoi Trang Nu,Đồ Bơi Cặp Đồ Bơi Tay Dài Chống Nắng Kiểu Hàn Quốc AT173 MayHomes Đồ Bơi Nam Nữ
Thoi Trang Nu,Đồ Bơi Nữ Hai Mảnh Đa Năng AT168 MayHomes Áo Bơi Nữ Và Quần Bơi Short Nữ
Thoi Trang Nu, Quần lót nữ ren
Thoi Trang Nu,Chân Váy Xòe Phối Nút
Thoi Trang Nu,Áo khoác nữ xỏ ngón Basix 4034_xanhDen
The Thao Da Ngoai,"Balo Đựng Vợt Pickleball Dạng Đeo Chéo,Đeo Lưng Nhiều Ngăn, Chất Liệu Vải Cao Cấp Chính Hãng Đại Nam Sport"
The Thao Da Ngoai,"BG Dây Đàn Hồi Tập Tay Vai,Dây Kháng Lực Dây Kéo số 8 - 6018 Tập Gym Dành Cho Nam Nữ"
The Thao Da Ngoai,"Con lăn tập bụng thế hệ mới RW001 có trợ lực, chống trơn trượt,dụng cụ plank tập gym giúp eo thon gọn hàng cao cấp"
The Thao Da Ngoai,"Quấn Cổ Tay (3 Màu) Tập Xà Đơn Có Móc Thép , Găng Tay Có Móc Thép Nâng Tạ Kéo Xà"
The Thao Da Ngoai,[Hoả tốc] Vợt pickleball Carbon T700 cao cấp phù hợp cho mọi người - Tặng kèm 2 trái banh Pickleball
The Thao Da Ngoai,Tất Xỏ Ngón Chạy Bộ OFFICE CHILL Vớ Chuyên Thể Thao Xỏ 5 Ngón Chân Chống Phồng Rộp Vải Coolmax
The Thao Da Ngoai,"Bộ Kính bơi người lớn LI-NING tráng gương chống tia UV, chống sương mù và Túi đựng kính bơi màu ngẫu nhiên - Hàng chính hãng"
The Thao Da Ngoai,Dụng Cụ Kéo Giãn Cột Sống Cổ - Đai Treo Cổ Tại Nhà
The Thao Da Ngoai,"Quần chạy bộ nam Kiotool 2 lớp thoáng khí, thấm hút mồ hôi và khô nhanh, thoải mái vận động"
The Thao Da Ngoai,Gậy Bóng Chày BAT Hợp Kim Cao Cấp (25 inchs - 28 inchs)
The Thao Da Ngoai,"Tạ đôi, Tạ tay (Chọn Lực Nặng Của Tạ 20kg ,30kg, 40kg Tùy chọn) tập tay đẩy kết hợp, tạ nam nữ tập gym tập thon tay Giá tốt Hàng Chuẩn ( hàng nhập khẩu"
The Thao Da Ngoai,"BG Bóng tập thăng bằng BALANCE BALL YOGA GYM 46-58cm,đĩa xoay eo 3001R , bóng tập yoga rèn luyện sức khỏe đa năng cao cấp (hàng nhập khẩu)"
The Thao Da Ngoai,BG - Thảm tập 4MM - 6MM - 8MM tập gym chống trượt tập thể dục tại nhà
The Thao Da Ngoai,"BG Kìm Bóp Tay Có Đếm 5-60kg,Dụng Cụ Bẻ Cổ Tay UA-1301,Kìm Tập Cơ Tay,Kìm bóp tập tay dụng cụ hỗ trợ tập cơ tay, cẳng tay, Dụng Cụ Tập Gym Tại Nhà Điều Chỉnh Lực"
The Thao Da Ngoai,Bình nhiên liệu mini Namilux (250 Gram/bình)
The Thao Da Ngoai,Dây Tập Kháng Lực Powerband Tập Toàn Thân Đa Năng Chính Hãng Đại Nam Sport (Hàng Xịn)
The Thao Da Ngoai,Dây Kháng Lực - dây trợ lực tập gym Powerband Tập Toàn Thân Chính hãng dododios Cực bền
The Thao Da Ngoai,"Băng Bảo Vệ Cổ Chân, Băng Quấn Cổ Chân, Đai Quấn Bảo Vệ Mắt Cá Chân Teement, Mỏng Nhẹ, Miếng Dán Chắc Chắn - Hàng Chính Hãng"
The Thao Da Ngoai,Xăng Zippo (125ml) - Chính hãng 100%
The Thao Da Ngoai,"Kính bơi cận dododios đủ độ cận từ 2 độ tới 7 độ chất liệu PC chống nước , chống tia UV , Chống sương mù , bảo vệ mắt, Kính bơi cận cho người lớn nam nữ có độ từ 1.5 độ đến 8.0 độ mắt kiếng bơi cận thị tráng gương chống UV - Hàng chính hãng dododios"
The Thao Da Ngoai,Bó gối thể thao đàn hồi bảo vệ khớp gối AOLIKES A-7718 Running Anti-skid Kneepad
The Thao Da Ngoai,"Thanh Tập Chống Gù Lưng, Gậy Tập Yoga Chống Gù Lưng Bằng Thép Không Gỉ - Hàng Loại 1 - Chính Hãng MINIIN"
The Thao Da Ngoai,Dây giày thông minh phản quang 3 vạch LiveFit Lock Laces không cần buột I vừa với mọi loại giày I Chất liệu dây Nylon bền chắc với thời gian
The Thao Da Ngoai,Đai Treo Kéo Giãn Cột Sống Chữa Thoát Vị Đĩa Đệm Chính Hãng Đại Nam Sport Thế Hệ Mới ( Chưa Kèm Xà)
The Thao Da Ngoai,Thảm Tập Yoga TPE 2 Lớp PEAFLO Cao Cấp dày 6mm Kèm Túi
The Thao Da Ngoai,"Tạ đeo cổ chân tay 6KG/5KG/4KG/3KG/2KG/1KG/Đôi phiên bản bi sắt 5.0 chính hãng KYTA SPORT, phiên bản tạ đeo chân tay siêu gọn dành cho yoga, gymer, bale, múa, chạy bộ và thể dục thể thao"
The Thao Da Ngoai,Khăn ống đa năng cotton tube co giãn 9 kiểu dùng có video hướng dẫn (chọn kiểu)
The Thao Da Ngoai,"Quần short nam thể thao đồ gym thun cotton 4 chiều, quần đùi nam mặc nhà thể thao cao cấp ShopN6 - QSB2 (Nhiều Màu)"
The Thao Da Ngoai,"Băng Bảo Vệ Đầu Gối Bó Cơ VN09, Băng Gối Thể Thao Cao Cấp VNS (1 Đôi)"
The Thao Da Ngoai,Giày Bata Thượng Đình trắng sọc xanh tặng kèm tất đá bóng
The Thao Da Ngoai,"Kính Bơi Cận (CÓ THỂ LỆCH ĐỘ), Chống TRẦY, Chống UV, Chống Hấp Hơi"
The Thao Da Ngoai,Bộ 2 tạ tay BG 4kg model Q304 - Q314 cao cấp Tập Gym (hàng nhập khẩu)
The Thao Da Ngoai,Bộ 2 Bình Xăng Zippo (125ml)
The Thao Da Ngoai,Giày đinh đá bóng sân cỏ nhân tạo Prowin H21
The Thao Da Ngoai,Giầy thể thao cầu lông Nam Nữ GENESIS tặng kèm tất
The Thao Da Ngoai,"Balo Cầu Lông-Pickleball-Tennis Yonnex chống nước, chống xước, có ngăn đựng giày Túi thể thao Sport bag Size lớn 47cm"
The Thao Da Ngoai,"Balo túi pickleball Tennis Badminton, balo cầu lông thể thao đựng giày vợt Sport Bag size lớn phong cách siêu đẹp"
The Thao Da Ngoai,Con Lăn 4 Bánh RW099 - RW100 Tập Bụng Trợ Lực Thế Hệ Mới - Khuỷu Tay - Plank Tại Nhà
The Thao Da Ngoai,"Kìm Bóp Tay, Kìm Tập Cơ Tay, Dụng Cụ Tập Gym Tại Nhà Điều Chỉnh Lực Có Đếm 10-60kg"
The Thao Da Ngoai,"BG Dây đàn hồi tập gym, dây đàn hồi,6007 - 6017 mini band tập yoga dây đàn hồi kháng lực cao cấp, dây đàn hồi tập thể dục"
The Thao Da Ngoai,"Quần võ màu đen karate, võ cổ truyền, silat vải kaki Cotton dày người mặc cao từ 1m40 đến 1m80"
The Thao Da Ngoai,"Xe đạp tập thể dục thể thao, gym, fitness giúp tăng cơ, giảm mỡ hiệu quả tại nhà"
The Thao Da Ngoai,Quần Đạp Xe Kiotool Mút Đệm Chống Sốc Thoáng Khí
The Thao Da Ngoai,"Thảm tập yoga gym  siêu dày 10mm & 15mm  chất liệu cao su NBR tập thể dục tại nhà, đệm văn phòng, thảm dã ngoại du lịch"
The Thao Da Ngoai,"Quả Cầu Lông Nhựa Hộp 6 Quả Thế Hệ Mới Siêu Bền,Đi Đúng Hướng Hàng Việt Nam Đại Nam Sport"
The Thao Da Ngoai,"Giày thể thao nam, giày chạy bộ nam phong cách mới – GNA2012"
The Thao Da Ngoai,"Quấn cán vợt dododios cho vợt Tennis Cầu lông, mềm mại thoáng khí chống trơn thoát mồ hôi, độ bám cao - Hàng Chính Hãng"
The Thao Da Ngoai,"Dụng Cụ Chống Đẩy Đa Năng BL420 Hỗ Trợ Plank,Tập Kéo Tay,Tập Bụng CóĐồng Hồ Đếm Số Đại Nam Sport"
The Thao Da Ngoai,"Dụng cụ hỗ trợ chống đẩy, hít đất RH003 - RH005 tập thể thao tại nhà kèm bàng chỉ dẫn theo màu sắc tập trung các nhóm cơ chính - Kèm dây đàn hồi tập đa năng (hàng nhập khẩu)"
The Thao Da Ngoai,"Bộ 2 tạ tay lõi sắt Q304 bọc cao su, tạ tập tay cao su 1kg 2kg 3kg 4kg 5kg BG (hàng nhập khẩu)"
The Thao Da Ngoai,"BG Bộ xà đơn, xà kép đa năng cao cấp đa năng Gym, lượng Kéo lên tại nhà dụng cụ tập thể dục phòng gym (hàng nhập khẩu)"
The Thao Da Ngoai,thảm tập yoga định tuyến chất liệu cao cấp chống trơn trượt - chính hãng dododios
The Thao Da Ngoai,"Găng Tay Đi Xe Đạp,Xe Máy,Đi Phượt,Tập Gym Hở Ngón Thể Thao DNS0101 Chống Trơn,Siêu Bền Đại Nam Sport"
The Thao Da Ngoai,"Túi Lưới Đựng Bóng AOLIKES TB002 - Đựng Bóng Đá, Bóng Rổ, Bóng Chuyền Tiện Lợi"
The Thao Da Ngoai,[LOẠI TỐT - ĐỊNH TUYẾN] Thảm tập Yoga định tuyến TPE cao cấp tặng kèm túi đựng - chống trơn trượt thấm hút mồ hôi tốt chính hãng DODODIOS - Dây Buộc Chuyên Dụng Tập Yoga
The Thao Da Ngoai,Bao găng tay tập gym kết hợp quấn bảo vệ cổ tay Cleacco J55 - Hàng chính hãng BORO SPORT
The Thao Da Ngoai,Balo Tennis Babolat PURE AERO 2021 (753094)
The Thao Da Ngoai,"Bó gối thể thao, băng đầu gối, băng bảo vệ đầu gối tập gym GoodFit co giãn 4 chiều, dệt 3D dày dặn GF518K"
The Thao Da Ngoai,"Kính bơi cận CLEACCO độ cận từ 2 độ tới 7 độ chất liệu PC chống nước , chống tia UV , Chống sương mù , bảo vệ mắt - Hàng chính hãng"
The Thao Da Ngoai,Kính Bơi View V560A
The Thao Da Ngoai,Giày Đá Bóng Sân Cỏ Nhân Tạo Prowin S50 Đen
The Thao Da Ngoai,Máy chạy bộ tại chỗ Mini Stepper BG Máy Chạy Bộ Điện Gia Đình Nhỏ Gọn Màn Hình Điện Tử (hàng nhập khẩu)
The Thao Da Ngoai,Bình Nước Thể Thao Chute Mag Camelbak (0.75L)
The Thao Da Ngoai,Xăng Zippo (125ml)
The Thao Da Ngoai,Viên Uống Điện Giải Hammer Nutrition Endurolytes Extreme
The Thao Da Ngoai,Băng đô chặn mồ hôi trán GoodFit GF804SB
The Thao Da Ngoai,Viên Sủi Điện Giải Hammer Nutrition Endurolytes Fizz 13 viên
The Thao Da Ngoai,[TẶNG QUẢ CẦU] Vợt Cầu Lông Đôi Màu Pastel Agnite Giá Rẻ Hợp Kim Carbon Bền Siêu Nhẹ 9kg Căng Sẵn Phù Hợp Mọi Lứa Tuổi
The Thao Da Ngoai,Bình xịt vệ sinh mặt vợt AKpro Pickleball
The Thao Da Ngoai,"Dây Tập Bụng 6011 ,Dây Kéo Đàn Hồi Kháng Lực 6011N Ống Cao Su, Dây Kéo Tập Gym,Dây Đa Năng Tập Bụng, Thể Dục"
The Thao Da Ngoai,Bộ 2 Vợt Chơi Bóng Pickleball Siêu Nhẹ Và Nhanh Chóng Kèm Túi Đựng 4 Quả Bóng {gồm 4 bóng 1 túi ( 2 vợt)
The Thao Da Ngoai,"Thảm Tập Yoga 6MM cao cấp , chống trượt TPE, thảm Tập Gym và Yoga Chuyên Nghiệp"
The Thao Da Ngoai,Đai bảo vệ đầu gối thể thao Phiten knee sport supporters AP151003/AP151004/AP151005
The Thao Da Ngoai,Thảm Tập Yoga 2 Lớp TPE 6mm Cao Cấp - Thảm Tập Gym và Yoga Chuyên Nghiệp QS - Giao ngẫu nhiên
The Thao Da Ngoai,Găng tay chống nước có cảm ứng NatureHike NH19S005-T
The Thao Da Ngoai,Túi ngủ đơn siêu nhẹ có mũ NatureHike NH20MSD07
The Thao Da Ngoai,"Đai Bảo Vệ Cổ Chân Grace Care AB120 - Co Giãn, Đàn Hồi 4 Hướng, Hỗ Trợ Vận Động, Giảm Đau"
The Thao Da Ngoai,Gel Uống Bổ Sung Năng Lượng GU Energy Gel 32g
The Thao Da Ngoai,"Kính bơi cận thị nam nữ Cleacco SG8100 , đủ độ cận từ 2 đến 8 độ , chống UV , chống sương - Hàng chính hãng"
The Thao Da Ngoai,"BG Ghế tập bụng ALL MODEL - Máy tập thể dục, thể hình, tập gym đa năng phù hợp cho cả nam và nữ"
The Thao Da Ngoai,TẠ TAY SẮT BỌC CAO SU PROCARE
The Thao Da Ngoai,Bó gối 75575-DAY Actimove Knee Support
The Thao Da Ngoai,"Dây nhảy thể thao lõi thép cao cấp Rhino J501 tự động đếm số, tích hợp đo calo, quãng đường, độ dài dây tùy chỉnh - Dùng cho Muay | Boxing | Kickboxing - Hàng chính hãng"
The Thao Da Ngoai,Băng trán băng đô thể thao AOLIKES YE-2108 thấm hút mồ hôi khi chơi thể thao Sport Sweat Headband
The Thao Da Ngoai,Băng bảo vệ đầu gối Rhino 7718 (1 Đôi) Bó gối thể thao Đai bảo vệ khớp gối - Hàng chính hãng dành cho cả nam và nữ
The Thao Da Ngoai,"Combo 3 Sản Phẩm Xăng, Đá, Bấc Zippo"
The Thao Da Ngoai,Bóng Tập Yoga PRO-CARE 65cm
The Thao Da Ngoai,"Kính bơi chống tia UV , Chống sương mù  , bảo vệ mắt YESURE Cleacco  - Hàng Chính Hãng"
The Thao Da Ngoai,Bộ 2 băng cổ tay thấm mồ hôi thể thao AOLIKES TC-0230
The Thao Da Ngoai,Bóng Tập Yoga Da Trơn Đại Nam Sport DNS75T (75cm)
The Thao Da Ngoai,Giày Thượng Đình KK14-1 White
The Thao Da Ngoai,Kính Bơi View V500S
The Thao Da Ngoai,"Đai Lưng, Nẹp Lưng Mới Giảm Đau Lưng Định Hình Cột Sống, Cải Thiện Thoái Hóa Thoát Vị Thoáng Khí Cho Nam Nữ AOLIKES- 7895"
The Thao Da Ngoai,Mũ Lưới Che Nắng Unisex Nón Kết Lưỡi Chai Nam Nữ Vải Thoáng Khí Chống Nóng Ngoài Trời Mùa Hè
The Thao Da Ngoai,Giầy thể thao nam cầu lông bóng chuyền đế kếp LIGHTNING 19.1
The Thao Da Ngoai,"Tất Vớ Ống Chân Bóng Đá Chuyên Nghiệp AOLIKES LT606 Thoáng Khí, Chống Trượt, Hỗ Trợ Cơ Bắp"
The Thao Da Ngoai,"Hộp 6 quả cầu đá thi đấu ĐLS cánh xốp không thấm nước, đạt tiêu chuẩn thi đấu quốc tế, được các trường học, câu lạc bộ sử dụng nhiều trong thi đấu"
The Thao Da Ngoai,"Phao đeo tay  tập bơi dành cho trẻ em , phao tym , phao lưng , phao tay Cleacco - Boro Sport"
The Thao Da Ngoai,"Đai Treo Kéo Giãn Cột Sống Lưng, Đai Kéo Giãn Cột Sống - BẢN CẢI TIẾN - Cải Thiện Thoát Vị, Thoái Hóa..."
The Thao Da Ngoai,"BG - Dây nhảy không dây đếm số JR300 - JR301, dây nhảy đếm calo, dây nhảy đếm vòng, dây nhảy đếm lượt, dây nhảy thể dục, dây nhảy thể lực"
The Thao Da Ngoai,"Găng tay tập gym hở mu bàn tay  Cleacco SKDK   , thoáng khí , đệm lòng bàn tay chắc chắn - Hàng chính hãng BORO SPORT"
The Thao Da Ngoai,"Tạ đôi, Tạ tay + Tạ Đẩy kết hợp (2 in 1) 40kg tập tay đẩy kết hợp, tạ nam nữ tập gym ( hàng nhập khẩu"
The Thao Da Ngoai,"Con Lăn Massage 30x8cm Tập Gym, Yoga,Thể Hình - Gậy tập thẳng lưng, vai, 6015 gậy chống gù lưng, gậy tập yoga gậy chống gù lưng tập yoga bằng thép không gỉ(hàng nhập khẩu)"
The Thao Da Ngoai,"Creatine Monohydrate - Ostrovit (300g, 500g) Tăng Cơ, Tăng Sức Mạnh & Hiệu Suất Tập Luyện"
The Thao Da Ngoai,Con lăn tập bụng cao cấp AB Roller AOLIKES A-SW800 có lò xo trợ lực
The Thao Da Ngoai,Dán định hình ngực đa năng Boob Tape AOLIKES A-630
The Thao Da Ngoai,"Set 3 chai 60ml - Chai, Lọ chiết mỹ phẩm, dầu gội, sữa tắm mang đi du lịch siêu tiện lợi tặng kèm túi zip"
The Thao Da Ngoai,"Thảm Du Lịch Dã Ngoại Gấp Gọn Chống Thấm Nước 150 x 200cm - Thảm Gấp Gọn Du Lịch Đi Biển, Bạt Trải Picnic- Hàng Chính Hãng MINIIN"
The Thao Da Ngoai,Bộ 2 tạ tay cao cấp 1.5Kg( Tổng 3kg/Đôi)-Màu Ngẫu Nhiên
The Thao Da Ngoai,"Kính Bơi Trẻ Em CA958 Chống Tia UV,Chống Mờ,Chống Nước Tuyệt Đối Kiểu Dáng Mới Nhất"
The Thao Da Ngoai,Bộ 2 băng quấn cổ tay tập gym AOLIKES YE-7938 Sport wrist support
The Thao Da Ngoai,"Bộ 2 băng quấn cổ tay,đeo cổ tay tập gym chơi thể thao LT6638 (Giao màu ngẫu nhiên)"
The Thao Da Ngoai,Bộ Kính Bơi View V500S-CLB (Xanh Trắng) Và Nón Bơi View V31-WH(Trắng)
The Thao Da Ngoai,Bộ Vành bóng rổ + Quả bóng rổ (Kèm kim bơm và lưới)
The Thao Da Ngoai,Dây kháng lực tập cơ mông đùi Hip Resistance Bands AOLIKES YE-3603
The Thao Da Ngoai,Kính Bơi View V610
The Thao Da Ngoai,Xà Đơn Gắn Cửa MAC80-2018 có điều chỉnh kích thước (80-100cm)
The Thao Da Ngoai,Xà Đơn Gắn Tường Điều Chỉnh Kích Thước MacBuy (80 - 130 cm)
The Thao Da Ngoai,"Ostrovit Creatine 300g/500g – Bổ sung Acid Amin Creatine, Taurine, B6, gia tăng sức mạnh, tái tạo năng lượng tập luyện"
The Thao Da Ngoai,Tạ Tập Tay Nhựa 314 - 2KG Chuyên Tập Gym Yoga Pilates Thể Dục Tại Nhà
The Thao Da Ngoai,BỘ ĐÔI TẠ NẶNG 20KG Model Q308 TẠ MIẾNG NHỰA ĐEN CAO CẤP ĐA NĂNG
The Thao Da Ngoai,"Máy chạy bộ cơ đa năng BG Treadmill SH306 5 in 1,Máy chạy bộ không điện SH305 thích hợp cho mọi lứa tuổi luyện tập (hàng nhập khẩu)"
The Thao Da Ngoai,"Dây Tập Bụng, Dây Kéo Đàn Hồi Kháng Lực 4 ống, 6 Ống Cao Su Tập Bụng Tại Nhà"
The Thao Da Ngoai,"Bộ 2 Vợt Pickleball Siêu Nhẹ, Chuyên Nghiệp, Tặng Kèm Túi Đựng 4 Quả Bóng, Bền Đẹp - HÀNG CHÍNH HÃNG MINIIN"
The Thao Da Ngoai,"[Hoả tốc Hà Nội] Vợt pickleball trẻ em sợi thuỷ tinh siêu nhẹ, tay cầm chống trơn trượt, bề mặt fiber glass - Hàng chính hãng"
The Thao Da Ngoai,"Dây Tập Bụng 6011N,Dây Kéo Đàn Hồi Kháng Lực  Ống Cao Su, Dây Kéo Tập Gym"
The Thao Da Ngoai,Đèn Pin Đội Đầu 2 Bóng Siêu Sáng Q5 PaKaSa Kèm Sạc - Hàng Chính Hãng
The Thao Da Ngoai,"Tất - Vớ Tập Yoga , barre , pilates gắn hạt silicon Massage chống trơn trượt quai chéo kín ngón ( 1 đôi )"
The Thao Da Ngoai,"Tất Vớ Bóng Đá Dài Cao Cấp AOLIKES CDP503 Thoáng Khí, Chống Trượt, Chống Mồ Hôi"
The Thao Da Ngoai,"Túi Đeo Tay Để Điện Thoại Khi Chạy Bộ Tập Gym, Tập Thể Thao"
The Thao Da Ngoai,"BG Bộ xà đơn, xà kép CU103 đa năng cao cấp đa năng, dụng cụ tập thể dục phòng gym (hàng nhập khẩu)"
The Thao Da Ngoai,Áo Polo Boro Sport Chất Liệu Vải Poly Thái Giữ Form Thiết Kế Thời Trang Năng Động Liverpool
The Thao Da Ngoai,"BG Thảm tập Yoga,GYM chuyên dụng dày 15mm NBR nguyên khối, độ đài hồi tốt, chống lún, Chống trơn trượt, độ bám cao, ngăn ngừa hôi và ẩm mốc (hàng nhập khẩu)"
The Thao Da Ngoai,Ghế Mini Gấp Gọn KUNBE Phù Hợp Du Lịch Dã Ngoại Cắm Trại Câu Cá Đợi Chờ Tàu Xe
The Thao Da Ngoai,Xà đơn gắn cửa treo tường cao cấp AOLIKES A-SW213 pull up bar home gym
The Thao Da Ngoai,Đai điều chỉnh cột sống chống gù lưng AOLIKES A-3106 Back Posture Corrector
The Thao Da Ngoai,"Đai Đeo Tay Chạy Bộ, Bao, Túi Đựng Điện Thoại Tới 6.5 Inch Cao Cấp Teement, Chạy Bộ, Tập Thể Dục, Thể Thao, Chống Thấm Nước , Ngăn Chặn Mồ Hôi Hiệu Quả, Có Jack Cắm Tay Nghe - Hàng Chính Hãng"
The Thao Da Ngoai,Kính Bơi Phoenix Xe Hơi cho trẻ em mã 507 - chính hãng
The Thao Da Ngoai,Giày bóng đá nam sân cỏ nhân tạo cổ trung Nagaki
The Thao Da Ngoai,"Găng Tay Tập GYM Da Bò  Hở Mu Bàn Tay Lifting Grips , Dây Kéo Lưng - Hàng chính hãng BORO SPORT"
The Thao Da Ngoai,"Dây kháng lực tập gym cao su tự nhiên, mức lực kéo phân theo từng màu, tiện lợi mang theo bất cứ đâu, Dây kháng lực Power Band đa năng, hỗ trợ luyện tập thể dục, tiện lợi tại nhà, văn phòng - Chính hãng dododios"
The Thao Da Ngoai,Thảm Tập Yoga Định Tuyến TPE 2 Lớp Cao Su Non Hàng Chính Hãng MINIIN + Bao Đựng Và Dây Buộc Thảm Tập Yoga - Rèn Luyện Sức Khoẻ
The Thao Da Ngoai,Bộ 2 đai bảo vệ đầu gối AOLIKES YE-7901 hỗ trợ khớp gối Knee Support Braces
The Thao Da Ngoai,Xà Đơn Treo Tường 2022 Tích Hợp Giọt Nước Chỉnh Thăng Bằng Đại Nam Sport Thế Hệ Mới + Kèm Găng Tay Tập Xà
The Thao Da Ngoai,Giày Trượt Patin Cao Cấp OS02 Thế Hệ Mới Tự Thăng Bằng 2 Hàng (Chuyển Từ 2 Hàng Sang 1 Hàng) Đại Nam Sport + Kèm Bộ Bảo Hộ
The Thao Da Ngoai,"Gạch Tập Yoga,Gối Yoga Họa Tiết Chính Hãng Cao Cấp (Chọn Màu)"
The Thao Da Ngoai,Bộ 2 Sản Phẩm Xăng+Đá Zippo
The Thao Da Ngoai,Thảm tập yoga định tuyến TPE 6mm 1 lớp (Kèm túi và dây buộc)
The Thao Da Ngoai,"Nón bơi cao cấp Yesure Cleacco chất liệu làm từ hợp chất Silicon dẻo , chống nước , chóng UV , mềm mại thoải mái khi đeo - Nhiều màu sắc"
The Thao Da Ngoai,Kính Bơi Cận View V510
The Thao Da Ngoai,Nón bơi mũ bơi Silicon che tai CQ (Dòng cao cấp)
The Thao Da Ngoai,Kính bơi Phoenix Hàn Quốc PN203
The Thao Da Ngoai,Giày Trượt Patin Longfeng 906 Đại Nam Sport LF906L
The Thao Da Ngoai,"BG Q312 Tạ Bình Vôi,Tạ Quai Xách 12kg Nguyên Khối Hàng Việt Nam Chất Lượng Cao"
The Thao Da Ngoai,"Cổ Chân chườm nóng - lạnh, 2 chế độ sử dụng, cho cơ khớp khuỷu AL3703"
The Thao Da Ngoai,"Kính Bơi Trẻ Em Kèm Mũ Và Nút Bịt Tai Chống Tia UV, Chống Sương Mù, Chống Thấm Nước - Kính Bơi Cho Bé - Giao Hoạ Tiết Ngẫu Nhiên"
The Thao Da Ngoai,"Giày Pickleball, Tennis Promax PI86 mẫu mới - chính hãng"
The Thao Da Ngoai,"Dây nhảy thể dục lõi thép, dây PVC đếm số tự động Agnite - dây nhảy tại nhà hỗ trợ giảm cân, tập luyện tại nhà, boxing, muaythai"
The Thao Da Ngoai,"Vợt Pickleball Carbon Mặt Nhám Joola Ben Johns C2 Dày 16mm Cao Cấp ,Siêu Bền,Siêu Nhẹ + Tặng Túi Và 4 Bóng"
The Thao Da Ngoai,"Bịt mắt ngủ cao cấp AOLIKES MZ037 vải dệt kim cao cấp mềm mại, đàn hồi, thoáng khí"
The Thao Da Ngoai,Khăn lau mini đa năng hỗ trợ nam giới Powergra Wet Wipes - 1 cái
The Thao Da Ngoai,Vợt Cầu Lông KUMPOO K520 Pro Căng Sẵn 11kg Khung Carbon + Tặng Cuốn Cán Và Bao Đựng Vợt
The Thao Da Ngoai,"Vợt Cầu Lông Khung Carbon 4U Căng Sẵn 10kg (100zz,800,11Pro..) + Tặng Cuốn Cán Và Bao Đựng Vợt"
The Thao Da Ngoai,"Giày thể thao nữ, giày chạy bộ nữ phong cách mới – GNU2057"
The Thao Da Ngoai,Đai Chạy Bộ Thể Thao Chống Nước Cleacco Chất Liệu Chống Nước Hiệu Quả
The Thao Da Ngoai,Tạ Tay + Tạ Đẩy kết hợp (2 in 1) Q305 - 40kg bộ sản phẩm mới nhất-Chọn Lực Nặng Của Tạ ( hàng nhập khẩu)
The Thao Da Ngoai,"[COMBO 5] Combo kính bơi cận 0-8 độ, mũ bơi, chai xịt chống bám hơi nước, nút bịt tai, kẹp mũi đi bơi, đi biển Legaxi"
The Thao Da Ngoai,"Túi Đeo Bụng Chạy Bộ Chống Nước Teement TM01, Đai Đeo Điện Thoại Chạy Bộ, Túi Đeo Hông Chạy Bộ Phản Quang -hàng Chính Hãng"
The Thao Da Ngoai,Bình gas mini dã ngoại Fire Maple FMS G2 (230 gram)
The Thao Da Ngoai,"Xà Đơn Gắn Cửa, Treo Tường Bằng Thép Chịu Lực Có Thước Thăng Bằng Cao Cấp 2022 Tienphatsmart ( Bảo Hành 12 Tháng)"
The Thao Da Ngoai,Băng bảo vệ đầu gối Rhino P7720 (1 Đôi) Bó gối thể thao Đai bảo vệ đầu gối khớp gối Băng quấn đầu gối khớp gối hàng chính hãng dành cho cả nam và nữ
The Thao Da Ngoai,Bộ 2 đai bó bảo vệ đầu gối AOLIKES YE-7909 có nẹp lò xo hỗ trợ dây chằng khớp gối Pressurized knee support - Hàng Chính Hãng
The Thao Da Ngoai,"BG Sàn nhún 40INCH Dây kháng lực cao cấp, Trampoline (100x100cm) - Hàng nhập khẩu"
The Thao Da Ngoai,Giày vải đinh Thượng đình đá bóng màu trắng BD16
The Thao Da Ngoai,Giày vải đinh Thượng đình đá bóng màu đen BD16
The Thao Da Ngoai,Mồi Câu Con Cá Dài
The Thao Da Ngoai,"Bộ 3 Sản Phẩm Xăng, Đá, Bấc Zippo"
The Thao Da Ngoai,"Bàn xoay eo 3004R Xoay eo giảm cân, tập bụng, kết hợp massage chân"
The Thao Da Ngoai,"BG Sàn nhún, Đệm Bật TRAMPOLINE TL 48INCH Dây kháng lực, Dành Cho Mọi Lứa Tuổi (hàng nhập khẩu) "
The Thao Da Ngoai,BG Sàn nhún Đệm Bật Lò Xo  Trampoline 50inch GREEN (hàng nhập khẩu)
The Thao Da Ngoai,"Xe Đạp Tập Thể Dục Đa Năng Tại Nhà,máy tập gym model ELITE - 48002584/48002583 tại nhà"
The Thao Da Ngoai,"Băng gối Có Dây Đai,Băng Quấn Đầu Gối,Băng gối thể thao,Yoga, bóng đá,bóng chuyền co giãn đàn hồi GIÁ(1chiếc)Và( 2 Chiếc)"
The Thao Da Ngoai,Giầy đinh đá bóng sân cỏ nhân tạo Quang Hải 19Z-VOL tặng kèm tất đá bóng
The Thao Da Ngoai,Đồng hồ thi đấu cờ vua 9908 nhỏ gọn T THIEN TRUONG SPORT 
The Thao Da Ngoai,Bg Xe đạp tập thể dục trong nhà Mẫu Exercise Bike: YS02 (hàng nhập khẩu)
The Thao Da Ngoai,"Con lăn tập bụng - Dụng cụ tập gym tại nhà thế hệ mới 2 bánh có chỗ để tay tiện dụng, tặng miếng thảm+ Cáp Sạc"
The Thao Da Ngoai,"Nón bơi, Mũ bơi TRÙM TAI, chất liệu silicone đàn hồi, thiết kế thời trang cao cấp CA33 dododios Collection - Hàng Chính hãng dododios"
The Thao Da Ngoai,"Gậy Bẻ Lò Xo Ti Tan Lực Bẻ Từ 20KG Đến 50KG Tập Tay,Vai,Xô,Ngực Body Tại Nhà (Hàng Loại 1)"
The Thao Da Ngoai,Đá Zippo - Chính hãng 100%
The Thao Da Ngoai,Băng chặn thấm mồ hôi cổ tay AOLIKES A-0230 Sport Fitnes Absorb Sweat And Wrist Protctor
The Thao Da Ngoai,BG Bơm bóng cầm tay mini - Dụng cụ bơm bóng Yoga AIR PUMP ( hàng nhập khẩu)
The Thao Da Ngoai,"Lều Cắm Trại Du Lịch Tự Bung Gập Gọn 6-8 Người Siêu Chống Nắng,Mưa Đại Nam Sport + Kèm Nệm Chống Ẩm"
The Thao Da Ngoai,"Bộ Bàn Chơi BiDa , Bàn Bi-a Mini Chơi Tại Nhà PaKaSa - Hàng Chính Hãng"
The Thao Da Ngoai,"Dây nhảy thể thao lõi thép cao cấp Rhino J601 tự động đếm số, đếm giờ, tích hợp đo calo, quãng đường, độ dài dây tùy chỉnh - Dùng cho Muay | Boxing | Kickboxing - Hàng chính hãng"
The Thao Da Ngoai,"Tạ Bình Vôi,Tạ Quai Xách 6kg Bọc Cao Su Cao Cấp (Màu Ngẫu Nhiên)"
The Thao Da Ngoai,"Khăn Lau Sợi Tre MyJae Một Lần Dùng Lau Bề Mặt, Đánh Bay Dầu Mỡ 20cm x 25cm (30 Cái/Bịch)"
The Thao Da Ngoai,Bao vợt cầu lông LIGHTSPORT 4 ngăn màu xanh đen
The Thao Da Ngoai,Bộ Tạ Tay 1kg Bọc Cao Su Trơn Lõi Thép Cao Cấp Chính Hãng Đại Nam Sport (Tổng 2kg)-Giao Màu Ngẫu Nhiên
The Thao Da Ngoai,Thảm Tập Yoga Và Gym Chất Liệu Cao Cấp TPE 6mm 2 Lớp DNS012 Đại Nam Sport Chống Trơn+ Tặng Kèm Túi Và Dây Buộc
The Thao Da Ngoai,"Tạ đeo chân tay, tạ cơ thể, áo tạ thể lực thể thao cao cấp phiên bản 5.0 10KG/8KG/6KG/5KG/4KG/3KG/Đôi chính hãng Kyta Sport, hỗ trợ tập luyện, giảm mỡ tăng cơ, phát triển chiều cao, sức bật và sức bền"
The Thao Da Ngoai,"Kính bơi chống tia UV , Chống sương mù , bảo vệ mắt Cleacco, dành cho vận động viên chuyên nghiệp hoặc người có sở thích đi bơi mỗi ngày, màu sắc đa dạng - Hàng Chính Hãng"
The Thao Da Ngoai,Combo xà đơn treo tường DNS  (KT 80-130cm) + Kìm bóp tay điều chỉnh lực
The Thao Da Ngoai,BG-Xe đạp tập thể dục kết hợp tay chân 8701 / 8703 tập luyện trong nhà
The Thao Da Ngoai,Giày đá bóng Prowin RX + tặng kèm tất bóng đá cao cổ
The Thao Da Ngoai,Ghế Tập Bụng Cong Muse Màu Có Chốt Gập BG SU-118
The Thao Da Ngoai,"3001N-Đĩa Xoay Eo Có Hình Bàn Chân, Xoay 360 Độ, Thiết Kế Nhỏ Gọn, Tiện Dụng, Có Hạt Massage Giúp Lưu Thông Khí Huyết"
The Thao Da Ngoai,Bóng thi đấu Pickleball AK-X1
The Thao Da Ngoai,"Hột Quẹt Xăng Hình Quan Công Khắc Nổi Tặng Kèm Chai Xăng Độc Đáo Đẹp Lạ, Bật Lửa Zippoo Chạm Khắc Quan Công Cổ Điển Sang Trọng"
The Thao Da Ngoai,Kính Bơi Giá Tốt Kiếng Bơi Chính Hãng Chống Sương Đệm Mắt Cao Su Dây Đeo Êm Ái Cleacco SG8100 Boro Sport
The Thao Da Ngoai,Thực Phẩm Bổ Sung Meiji MeiBalance 125ml/hộp
The Thao Da Ngoai,ĐÈN ĐỘI ĐẦU PIN LED SÁNG TRẮNG 1W 55191 AKKO STAR   - HÀNG CHÍNH HÃNG
The Thao Da Ngoai,"Đai Bảo Vệ Đầu Gối Thể Thao Cao Cấp Teement, Đai Chạy Bộ Bảo Vệ Xương Bánh Chè Có Thể Điều Chỉnh Miếng Đệm Đầu Gối, Thoáng Khí, Chống Trượt Tích Hợp Hai Dải Silicon Bảo Vệ Khơp Hiệu Quả - Hàng Chính Hãng"
The Thao Da Ngoai,"Nón bơi mũ bơi có nốt sần thoát nước nhanh CA32 chất liệu cao cấp cho người lớn, nam, nữ và trẻ em trên 8 tuổi - Hàng Chính hãng dododios"
The Thao Da Ngoai,"Băng đầu gối chuyên nghiệp GoodFit GF526K thoáng khí, có thể điều chỉnh, hỗ trợ giảm đau khớp"
The Thao Da Ngoai,BG Bóng tập thăng bằng BALANCE BALL YOGA/GYM cao cấp 46cm và 58cmx20 (hàng nhập khẩu)
The Thao Da Ngoai,ĐỎ 16KG - Dây kháng lực tập gym power band dododios đàn hồi cao su tập tay chân mông vai đùi nam nữ
The Thao Da Ngoai,Đai bó cơ khuỷu tay AOLIKES A-7947 Sport Elbow Support
The Thao Da Ngoai,"Labrada Lean Body (1 gói ), Sữa Thay Thế Bữa Ăn, 40g Protein, 8G Chất Béo Tốt & Chất Xơ, 22 Vitamin và Khoáng Chất"
The Thao Da Ngoai,"Dây Nhảy Tập Thể Dục Thể Thao Tập Gym Lõi Cáp Bọc Cao Su Cao Cấp 2,7m Có Thể Điều Chỉnh Độ Dài Theo Chiều Cao- Hàng Loại 1 Chính Hãng MINIIN"
The Thao Da Ngoai,[LOẠI XỊN TRẦN BÔNG] (FREE SHIP) Túi ngủ văn phòng du lịch cao cấp có trùm đầu - Chính hãng
The Thao Da Ngoai,Đèn Pin Đội Đầu Headlamp Sạc USB - Chính Hãng PaKaSa
The Thao Da Ngoai,"Bó gối thể thao, băng đầu gối đệm silicone, co giãn 4 chiều, thanh trợ lực lò xo GoodFit GF513K"
The Thao Da Ngoai,"Băng khuỷu tay hỗ trợ bảo vệ khuỷu tay, củi chỏ, vải co giãn đàn hồi, lớp silicon chống trượt thấm hút mồ hôi tốt Goodfit GF402E"
The Thao Da Ngoai,"Băng Quấn Bảo Vệ Cổ Chân, Mắt Cá Chân VNS-GF066, Một Đôi Cho Hai Cổ Chân Khỏe Mạnh"
The Thao Da Ngoai,Băng bảo vệ đầu gối PJ-651 (thun 4 chiều)
The Thao Da Ngoai,Lưới bóng chuyền hơi tập luyện Anh Việt không cáp
The Thao Da Ngoai,Kính bơi cao cấp Kasup tích hợp bịt tai - KS5559 (Giao màu ngẫu nhiên)
The Thao Da Ngoai,ZAMST EK-3 (Knee support)
The Thao Da Ngoai,Xà Đơn Gắn Cửa Bofit Doorway (80 – 130 cm)
The Thao Da Ngoai,"BG Tạ Bình Q312 - 8kg Cao Su Mềm, chuông Ấm, Tạ Ấm"
The Thao Da Ngoai,"Giày Tennis, Pickleball Lefus L031 - chính hãng"
The Thao Da Ngoai,"Găng tay nâng tạ, tập gym Nam - Nữ Aolikes AL117"
The Thao Da Ngoai,"Combo 2 Cuộn Băng Cuốn Tự Dính, Băng Cuốn Cao Su Non, Băng Keo Thể Thao Chống Chấn Thương (Kích thước 5cm*4.5m), Băng keo thể thao đá bóng, băng cuốn thể thao vải tự dính, băng quấn y tế cuốn ngón tay, cổ tay, cổ chân"
The Thao Da Ngoai,"Bóng nhảy tăng chiều cao, Chính hãng TienPhatsmart cao cấp, không mùi, Bóng nảy phát triển chiều cao"
The Thao Da Ngoai,"(Miễn Phí in tên số )Bộ quần áo Bóng đá Cleacco chất liệu vải co giãn tốt, thoáng mát - BORO SPORT"
The Thao Da Ngoai,"Quần chạy bộ short đùi thể thao thoáng khí nhanh khô, có túi đựng điện thoại , kèm lớp lót Cleacco DK22001 Bảo Hành 12 Tháng - Boro Sport"
The Thao Da Ngoai,Bộ 2 Vợt Cầu Lông Khung Carbon 710 Lực Căng 12kg (26LBS) Đại Nam Sport + Tặng Túi Đựng Vợt
The Thao Da Ngoai,VÀNG 7KG -  Dây Cao Su Kháng Lực Powerband Tập Toàn Thân Chính Hãng dododios
The Thao Da Ngoai,Ruột Zippo Gas Butane Một Tia Lửa - Chính hãng 100%
The Thao Da Ngoai,Bộ 2 ống bảo vệ khuỷu tay chống nắng AOLIKES A-7945 Sport protection elastic arm
The Thao Da Ngoai,Nón mũ bơi silicon AOLIKES A-0226 Swimming Cap
The Thao Da Ngoai,Bộ 2 băng thấm mồ hôi cổ tay AOLIKES A-0230-2 Sport Fitnes Absorb Sweat And Wrist Protctor
The Thao Da Ngoai,"Kính bơi chống sương mờ, chống UV, dây được làm 100% silicone mềm mại, thiết kế không trơn trượt, độ co giãn, độ bền thách thức thời gian, dành cho vận động viên chuyên nghiệp, kính bơi cận thị có độ - Chính hãng DODODIOS"
The Thao Da Ngoai,Đĩa Xoay Eo Massage Chân Tập Thể Dục 360 Độ Chất Liệu Nhựa Cao Cấp Rexchi( Màu ngẫu nhiên)-  Hàng Chính Hãng
The Thao Da Ngoai,Bộ Tạ Tay 2kg Bọc Cao Su Trơn Lõi Thép Cao Cấp Chính Hãng Đại Nam Sport (Tổng 4kg)-Giao Màu Ngẫu Nhiên
The Thao Da Ngoai,Bơm bóng - bơm xe đạp cầm tay Molten HPAS
The Thao Da Ngoai,Khăn Trải Thảm Tập Yoga Chính Hãng Kèm Túi Đựng - Nhiều Màu Phủ Hạt Cao su non Cao Cấp
The Thao Da Ngoai,Đai nẹp cằm chống ngáy khi ngủ Stop Snoring belt Aolikes YE-2107
The Thao Da Ngoai,Ruột Zippo Gas Butane Hai Tia Lửa – Butane Lighter Insert Double Torch 65827
The Thao Da Ngoai,Băng Bảo Vệ Đầu Gối PJ-601
The Thao Da Ngoai,Cầu Lông Ống A Ngắn HT OAN
The Thao Da Ngoai,"BG Dụng cụ tập thể dục xoay eo bụng đứng 3003R - 3004R cho massage chân giảm cân, bàn xoay eo tập bụng, xoay eo"
The Thao Da Ngoai,"[RẺ NHẤT MALL] Bộ 2 vợt cầu lông giá rẻ chính hãng Agnite, bền, nhẹ, tặng kèm túi vợt và quả cầu lông - ER301/ER302"
The Thao Da Ngoai,"Quấn cốt vợt cầu lông bảo vệ cốt vợt cầu lông dài 6cmx27m mềm mại, thấm hút mồ hôi Quấn Cốt Cán Vợt pickleball, tennis, bóng bàn - Giao Màu Ngẫu Nhiên"
The Thao Da Ngoai,Ủng Bọc Giày Trời Mưa Chống Nước PVC Chống Bám Bẩn Áo Bảo Vệ Giày Chống Trơn Trượt Tiện Lợi
The Thao Da Ngoai,"Võng ngoài trời ,võng du lịch nhiều màu tiện dụng - PAKASA"
The Thao Da Ngoai,Đèn Pha LED Chống Nước Đa Năng Đèn Pha Sạc USB + COB Đèn Pin Đội Đầu Đèn Đội Đầu Công Suất Cao
The Thao Da Ngoai,Kính Bơi Thi Đấu VIEW V240ASA SWIPE Anti-fog World Aquatics Approved Chống Mờ Gấp 10 Lần - Hàng chính hãng 100% sản xuất tại Nhật Bản
The Thao Da Ngoai,"BG Thảm tập Yoga,GYM chuyên dụng dày 10mm  cao su NBR nguyên khối, độ đài hồi tốt, chống lún, Chống trơn trượt, độ bám cao, ngăn ngừa hôi và ẩm mốc (hàng nhập khẩu)"
The Thao Da Ngoai,"Mũ bơi người lớn chất liệu silicone cao cấp dododios dùng được cho nam, nữ ngăn nước, trùm được búi tóc dài - Mũ bơi trùm tai - Mũ bơi trùm búi tóc - Chính hãng dododios"
The Thao Da Ngoai,"Kìm bóp tay, Kìm tập cơ tay dụng cụ tập gym tại nhà điều chỉnh lực 10-100kg có đếm số tự động D Danido"
The Thao Da Ngoai,Dụng Cụ Tập Bụng 2 Đế Hút Chân Không Đa Năng Kiểu Dáng Mới Siêu Bám Hút Đại Nam Sport
The Thao Da Ngoai,Vợt bóng bàn combo 2 chiếc tặng kèm 3 quả bóng dododios và túi đựng
The Thao Da Ngoai,Bọc ống đồng ống quyển đá bóng AOLIKES A-0116 football shin pads
The Thao Da Ngoai,Băng đô thể thao silicone chặn thấm mồ hôi AOLIKES A-2113 Sport sweat band
The Thao Da Ngoai,Bóng Tập Yoga Có Gai Bóng Tập Gym - Bóng Cao Cấp Có Gai 75cm Loại Cực Dày- Loại 1- Rèn Luyện Sức Khoẻ- Tặng Kèm Bơm- Hàng Chính Hãng MINIIN
The Thao Da Ngoai,Đồ chơi Bàn Bida bi a Mini size trung và lớn - Full Phụ Kiện chơi vui
The Thao Da Ngoai,Túi ngủ du lịch cắm trại dã ngoại Desert&Fox DF-S002 Ultralight Sleeping bags
The Thao Da Ngoai,DỤNG CỤ MASSAGE CHÂN BẰNG GỖ 6 ĐẠI TOANANH TA-6Đ
The Thao Da Ngoai,Nón chạy bộ XA CAP URBAN CHIC
The Thao Da Ngoai,Bật lửa Zippo Classic Street Chrome 207
The Thao Da Ngoai,Xà đơn treo tường đa năng Đại Nam Sport DNS P90X - Kèm găng tay tập xà
The Thao Da Ngoai,Kính Bơi View Aqurio V550A
The Thao Da Ngoai,Bộ 2 Xăng 1 Đá Zippo
Thoi Trang Nam,"Quần lót nam, quần sịp nam cao cấp KELVIN 2.0 chất thun lạnh kháng khuẩn co giãn 4 chiều mềm mịn thoáng khí thấm hút mồ hôi - ARES SHOP"
Thoi Trang Nam,"Combo 5 quần boxer nam, quần lót nam cao cấp chất thun lạnh siêu mềm mịn kháng khuẩn co giãn 4 chiều thấm hút mồ hôi tốt - Ares Shop"
Thoi Trang Nam,"Quần dài nam ống suông, cạp có dây rút khuy cài, lịch lãm, sang trọng, phong cách Hàn Quốc qd11"
Thoi Trang Nam,"Combo 5 quần lót nam, quần sịp nam TG chất thun lạnh kháng khuẩn co giãn 4 chiều phong cách nam tính - Ares Shop"
Thoi Trang Nam,Áo khoác nam - áo khoác thể thao nam cao cấp chất liệu vải poly cao cấp sang trọng- ARES SHOP
Thoi Trang Nam,"Combo quần lót nam, quần sịp nam chất thun lạnh kháng khuẩn co giãn 4 chiều phong cách nam tính - Ares Man"
Thoi Trang Nam,"Quần lót nam, quần boxer nam cao cấp chất thun lạnh kháng khuẩn co giãn 4 chiều phong cách nam tính - BASIC"
Thoi Trang Nam,"Bộ Pyjama HUONGTAM Kate tay dài nam cao cấp(PDK01N8). Chất liệu Kate loại tốt:  mềm mại, thoáng mát, không phai màu"
Thoi Trang Nam,"Quần Đùi HUONGTAM  nam cao cấp(QDN). Chất liệu vải loại tốt: mềm mại, thoáng mát, không phai màu"
Thoi Trang Nam,Quần Kaki túi hộp nam trung niên - Quần Jogger kaki vải dày dặn full size
Thoi Trang Nam,Áo sơ mi nam tay ngắn form ôm Khatoco A1MN438S1-CNSC170-2410-N
Thoi Trang Nam,"Combo 2 Áo thun nam Cotton Compact Premium trẻ trung thấm hút mồ hôi, co giãn 4 chiều MRM Manlywear"
Thoi Trang Nam,Áo thun nam Cotton Compact Premium trẻ trung năng động thấm hút mồ hôi co giãn 4 chiều MRM Manlywear
Thoi Trang Nam,"Quần short thun nam cao cấp, quần short nam vải cotton LN058"
Thoi Trang Nam,"Combo 2 quần đùi nam, quần Short Gió nam thể thao Họa Tiết Rằn Ri trẻ trung năng động, thoáng mát co giãn 4 chiều MRM Manlywear"
Thoi Trang Nam,Quần jean nam ống suông MĐ Q62 màu xanh nhạt loại tốt
Thoi Trang Nam,Quần short nam big size quần sọt nam thể thao quần đùi nam mặc nhà quần thun nam cotton 4 chiều co giãn cao cấp ShopN6 - TSB2
Thoi Trang Nam,"Combo 5 quần lót nam,Sịp nam cao cấp (ROMAN,HEROMAN,TONNY) 5 màu,lưng thun 4cm,thun lạnh cực mát"
Thoi Trang Nam,Quần lót lưới nam
Thoi Trang Nam,Bộ 5 Quần Lót Nam Đùi Xuất Nhật Chất Mát từ 40kg đến 90kg (Màu Ngẫu Nghiên)
Thoi Trang Nam,"Set 2 quần đùi nam, quần Short Gió nam thể thao Basic trẻ trung năng động, thoáng mát co giãn 4 chiều MRM Manlywear"
Thoi Trang Nam,"Quần đùi short gió nam thể thao Basic trẻ trung năng động, thoáng mát co giãn 4 chiều MRM Manlywear"
Thoi Trang Nam,Quần Short Nam Big Size Quần Sọt Nam Thể Thao Cotton 4 Chiều Quần Đùi Nam Trên 100kg Quần Thun Nam Cao Cấp Giá Tốt WSB1 - ShopN6 (Sọc Ngẫu Nhiên)
Thoi Trang Nam,Áo thun nam có cổ cá sấu vải loại 1 nhập từ thái lan loại áo thun tay lỡ size 55kg đến 85kg
Thoi Trang Nam,"Combo 2 áo ba lỗ nam, áo sát nách nam,sợi cotton cao cấp mềm mịn, thấm hút mồ hôi, siều thoáng mát, co giãn 4 chiều Mrm Manlywear - MM"
Thoi Trang Nam,"Áo ba lỗ nam, áo sát nách nam,sợi cotton cao cấp mềm mịn, thấm hút mồ hôi, siều thoáng mát, co giãn 4 chiều Mrm Manlywear"
Thoi Trang Nam,Combo 5 quần ĐÙI May 10 giao màu ngẫu nhiên
Thoi Trang Nam,Quần short thun Nam tập GYM thể thao - Q0003
Thoi Trang Nam,Combo 3 quần lót nam sợi cotton Organic mềm mịn thoáng mát co giãn 4 chiều MRM Manlywear (TẶNG Đôi Tất Nam Cao Cấp màu ngẫu nhiên)
Thoi Trang Nam,Combo 3 quần lót nam Boxer sợi Organic mềm mịn thoáng mát co giãn 4 chiều MRM Manlywear ( TẶNG Đôi Tất Nam Cao Cấp Giao Ngẫu Nhiên)
Thoi Trang Nam,Áo Thun Nam Cổ Tròn Cotton Co Giãn Tốt
Thoi Trang Nam,"Combo 2 áo ba lỗ nam/áo 3 lỗ nam, sợi cotton mềm mịn siêu thoáng mát, thấm hút mồ hôi cực tốt, co giãn 4 chiều MRM FASHION -MM"
Thoi Trang Nam,"Combo 4 quần lót nam Boxer sợi cạp 1cm sợi tre tự nhiên mềm mịn thấm hút mồ hôi, co giãn 4 chiều MRM Manlywear - Màu ngẫu nhiên"
Thoi Trang Nam,Combo 4 quần lót nam tam giác Bamboo Organic mềm mịn thoáng mát thấm hút mồ hôi - MRM Manlywear - Màu Ngẫu Nhiên
Thoi Trang Nam,Áo thun nam cổ bẻ kiểu trơn có 1 túi áo
Thoi Trang Nam,Áo Khoác Nam
Thoi Trang Nam,Áo sweater thu đông form rộng in hình hài hước đi nhậu Mr.buffalo - [HN15] Áo Trắng
Thoi Trang Nam,"Quần Lót Nam (Combo 5 quần) NeSa Shop, Quần sịp đùi nam thun lạnh, co dãn 4 chiều, thoáng khí kháng khuẩn tốt"
Thoi Trang Nam,"Quần nam ống rộng chất linen vải đẹp mềm thoáng mát, thiết kế dây rút kết hợp khóa kéo độc la Haint boutique Qd11"
Thoi Trang Nam,Quần Mặc Nhà Nam SKD02 Vải Kate Co Giãn Nhẹ
Thoi Trang Nam,"Quần lót nam ,quần sịp nam tam giác chất thun lạnh mềm mịn siêu mát, thấm hút mồ hôi - KELVIN CELIN"
Thoi Trang Nam,"Quần lót nam ,quần sịp nam tam giác chất thun lạnh mềm mịn siêu mát, thấm hút mồ hôi - LOCATSE"
Thoi Trang Nam,"Aó khoác gió nam US ARMY đặc biệt Chống Gió, Chống nắng form chuẩn hàng đẹp"
Thoi Trang Nam,"Quần boxer nam, combo quần sịp đùi họa tiết nhân vật chất thun lạnh mềm mịn siêu mát, thấm hút mồ hôi - Doraemon"
Thoi Trang Nam,"Quần boxer nam, combo quần lót nam cao cấp chất thun lạnh kháng khuẩn co giãn 4 chiều phong cách nam tính - Faapas"
Thoi Trang Nam,"Quần bơi short nam hoạ tiết da cá, chất thun bơi lạnh dày đẹp chống nước nhanh khô, dáng ngắn ôm gọn dễ vận động | BN003"
Thoi Trang Nam,"Quần lót nam, quần boxer nam Ares Man chất thun lạnh mềm mịn siêu mát, thấm hút mồ hôi Ares man 2.0"
Thoi Trang Nam,"Áo thun Polo Nam Coolmax - Premium nam tính, thanh lịch sang trọng MRM Manlywear"
Thoi Trang Nam,"Combo 2 Áo thun Polo Nam Coolmax - Premium nam tính, thanh lịch sang trọng MRM Manlywear"
Thoi Trang Nam,"Quần lót nam Boxer co giãn 4 chiều, lưng thun nhỏ, công nghệ thoáng khí - màu Xanh đen"
Thoi Trang Nam,Áo sơ mi nam cổ tàu cổ trụ form rộng tay dài trẻ trung thanh lịch vải lụa mềm mịn mát ít nhăn- MRDT01
Thoi Trang Nam,"Quần đùi short gió nam thể thao Họa Tiết Rằn Ri trẻ trung năng động, thoáng mát co giãn 4 chiều MRM Manlywear"
Thoi Trang Nam,Áo đông xuân có tay/không tay San Hô nam
Thoi Trang Nam,Áo thun nam Áo phông nam cổ tròn - không cổ Out of control thời trang siêu hot hàng đẹp bao đẹp-M190
Thoi Trang Nam,"Quần Short Nam Mặc Ngủ, Quần Thun Nam Mặc Nhà Brave Person B1164 - Form dáng trẻ trung, năng động, nam tính - Chất liệu thoáng mát, co dãn 4 chiều"
Thoi Trang Nam,"Combo 2 áo ba lỗ nam, áo 3 lỗ nam, sợi cotton mềm mịn, thấm hút mồ hôi tốt, thoáng mát, mặc thoải mái JAMANO"
Thoi Trang Nam,"Quần Lót Nam, Quần Sịp Nam Cao Cấp - Chất Liệu Mềm Mịn Thoáng Mát - Thiết Kế Cạp Liền - Thương Hiệu Brave Person B1151"
Thoi Trang Nam,Quần Jean Nam TH Store Bò Kaki Siêu Co Dãn Nhiều Màu Xanh và Đen
Thoi Trang Nam,KENDO - ÁO BA LỖ THỂ THAO TANK TOP size M - L
Thoi Trang Nam,Combo 3 quần sịp đùi nam Cao Cấp Boxer Cạp Nhỏ MRM FASHION cùng màu
Thoi Trang Nam,Combo 4 quần lót nam cạp 1cm sợi tre Bamboo tự nhiên mềm mịn thấm hút mồ hôi - Màu Ngẫu nhiên
Thoi Trang Nam,Áo thun nam cá sấu
Thoi Trang Nam,Áo sơ mi trắng dài tay Việt Tiến 500
Thoi Trang Nam,[TD] Áo khoác nam Áo khoát nam gió dù 2 lớp chống nắng cao cấp trơn nhiều màu hợp thời trang - A1006 - ĐEN
Thoi Trang Nam," Quần boxer nam , quần lót đùi nam ALPHA 2.0 được làm bằng chất thun lạnh mềm mịn thấm hút mồ hôi co giãn 4 chiều"
Thoi Trang Nam,"Quần boxer nam , quần lót đùi nam ALPHA được làm bằng chất thun lạnh mềm mịn thấm hút mồ hôi co giãn 4 chiều"
Thoi Trang Nam,"Quần lót nam, quần sịp nam tam giác Ares man cao cấp chất thun lạnh kháng khuẩn co giãn 4 chiều TGG Ares man"
Thoi Trang Nam,"Quần đùi nam huong tam cao cấp (QDNN6). Chất liệu vải loại tốt: mềm mại, thoáng mát, không phai màu"
Thoi Trang Nam,Quần 2 lớp nam tập gym DO GYM SHOP thun lỗ kim thoáng mát khi chơi thể thao QV2L11
Thoi Trang Nam,"Quần bơi nam 2 lớp cao cấp, phong cách boxer ống ngắn rộng rãi, họa tiết da cá nam tính, lớp trong thun bơi co giãn, lớp ngoài trượt nước dày dặn nhanh khô | BN026"
Thoi Trang Nam,Áo khoác măng tô nam cổ đức phong cách trẻ trung công sở NMT31
Thoi Trang Nam,"Quần âu nam công sở Hiền Trần BOUTIQUE, quần tây nam kiểu dáng Hàn Quốc, vải mềm chống nhăn phong cách lịch lãm"
Thoi Trang Nam,"Quần Short Kaki Nam US ARMY, Quần Túi Hộp Nam Phong Cách Lính Chất Liệu KaKi Cao Cấp, Kiểu Dáng Trẻ Trung Năng Động -HÀNG CHÍNH HÃNG"
Thoi Trang Nam,Áo Thun Nam Nữ Cổ Bẻ Phong Cách Hàn Quốc Vải Cá Sấu Sấu Mè Có Viền
Thoi Trang Nam,Hộp 4 quần lót nam thông hơi - quần sịp nam tam giác đùi - có size lớn MLQ01
Thoi Trang Nam,Áo Sơ Mi Nam Xanh Ngọc Ngắn Tay Công Sở Thương Hiệu Anton Trung Niên Sợi Tre Họa Tiết -GD560
Thoi Trang Nam,Áo Sơ Mi Nam Xanh Dương Kẻ Caro Ngắn Tay Công Sở Trung Niên Thương Hiệu Anton Vải Sợi Tre - YGD566
Thoi Trang Nam,"Quần Lót Nam Lọt Khe Sexy Brave Person B1177 - Thiết Kế Quyến Rũ Dành Riêng Cho Phái Mạnh - Chất Liệu Mềm Mại, Thoải Mái, Thoàng Khí, Kháng Khuẩn"
Thoi Trang Nam,"áo ba lỗ nam, áo 3 lỗ nam sợi cotton Organic mềm mịn siêu thoáng mát thấm hút mồ hôi JAMANO"
Thoi Trang Nam,"Quần lót nam,sịp nam cao cấp đùi boxer lưng 4cm-thun lạnh 4 chiều cực mát"
Thoi Trang Nam,Quần short nam big size quần sọt nam thể thao chống nóng quần đùi nam mặc nhà quần thun nam cotton 4 chiều co giãn cao cấp WSB2
Thoi Trang Nam,Combo 2 Áo lót nam cổ tim tay ngắn FREEMAN TSF311
Thoi Trang Nam,Quần Lót Nam Lọt Khe Siêu Gợi Cảm Boxers Brave Person B1181
Thoi Trang Nam,SET THẾ THAO NAM NĂNG ĐỘNG
Thoi Trang Nam,Áo Khoác Kaki Nam Hai Lớp Hàn Quốc Đơn Giản Cao Cấp KK36 - ShopN6 (Nhiều Màu)
Thoi Trang Nam,"Quần Lót nam, quần sịp nam lụa Sữa Cao Cấp sp-340"
Thoi Trang Nam,Combo 4 Quần Lót Nam Quần Sịp Đùi Sợi Cotton Cao Cấp MRM FASHION Mix 2 Màu TẶNG Đôi Tất Nam Cao Cấp
Thoi Trang Nam,Áo thun Nam form rộng phong cách Hàn Quốc - AT10A
Thoi Trang Nam,"Áo ba lỗ nam/ 3 lỗ nam cao cấp, sợi cotton mềm mịn siêu thoáng mát, thấm hút mồ hôi cực tốt, co dãn 4 chiều MRM FASHION"
Thoi Trang Nam,Combo 3 Quần Lót Nam Boxer Cạp 1cm Bamboo Mix Màu Thương Hiệu MRM Manlywear
Thoi Trang Nam,Combo 5 Quần Lót Nam Tam Giác Nhật
Thoi Trang Nam,Áo Khoác Nam Áo Khoác Dù Dày Nam Trơn  Cao Cấp ShopN6 - AD34
Thoi Trang Nam,Áo thun Nam có cổ thời trang
Thoi Trang Nam,Quần Short Jean Nam Muidoi Q169 - Đen (Size
Thoi Trang Nam,Combo 3 quần lót nam brief thun lạnh thoáng mát PANM111
Thoi Trang Nam,"Áo Chống Nắng Nam ,Chất Vải Thun Lạnh, Chống Tia UV, Thoáng Mát, Thấm Hút Mồ Hôi"
Thoi Trang Nam,"Quần dài nam chất linen cao cấp, quần suông trơn nam phù hợp  mọi lứa tuổi, có chun rút eo"
Thoi Trang Nam,"Quần đùi nam huong tam cao cấp (QDNN10). Chất liệu vải loại tốt: mềm mại, thoáng mát, không phai màu"
Thoi Trang Nam,Quần lót nam - quần sịp nam Ares man cao cấp chất thun lạnh mềm mịn kháng khuẩn TG Ares man 2.0
Thoi Trang Nam,"Quần lót nam, quần boxer nam Ares Man chất thun lạnh mềm mịn siêu mát, thấm hút mồ hôi"
Thoi Trang Nam,"Áo len Gile nam đẹp, áo len gilê nam LNA28"
Thoi Trang Nam,Hộp 5 quần lót nam xuất Nhật màu ngẫu nhiên siêu đẹp
Thoi Trang Nam,Áo sơ mi nam form rộng tay dài kiểu trẻ trung hàn quốc chất lụa mềm mịn mát ít nhăn- MRD04
Thoi Trang Nam,Dây dầu màu trước sau độ xe máy dáng thể thao siêu bền đẹp lắp các loại xe
Thoi Trang Nam,Áo thun TMAG - BASIC TEE - Hàng Chính Hãng
Thoi Trang Nam,Áo thun nam kiểu dáng Hàn quốc - phong cách lịch lãm (D2)
Thoi Trang Nam,"Áo Thun Nam Ngắn Tay Không Cổ US ARMY U229, Chất Liệu Cotton Thoáng Mát, Mềm Mịn, Mát, Bền Màu-HÀNG CHÍNH HÃNG"
Thoi Trang Nam,Quần âu nam Hiền Trần BOUTIQUE công sở chất vải chéo 79 cao cấp
Thoi Trang Nam,Quần lót nam 292
Thoi Trang Nam,Áo Khoác Big Size Áo Khoác Dù Nam Có Cổ Trụ Chống Nắng Chống Nóng Chống Lạnh Chống Gió 2 Lớp Phối Logo Sọt Thời Trang Nam Tính Hàn Quốc Giá Tốt AD70  - M
Thoi Trang Nam,Áo Khoác Big Size Nam Nữ Áo Khoác Dù Nam Nữ Chống Nắng Chống Nóng Chống Tia Cực Tím UV Chống Lạnh Gió Hàn Quốc Cao Cấp ShopN6 - TM19
Thoi Trang Nam,Áo Khoác Nam Áo Khoác Kaki Nam Big Size Cổ Cao Hai Lớp Chống Nắng Chống Lạnh Hàn Quốc Cao Cấp AK35 - ShopN6 (Nhiều Màu)
Thoi Trang Nam,MAY 10 - Quần ĐÙI mặc nhà + mặc ngủ (HÀNG HIỆU GIÁ SHOCK)
Thoi Trang Nam,"Quần short nam có Big Size 115kg lưng thun co giãn 4 chiều ,quần đùi nam thể thao cao cấp ShopN6 - QSB1 (sọc ngẫu nhiên)"
Thoi Trang Nam,Quần kaki nam Aligro ALGK052
Thoi Trang Nam,"Quần bơi nam giới dáng vừa, độ dài trên gối, chất thun bơi lạnh dày đẹp, co giãn 4 chiều ôm đùi gọn gàng dễ chịu, thoáng mát nhanh khô | BN005"
Thoi Trang Nam,Áo Thun Nam Cổ Bẻ Thời Trang Cao Cấp ShopN6 - AT1
Thoi Trang Nam,Bộ 5 quần sịp đùi xuất Nhật chất lụa cao cấp
Thoi Trang Nam,Bộ 4 Quần Boxer Đúc Cao Cấp Nhật Bản Cho Nam
Thoi Trang Nam,"Quần dài nam dây rút eo chất linen dáng suông, dày dặn đứng form, không bai nhão xù lông Qd10"
Thoi Trang Nam,Áo sơ mi nam Routine button down chất liệu oxford - smart shirt . Fitted - 10S24SHL002CR3 / 10S25SHL005 | ROUTINE CÀ MAU
Thoi Trang Nam,"Bộ bơi nam quần 2 lớp trẻ trung nam tính thời trang, đồ bơi đồ tập kín đáo chống lộ, chất thoáng khí nhanh khô, áo thun bơi co giãn tốt, có size lớn | BN032"
Thoi Trang Nam,Áo thun nam T-Shirt TS063 Leman vải Cotton thấm hút tốt kiểu dáng Slimfit
Thoi Trang Nam,Áo len nam hàng hiệu khóa kéo LNA04
Thoi Trang Nam,Áo len nam cổ tròn dệt kim công sở LNA20
Thoi Trang Nam,Áo Sơ Mi Form Rộng GIẤU NÚT Tay Dài Hàn Quốc Áo Unisex Nam Nữ Vải Lụa Mềm Mịn Thoáng Mát Ít Nhăn - SMD02
Thoi Trang Nam, (Có size lớn) Hộp 4 quần lót boxer nam William WS60 - Quần sịp đùi lưới thông hơi thoáng mát
Thoi Trang Nam,Quần boxer nam
Thoi Trang Nam,Combo bộ 6 Quần lót nam cotton cao cấp thoáng mát Từ 50kg đến 90kg( màu ngẫu nhiên)
Thoi Trang Nam,Áo thun nam ngắn tay không cổ cotton thoáng mát FREEMAN TSF313
Thoi Trang Nam,"Bộ bơi đôi dài tay Nam và Nữ, set 3 chi tiết quần dài chống nắng, đồ bơi cho couple, có size nhỏ cho bé mặc đồ gia đình | KT022 | BN022"
Thoi Trang Nam,Áo khoác dù chống thấm nước 2 lớp cao cấp Bonado AK34 - Đen
Thoi Trang Nam,Combo 05 Quần Lót Nam Vải Thun Lạnh Cao Cấp KhoNCC Viền Lưng Bản To Nhiều Màu - NQL-QLNHR-5c - Hàng Chính Hãng
Thoi Trang Nam,Áo Khoác Nam Áo Khoác Dù Lót Nỉ Nam Hai Lớp Chống Gió Chống Lạnh Chống Nắng Đơn Giản Cao Cấp AD66 - ShopN6 (Nhiều Màu)
Thoi Trang Nam,"Quần Bơi Nam Boxer Có Túi CLEACCO DEENYT Chất Liệu Nylon Cao Cấp , Chống Thấm , Nhanh Khô Form Fitness Thời Trang (Tặng kèm nón bơi + bịt tai silicon) - Hàng Chính Hãng"
Thoi Trang Nam,Áo Khoác Dù Nam Nữ Đi Mưa
Thoi Trang Nam,"Quần lót nam tam giác thun cotton co giãn tốt, sịp nam cao cấp lưng thun cạp to, thiết kế trẻ trung đơn giản và sang trọng QLCC019"
Thoi Trang Nam,Combo 4 Quần Lót Nam Quần Sịp Nam Sợi Cotton Cao Cấp MRM FASHION Mix 2 Màu TẶNG Đôi Tất Nam Cao Cấp
Thoi Trang Nam,"Quần lót nam thun lạnh không đường may, sịp nam tam giác cao cấp chất liệu thoáng mát, mềm mịn QLW606"
Thoi Trang Nam,Áo sơ mi trơn tay dài
Thoi Trang Nam,ÁO THUN NAM 100% COTTON THIÊN NHIÊN - 6 MÀU
Thoi Trang Nam,Áo Khoác Kaki Nam Hai Lớp Simple Cao Cấp ShopN6-KK35
Thoi Trang Nam,Quần lót nam thun lạnh - QL005
Thoi Trang Nam,"Combo 10 Quần lót nam, sịp chéo nam xuất Nhật thời trang cao cấp"
Thoi Trang Nam,Áo sơ mi tay dài Khatoco (M-2XL)
Thoi Trang Nam,"Bộ Pyjama HUONGTAM Lentol tay dài  nam cao cấp(PDT01N19). Chất liệu vải loại tốt:  mềm mại, thoáng mát, không phai màu"
Thoi Trang Nam,Áo khoác raglan dây kéo. Loose - ROUTINE 10F25WJA002
Thoi Trang Nam,Quần tây nam không ly Khatoco Q1M528R0-INMA054-2507-0
Thoi Trang Nam,Quần lót nam cotton du lịch ETRAVEL dùng 1 lần
Thoi Trang Nam,Áo len nam cổ lọ ấm áp LNA10
Thoi Trang Nam,Áo sơ mi nam dài tay màu đen dáng suông May 10 mã 010122912L2
Thoi Trang Nam,Áo Sơ Mi Nam Trắng Công Sở Thương Hiệu ANTON  Dài Tay Họa Tiết Kẻ Sọc Cotton - AT205
Thoi Trang Nam,Combo 3 Quần Lót Nam NOVELTY Chất Liệu Polyamide Mềm Mại Thoáng Mát Dễ Chịu Co Giãn Thoải Mái
Thoi Trang Nam,Áo khoác nam Áo khoát nam kaki chống nắng rẻ from rộng trơn cực chất siêu chất
Thoi Trang Nam,Hộp 5 quần lót nam cotton cao cấp xuất Nhật
Thoi Trang Nam,Quần lót nam Roman cao cấp - 2 lưng với chất liệu thun lạnh silk 4 chiều cực mát
Thoi Trang Nam,"Quần bơi nam lửng màu trơn đơn giản, đồ bơi nam form dài trên gối thiết kế trẻ trung QB022"
Thoi Trang Nam,"Áo sơ mi nam dài tay ALIGRO chất liệu pirma cotton mềm mịn, kiểu dáng đơn giản, tinh tế ALGS159"
Thoi Trang Nam,Áo thun Polo nam Novelty màu đỏ NATMMTMT3R180079N
Thoi Trang Nam,Áo thun Polo nam Novelty 180019N
Thoi Trang Nam,"Combo 3 Quần lót nam boxer Freeman, chất liệu thun lạnh, thiết kế kẻ sọc trẻ trung BO772"
Thoi Trang Nam,Combo 2 quần đùi - Cotton co giãn 4 chiều
Thoi Trang Nam,Áo Khoác KaKi Nam Hàn Quốc Thời Trang Cao Cấp (unisex nam nữ đều mặc được) trái đất
Thoi Trang Nam,Áo Khoác Kaki Nam 2 Lớp Giả Vest Phối Khóa Ngực Cao Cấp ShopN6 - KK42 (Nhiều Màu)
Thoi Trang Nam,Combo 2 quần đùi nam cotton co giãn 4 chiều
Thoi Trang Nam,Combo 3 quần lót nam Boxer sợi tre tự nhiên mềm mịn thoáng mát co giãn 4 chiều MRM Manlywear Tặng đôi tất nam Cao Cấp -Màu Ngẫu Nhiên
Thoi Trang Nam,ÁO KHOÁC COTTON 2 TRONG 1
Thoi Trang Nam,Quần Short Nam Winfa Từ 50-95kg 6 Màu
Thoi Trang Nam,Bộ 10 Quần Lót Nam Chéo Nhật Bản Cao Cấp Thoáng Mát (Giao Màu Ngẫu Nhiên)
Thoi Trang Nam,"Bộ Pyjama HUONGTAM Phi tay dài nam cao cấp(PDP01N11). Chất liệu vải polyester mềm mại, thoáng mát, không phai màu"
Thoi Trang Nam,"Quần dài nam dáng suông basic, thiết kế khuy khóa trước kèm dây rút và bản lưng chu phía sau, thời thượng, phong cách"
Thoi Trang Nam,Quần Kaki Túi Hộp Retro (nam nữ ) chất liệu kaki bền bỉ mềm mịn
Thoi Trang Nam,Quần Jean nam cao cấp ống đứng le511 màu xanh trung vải xuất khẩu xướt nhẹ dáng slimfit vải co giãn
Thoi Trang Nam,Áo Sơ Mi Nam Công Sở Trung Niên Anton Somianton Xanh Trơn Ngắn Tay Vải Cotton - XSN14
Thoi Trang Nam,Áo Thun Có Cổ Nhiều Màu Cho Nam Và Nữ
Thoi Trang Nam,"Quần bơi boxer nam loại đẹp dầy dặn, thiết kế chuyên nghiệp, chất thun bơi lạnh cao cấp mau khô, ôm gọn chống lộ | BN002"
Thoi Trang Nam,Áo Sơ Mi Nam Công Sở Trung niên Ngắn tay Họa Tiết Chấm Bi Nhỏ Màu Trắng Vải Cotton thương hiệu Anton 808
Thoi Trang Nam,Quần lót nam vải thun lạnh
Thoi Trang Nam,Áo Khoác Big Size Nam Nữ Áo Khoác Kaki Bomber Nam Nữ Chống Nắng Chống Lạnh Chống Gió Chống Nóng Hai lớp Thời Trang FS Hàn Quốc Nam Tính Giá Rẻ Cao Cấp WK46 - ShopN6
Thoi Trang Nam,QUẦN LÓT NAM VIỆT TIẾN
Thoi Trang Nam,"Combo 5 quần lót nam,sịp nam cao cấp(ROMAN,HEROMAN,TONNY) 5 màu,đùi boxer, lưng thun 3cm - Thun lạnh cực thoáng"
Thoi Trang Nam,"Áo khoác jean nam đắp hình Why, áo bò nam xanh cơ bản trẻ trung năng động"
Thoi Trang Nam,"ÁO THUN TAY NGẮN CÓ CỔ PHỐI TÚI SỌC ĐỘC ĐÁO, PHONG CÁCH LỊCH LÃM - LZ FASHION - LZPS143"
Thoi Trang Nam,Áo Khoác Nam Big Size Áo Khoác Dù Nam Cổ Cao Chống Lạnh Chống Gió Chống Nắng Tia UV Cao Cấp Nam Tính Hàn Quốc QM19 - ShopN6 (Nhiều Màu)
Thoi Trang Nam,Áo Khoác Jean Nam
Thoi Trang Nam,ÁO KHOÁC DÙ NAM 2 LỚP
Thoi Trang Nam,Quần short thun nam có lưới thông hơi Phúc An 1051 màu
Thoi Trang Nam,"Quần lót nam, Quần ngủ nam lưới thể thao"
Thoi Trang Nam,Áo khoác jean nam JKNA-016
Thoi Trang Nam,COMBO 3 ÁO THUN NAM PHỐI MÀU - 100% COTTON 4 CHIỀU
Thoi Trang Nam,"Quần lót nam, quần sịp nam tam giác cao cấp ARES 03 chất thun lạnh mềm mịn thoáng khí co giãn 4 chiều thấm hút mồ hôi - ARES SHOP"
Thoi Trang Nam,Quần tây nam không ly Khatoco Q1M478R0-INDA313-2503-0-XÁM LÔNG CHUỘT
Thoi Trang Nam,"Áo polo nam ngắn tay ALIGRO chất liệu CVC mềm mịn, co giãn, thấm hút mồ hôi ALGPLO91"
Thoi Trang Nam,Quần tây nam ống suông không ly Khatoco Q1M528R0-INMA049-2407-0-gân
Thoi Trang Nam,Áo khoác nam May10 mã 030122261
Thoi Trang Nam,Áo Sơ Mi Nam Thương Hiệu Anton Dài Tay Công Sở Trung Niên Vải Cotton Họa Tiết Kẻ Caro Màu Xanh - X8566
Thoi Trang Nam,Áo ba lỗ nam chính hãng May 10
Thoi Trang Nam,Áo khoác phao nam hà nội NAP09
Thoi Trang Nam,Áo Gile Nam Lính Mỹ U869 Phong Cách US ARMY - HÀNG CHÍNH HÃNG
Thoi Trang Nam,"Quần Lót Nam Boxer, Sịp Đùi Nam Thương Hiệu Brave Person B1168 - Chất vải siêu thoáng mát, thun lạnh mềm mịn, không gây kích ứng da, màu sắc đa dạng"
Thoi Trang Nam,Áo Khoác Nam Big Size Áo Khoác Kaki Nam Chống Nắng Chống Gió Chống Lạnh Chống Nóng Có Cổ Dày Hai Lớp Đồ Phượt Hàn Quốc Cao Cấp KK51 - ShopN6
Thoi Trang Nam,"Áo thun ngắn tay cao cấp, áo thun nam cổ tròn chất vải dày dặn, đường may đẹp, form áo thoải mái"
Thoi Trang Nam,Áo Khoác Big Size Nam Áo Khoác Dù Nam Chống Nóng Chống Nắng Chống Lạnh Chống Gió Hai Lớp Có Nón Hàn Quốc Cao Cấp WD54 - ShopN6
Thoi Trang Nam,Áo Khoác Kaki Nam Áo Khoác Nam Hai Lớp FS Chống Nắng Chống Lạnh Cao Cấp KK46 - ShopN6 (Nhiều Màu)
Thoi Trang Nam,ÁO KHOÁC KAKI NAM 03
Thoi Trang Nam,ÁO KHOÁC KAKI NAM
Thoi Trang Nam,Quần Đi Bơi Nam Thời Trang 410
Thoi Trang Nam,Combo 3 Quần Lót Nam Quần Sịp Đùi Sợi Cotton Cao Cấp MRM FASHION 1 màu TẶNG Đôi Tất Nam Cao Cấp
Thoi Trang Nam,ÁO KHOÁC DÙ
Thoi Trang Nam,Quần jean nam Q62 (Xanh nhạt)
Thoi Trang Nam,Áo khoác nam áo gió vải gió cao cấp 2 lớp chống nắng tia UV và chống nước
Thoi Trang Nam,Quần kaki xám túi hộp nam chất liệu kaki cotton bền bỉ thấm hút mồ hôi tốt style bụi bặm
Thoi Trang Nam,"Áo Thun Nam Cổ Tròn NAVY, XÁM Đầy Phong Cách 100% Cotton Cao Cấp - Gold Rhino"
Thoi Trang Nam,Áo sơ mi nam tay dài form suông Khatoco A1MD498T1-CNCR317-2504-D công nghệ NANO
Thoi Trang Nam,"Quần Short NamThể Thao Thanh Lịch US ARMY 8898 Trẻ Trung, Năng Động, Nam Tính -HÀNG CHÍNH HÃNG"
Thoi Trang Nam,Áo Khoác Big Size Nam Nữ Có Nón Áo Khoác Dù Nam Nữ Chống Nắng Chống Nước Chống Gió Chống Tia uv Cực Tím Cao Cấp UD54 - ShopN6
Thoi Trang Nam,"Bộ đồ bơi nam quần lửng, phom ôm người gọn gàng, chất thun bơi lạnh chuẩn dày đẹp, mịn mát mau khô, co giãn cao | BN010"
Thoi Trang Nam,QUẦN THUN NAM THỂ THAO CAO CẤP CÓ SIZE DƯỚI 82KG
Thoi Trang Nam,"Áo khoác dù , áo khoác gió nam nữ mặc , áo khoác vải dù 2 lớp chống nắng chống lạnh tốt"
Thoi Trang Nam,Áo Khoác Nam Áo Khoác Dù Nam Hai Lớp Cổ Cao Chống Nắng Tia Cực Tím Chống Lạnh Giá Tốt AD60 - ShopN6 (Nhiều Màu)
Thoi Trang Nam,Quần Short Nam Thời Trang Cao Cấp S721 - Quần Đùi Nam Đi Biển Trẻ Trung Hiện Đại - Thiết Kế Dây Chun Buộc Thể Thao Cá Tính
Thoi Trang Nam,Áo Khoác Dù Nam
Thoi Trang Nam,Áo Khoác kaki nam
Thoi Trang Nam,Áo sơ mi trắng dài tay vải kate
Thoi Trang Nam,Áo Khoác Nam Áo Khoác Dù Nam Cao Cấp-AD27
Thoi Trang Nam,Áo Khoác Dù Nam 2 Lớp Chống Nắng Chống Gió Cao Cấp ShopN6 KM08
Thoi Trang Nam,"Quần lót nam ,quần sịp nam tam giác Ares chất thun lạnh mềm mịn siêu mát, thấm hút mồ hôi - ARES SHOP"
Thoi Trang Nam,"Bộ Pyjama HUONGTAM Kate tay dài nam cao cấp(PDK01). Chất liệu Kate loại tốt:  mềm mại, thoáng mát, không phai màu"
Thoi Trang Nam,"Quần đùi tập gym nam DO GYM SHOP thun poly không xù lông, thoáng mát, logo thêu"
Thoi Trang Nam,"Áo vest blazer Linen nam, Áo blazer nam công sở chất vải linen tự nhiên mềm mại thời trang Đũi Việt"
Thoi Trang Nam,"Quần Âu Nam Công Sở Thương Hiệu Anton Cao Cấp Xếp ly, Chỉnh Cạp Màu Nâu- QA102"
Thoi Trang Nam,Áo Sơ Mi Nam Công Sở Trung Niên Thương Hiệu Anton Dài Tay Kẻ Sọc Đỏ Vải Cotton Mã AC153
Thoi Trang Nam,"Đồ Bơi Nam Và Nữ Couple Tay Dài Che Nắng Kiểu Korea ATI81 MayHomes Chuẩn UPF 50+, Long-Sleeve Rash Guard Swimsuit"
Thoi Trang Nam,"Quần thun nam mặc ngủ, thể thao, tập gym - A077"
Thoi Trang Nam,Quần Túi Hộp Tháo Ống US ARMY U880 Chuyên Phượt Chất Vải Gió Cao Cấp Mau Khô Ống Có Thể Tháo Rời Làm Quần Short -HÀNG CHÍNH HÃNG
Thoi Trang Nam,Quần short lưng thun nam Novelty 1811720
Thoi Trang Nam,Áo thun Polo nam Novelty 200032N
Thoi Trang Nam,ÁO LEN GILE NAM ALIGRO - XÁM NHẠT
Thoi Trang Nam,Áo khoác dù 2 mặt thời trang nam M.O.N Boutique
Thoi Trang Nam,Quần sịp boxer kháng khuẩn Hàn Quốc
Thoi Trang Nam,ÁO KHOÁC NỈ NAM 02
Thoi Trang Nam,Áo Khoác Dù Dày Nam 2 Lớp Chống Nắng Chống Gió Lạnh Cổ Trụ Cao Cấp AD51 - ShopN6 (Nhiều Màu)
Thoi Trang Nam,Áo Polo Nam Novelty NATMSLMCSR191236N - Xám Sọc Trắng
Thoi Trang Nam,Áo Thun Nam Cá Sấu Cổ Bẻ
Thoi Trang Nam,Áo khoác dù dày nam 2 lớp chống nắng gió lạnh cao cấp ShopN6 - KAD46 (Nhiều Màu)
Thoi Trang Nam,Áo Khoác Dù Nam 2 Lớp Adam Shield Phối Khóa Ngực Cao Cấp ShopN6 - AD38 (Nhiều Màu)
Thoi Trang Nam,Quần short jean Q110 MuiDoi
Thoi Trang Nam,COMBO 2 ÁO THUN NAM - COTTON
Thoi Trang Nam,Áo sơ mi trơn tay ngắn
Thoi Trang Nam,Áo Khoác Jean Nam AKB3M
Thoi Trang Nam,Áo len gile Aligro màu ghi sáng ALENGL010
Laptop May Vi Tinh Linh Kien,MacBook Neo A18 Pro
Laptop May Vi Tinh Linh Kien,Màn hình Gaming Xiaomi G24i 2026 ELA6364EU - 24 inch FHD/ IPS/ 200Hz/ GTG 1ms - Hàng Chính Hãng
Laptop May Vi Tinh Linh Kien,Ổ Cứng Di Động SSD Transcend ESD310 1050MB/s - Hàng Chính Hãng
Laptop May Vi Tinh Linh Kien,USB DATO chuẩn 3.0 dung lượng 128GB Bảo hành 5 năm - Hàng chính hãng
Laptop May Vi Tinh Linh Kien,Màn hình Gaming LG UltraGear 24G411A-B.ATV (24 Inch - IPS - FHD - 144Hz) - Hàng chính hãng
Laptop May Vi Tinh Linh Kien,"Miếng dán phím chữ ngôn ngữ Tiếng Anh, chuẩn ngôn ngữ US"
Laptop May Vi Tinh Linh Kien,Màn Hình KTC H27T13 2K 27 inch QHD 120Hz NEW 7ms - Hàng Chính Hãng
Laptop May Vi Tinh Linh Kien,Màn hình Xiaomi A27UI 27 inch (4K/IPS/60HZ/6MS) - Hàng Chính Hãng
Laptop May Vi Tinh Linh Kien,Màn hình Xiaomi A27Qi 2026 ELA6568EU 27 inch (2K/IPS/120HZ/6MS) - Hàng Chính Hãng
Laptop May Vi Tinh Linh Kien,Màn hình MSI PRO MP242L 23.8 inch FHD IPS 100Hz 1ms - Hàng Chính Hãng
Laptop May Vi Tinh Linh Kien,USB 3.2 Gen 1 Acer UM310 SuperSpeed dung lượng 256GB I 512GB I 1TB Bảo hành 5 năm Hàng chính hãng
Laptop May Vi Tinh Linh Kien,Dây cáp mạng LAN đúc sẵn 2 đầu Cat6 UTP Unitek - Hàng chính hãng
Laptop May Vi Tinh Linh Kien,Hộp mực 12A Canon 2900 dành cho Canon LBP 2900/3000 HP Laser Jet 1010/1015/1020/3015/3020/3030/3050  HÀNG CHÍNH HÃNG ALPHA CARTRIDGE
Laptop May Vi Tinh Linh Kien,Dây cáp mạng LAN 2 đầu bấm sẵn - Cáp mạng RJ45 dài từ 1 mét rưỡi đến 50m - Hàng chính hãng
Laptop May Vi Tinh Linh Kien,"Hộp mực 107A Có Chíp  cho HP MFP 135A 135w 137fn 137fw 137fnw - 107w - w1107a tương thích lắp vào là in, mới 100%-Hàng chính hãng Alpha Cartridge"
Laptop May Vi Tinh Linh Kien,"Hộp mực 136A (Có chip) hàng nhập khẩu - Dùng cho máy in Hp Laserjet M211d, M211dw, M236dw - Cartridge 136A - W1360A"
Laptop May Vi Tinh Linh Kien,"Hộp mực Dành Cho máy in Canon LBP 2900, 3000 - 12A / HP LaserJet - 1010/ 1012/ 1015/ 1020/ 1018/ 1022/ 1022n/ 1022nw- Hàng chính hãng Alpha Cartridge "
Laptop May Vi Tinh Linh Kien,Hộp mực dùng cho máy in canon lbp 2900/3000 (hộp mực 12a) hàng chính hãng 
Laptop May Vi Tinh Linh Kien,Hộp mực 85A 35A dành cho máy in Canon LBP 6030w 6000 6030 F158200 HP P1102/P1212/P1102W/1136/1216/1130 - LBP 3010/3050/3020 Hàng chính hãng Alpha Cartridge
Laptop May Vi Tinh Linh Kien,Hộp mực dành cho máy in Canon LBP 6030/ 6030w F158200 HP P1102 / 1102w Hàng chính hãng Alpha Cartridge
Laptop May Vi Tinh Linh Kien,Bộ Phát Router Wifi TP-Link Archer AX23 Wifi 6 Chuẩn AX1800 - HÀNG CHÍNH HÃNG
Laptop May Vi Tinh Linh Kien,"Hộp mực 12A (hàng nhập khẩu) dùng cho máy in Canon LBP 2900, 3000 - HP Laserjet 1020, 1022, MF4320d, MF4350d - Cartridge Q2612A"
Laptop May Vi Tinh Linh Kien,Phần Mềm Diệt Virus BKAV Profressional Internet Security (1 năm) - Hàng Chính Hãng
Laptop May Vi Tinh Linh Kien,Ổ Cứng Di Động WD Elements Portable 2.5 Hàng Chính Hãng
Laptop May Vi Tinh Linh Kien,Ổ Cứng Di Động WD My Passport Hàng Chính Hãng
Laptop May Vi Tinh Linh Kien,Ổ cứng di động Toshiba Canvio Advance Hàng Chính Hãng
Laptop May Vi Tinh Linh Kien,USB Kingston DataTraveler Exodia M USB Flash Drive 32G / 64G / 128G / 256G - Hàng Chính Hãng
Laptop May Vi Tinh Linh Kien,Hộp Mực Cartridge 12A Máy In Canon LBP 2900 (303) 3000 HPQ2612A 1020 M1005 M1010 1018 Có Lỗ Nạp Mực - Hàng Chính Hãng
Laptop May Vi Tinh Linh Kien,"Phần mềm Microsoft 365 Family | 12 tháng | Dành cho tối đa 6 người | 5 thiết bị/tài khoản| Word, Excel, PowerPoint | 1TB OneDrive"
Laptop May Vi Tinh Linh Kien,"Hộp mực máy in Canon 6030 hàng nhập khẩu - Hộp mực 325 dùng cho máy in Canon LBP 6000 6030, 6030w, 3050, 3100 - Cartridge 325 / 312 - 85A mới 100%"
Laptop May Vi Tinh Linh Kien,Màn hình máy tính LG UHD 4K 27'' IPS VESA DisplayHDR 400 27UP600K-W - Hàng chính hãng
Laptop May Vi Tinh Linh Kien,"Phần mềm Office Home 2024 (EP2-06811) | Dùng vĩnh viễn | Dành cho 1 thiết bị | Word, Excel, PowerPoint"
Laptop May Vi Tinh Linh Kien,"Phần mềm Microsoft 365 Personal  | 12 tháng | Dành cho 1 người | 5 thiết bị/tài khoản | Word, Excel, PowerPoint | 1TB OneDrive"
Laptop May Vi Tinh Linh Kien,Máy In Phun Màu Canon Pixma G2010 - Hàng Chính Hãng
Laptop May Vi Tinh Linh Kien,Kaspersky Anti Virus Cho 1 Máy Tính - KAV1U - Hàng chính hãng
Laptop May Vi Tinh Linh Kien,Kaspersky Internet Security Cho 1 Máy Tính - KIS1U - Hàng chính hãng
Laptop May Vi Tinh Linh Kien,Thiết Bị Phát Wifi Di Động 4G LTE-Advanced TP-Link M7350 150Mbps - Hàng Chính Hãng
Laptop May Vi Tinh Linh Kien,Hộp Đựng Ổ Cứng Di Động HDD Box ORICO USB3.0/2.5 - 2588US3 Nhựa Cứng Màu
Laptop May Vi Tinh Linh Kien,Màn Hình ViewSonic VA2708-4K-MHD 27inch 4K/60HZ/1MS/LOA - Hàng Chính Hãng
Laptop May Vi Tinh Linh Kien,Phần Mềm Diệt Virus BKAV Profressional Internet Security 1 PC 3 Tháng - QUÀ TẶNG BKAV - Hàng chính hãng
Laptop May Vi Tinh Linh Kien,Hộp mực 057 Có Chip dành Canon LBP 223dw 226dw 228x MF453dw MF440 MF445dw MF449x -Hàng chính hãng Alpha Cartridge
Laptop May Vi Tinh Linh Kien,Dây Nguồn dành cho laptop ARIGATO - Hàng chính hãng
Laptop May Vi Tinh Linh Kien,"Dây nguồn dùng cho máy tính PC, màn hình máy tính, nồi cơm điện, máy in, máy chiếu và các thiết bị điện tử khác - Hàng chính hãng"
Laptop May Vi Tinh Linh Kien,"Dây nguồn máy tính laptop hàng xịn loại 1, dây dài 1 mét rưỡi, ổn định, chất lượng - Power cable laptop - Hàng chính hãng"
Laptop May Vi Tinh Linh Kien,Dây cáp mạng LAN đúc sẵn 2 đầu Cat6E UTP Arigato - Hàng chính hãng
Laptop May Vi Tinh Linh Kien,Hộp mực máy in HP 107a / 107w (có chip) hàng nhập khẩu - Dùng cho máy in HP Laser MFP 107a / 107w - Cartridge 107A / W1107A mới 100% [Full Box] 
Laptop May Vi Tinh Linh Kien,USB KIOXIA 32GB/64GB/128GB U301 USB 3.2 Gen 1 - Hàng chính hãng
Laptop May Vi Tinh Linh Kien,Hộp mực AZ D101S dùng cho máy in Samsung ML 2160/ 2161/ 2165w SCX 3400/ 3401/ 3405F - Hàng chính hãng
Laptop May Vi Tinh Linh Kien,"Hộp Mực AZ 12A/303 dùng cho máy in Hp 1020, 1010, 1022, 3050, 1319f, Canon 2900 hàng chính hãng"
Laptop May Vi Tinh Linh Kien,"Hộp mực Prospect 12A/303/FX9 dùng cho máy in Canon LBP 2900, MF 4320d, 4350d, 4380dn Hp 1020, 1022 hàng chính hãng"
Laptop May Vi Tinh Linh Kien,Máy in laser đen trắng Brother DCP-B7620DW (A4/A5/ In/ Copy/ Scan/ Đảo mặt/ USB/ LAN/ WIFI) - Hàng Chính Hãng
Laptop May Vi Tinh Linh Kien,Máy in laser đen trắng Brother DCP-B7640DW (A4/A5/ In/ Copy/ Scan/ Đảo mặt/ ADF/ USB/ LAN/ WIFI) - Hàng Chính Hãng
Laptop May Vi Tinh Linh Kien,Ổ cứng di động WD My Passport New USB 3.2 1TB/2TB/4TB/5TB Hàng Chính Hãng
Laptop May Vi Tinh Linh Kien,Sạc cho Laptop Dell Vostro 5460 5470 5480 5560 - Hàng Nhập Khẩu New Seal
Laptop May Vi Tinh Linh Kien,Bộ Chuyển Đổi USB WiFi TP-Link Archer TX20U Plus Ăng Ten Kép Độ Lợi Cao AX1800 - Hàng Chính Hãng
Laptop May Vi Tinh Linh Kien,USB Acer UP300 tốc độ đọc/ghi lên đến 120 MB/s - Hàng chính hãng bảo hành 5 năm - Thiết bị lưu trữ dung lượng 8GB - 1TB
Laptop May Vi Tinh Linh Kien,"Hộp mực 83A / Cartridge 137 / 337 Legend nhập khẩu - HP Pro M127FN, M125A - Canon MF211, MF212W, MF221D, MF215, MF217W, 151DW, MF240, MF241D, MF226DN"
Laptop May Vi Tinh Linh Kien,Hộp Mực In Cartridge 12A Cho Máy Canon LBP 2900 3000 Q2612A FX9 FX10 103 303 703 104 304 Có Lỗ Nạp Mực - Hàng Chính Hãng
Laptop May Vi Tinh Linh Kien,USB SanDisk CZ600 - USB 3.0 - Hàng Chính Hãng
Laptop May Vi Tinh Linh Kien,Mực nạp 12A hàng chính hãng Alphacartridge dành cho hộp mực 26A 05A 49A FX9  máy in Canon 2900 3000 3300 6300 251dw 252dw HP 1010 1020 2055 Pro 400 m402 m402nw 1230 
Laptop May Vi Tinh Linh Kien,"Hộp mực Canon 325 cho máy in Canon LBP 6030, 6030w, 6000, MF3010"
Laptop May Vi Tinh Linh Kien,"Combo 5 lọ mực HA1005 - Nạp ( đổ ) cho hộp mực 35A/36A/78A/83A/85A của các mã máy in HP 1005, 1006, Canon 3010/ 3050 / 3100/ HP 1505, M1120, M 1512, 1520, 1522 - Canon 3250/HP 1530, 1536, 1566, 1606, Canon 6200, 6230, 4400, 4410, 4430, 4450, 4550, 4580, 4"
Laptop May Vi Tinh Linh Kien,Mực nước Inktec dùng cho máy in phun màu Epson - Loại 1 lít (1.000ml) - Hàng chính hãng
Laptop May Vi Tinh Linh Kien,Dây Cáp Mạng Orico PUG-C6B- CAT6 (Đen) Hàng Chính Hãng
Laptop May Vi Tinh Linh Kien,Hộp mực TN 2385 dùng cho máy in Brother HL-L2320D/ 2321D/ 2340DW
Laptop May Vi Tinh Linh Kien,"Mực in phun Thuận Phong TP50 (1L) dùng cho máy in phun Epson, HP, Canon"
Laptop May Vi Tinh Linh Kien,Hộp Mực In 05A-247Min dùng cho dòng máy in HP 2005/2030/2050/2055
Laptop May Vi Tinh Linh Kien,Bộ Kích Sóng Wifi Repeater Băng Tần Kép AC750 TP-Link RE200 - Hàng Chính Hãng
Laptop May Vi Tinh Linh Kien,Phần Mềm Diệt Virus BKAV Profressional 1 PC 12 Tháng - Hàng Chính Hãng
Laptop May Vi Tinh Linh Kien,Hộp 10 Cái Đầu Bấm Mạng Ugreen RJ45 CAT6 20333 - Hàng Chính Hãng
Laptop May Vi Tinh Linh Kien,Máy In Laser Đơn Năng Brother HL-L2366DW - Hàng Chính Hãng
Laptop May Vi Tinh Linh Kien,Bộ Phát Wifi TP-Link Archer C50 Băng Tần Kép AC1200 - Hàng Chính Hãng
Laptop May Vi Tinh Linh Kien,Kaspersky Internet Security Cho 5 Máy Tính - KIS5U - Hàng chính hãng
Laptop May Vi Tinh Linh Kien,Ổ Cứng Di Động WD Elements 2TB 2.5 USB 3.0 - WDBU6Y0020BBK - Hàng chính hãng
Laptop May Vi Tinh Linh Kien,"Brother TN-2385 Toner Mực Cho Máy In HL-L2321D, HL-2361DN, HL-2366DW, MFC-L2701D, MFC-L2701DW - Hàng Chính Hãng"
Laptop May Vi Tinh Linh Kien,Màn Hình Viewsonic VA2732A-H 120Hz 27inch Full HD IPS - Hàng Chính Hãng
Laptop May Vi Tinh Linh Kien,Màn Hình Viewsonic VA2432A-H 24inch 120Hz Full HD IPS - Hàng Chính Hãng
Laptop May Vi Tinh Linh Kien,Switch 8 Port TP-Link 10/100/1000M TL-SG108 - Hàng Chính Hãng
Laptop May Vi Tinh Linh Kien,Hộp mực dành cho Máy in Brother DCP 2520dw 2540dw -HL-L2321D HL-2361DN HL-2366DW MFC-L2701D MFC-L2701DW - TN 2325/2385 Mới 100%-CÓ LỔ ĐỔ MỰC Hàng chính hãng Alpha Cartridge 
Laptop May Vi Tinh Linh Kien,"HCM- COMBO 4 màu Mực in màu Epson 003 70ml dùng cho máy in  L1110/ L3110/ L3150/ L5190/ L1216/ L1210/ L3216/ L3210/ L3250/ L3256/ L5290, hàng nhập khẩu."
Laptop May Vi Tinh Linh Kien,Bột từ Type 28: Dùng cho máy photocopy Ricoh 1900/ 2000/ 2001/ 2501/ 2851/ 2852/ 3351/ 3352. 3353 161/ 171/  201SP /  301SP / MP2001/ 2501/  MP 2014/ MP 2700 / MP 2701/ MP 2702 ( HA - Hàng nhập khẩu )
Laptop May Vi Tinh Linh Kien,Pin Tương Thích Cho Laptop Dell Xps 15 9500 9510 9520 69Kf2 - Hàng Nhập Khẩu New Seal TEEMO PC TEBAT1291
Laptop May Vi Tinh Linh Kien,Hộp mực dành cho Brother DCP 7535dw 7620dw 7640dw-HL B2000d B2080dw 2082dw 2100d 2180dw -MFC 7715dw 7810dw TN B022  Hàng chính hãng Alpha Cartridge
Laptop May Vi Tinh Linh Kien,USB Thu Wifi cho PC - Laptop LB-Link NaNo Tiện Lợi - Hàng Nhập Khẩu
Laptop May Vi Tinh Linh Kien,"Combo 5 chai Mực Nạp LN 12A-26A dùng cho máy in Canon 2900, Hp 1020,... đậm đẹp, ít thải 140g + 1 Phễu - hàng chính hãng"
Laptop May Vi Tinh Linh Kien,Hộp Mực 85A dành cho Canon F166400 F158200 6030w 6000 6030 3050 6018 312-325 MF 3010 Mực in HP P1102 P1102w M1136 M1130 M1132mf M1212nf M1139 -Có Lỗ Đổ Mực- Hàng chính hãng Alpha Cartridge
Laptop May Vi Tinh Linh Kien,Mực in Dành Cho Máy Canon 2900/L11121E - Hộp mực 12A HP 1010/ 1015/ 1018/ 1020/ 3015/ 3020/ 3030/ 3050/ 3055/ M1005MFP Hàng chính hãng Alpha Cartridge
Laptop May Vi Tinh Linh Kien,Ổ ĐĨA DVD RW CẮM NGOÀI CHO LATOP DESTOP OS ĐỜI MỚI  usb 3.0 và cổng Type C -Hàng Chính Hãng
Laptop May Vi Tinh Linh Kien,USB Acer UM310 32GB | 64GB | 128GB | 256GB | 512GB tốc độ đọc lên đến 115 MB/s USB 3.2 Gen 1 - Hàng chính hãng bảo hành 5 năm
Laptop May Vi Tinh Linh Kien,Bộ Chia Tín Hiệu Switch TP-Link LS1008G Để Bàn 8 Cổng 10/100/1000Mbps - Hàng Chính Hãng
Laptop May Vi Tinh Linh Kien,Ổ Cứng Di Động Toshiba Canvio Ready Hàng Chính Hãng
Laptop May Vi Tinh Linh Kien,Máy in HP LaserJet M211dw (9YF83A) - Hàng chính hãng
Laptop May Vi Tinh Linh Kien,Máy in phun màu Canon Ts207- hàng chính hãng
Laptop May Vi Tinh Linh Kien,Hộp Mực In 83A/CF83A (VIET Toner) dùng cho máy in HP M125/ 125FW/ 125A/ 125nw/ M126/ M127/ M127FN/ M201/ M201DW/ M225MFP (Hàng chính hãng)
Laptop May Vi Tinh Linh Kien,TOTOLINK - A720R - Router băng tần kép AC1200 - Hàng chính hãng
Laptop May Vi Tinh Linh Kien,Màn Hình ViewSonic VA2732-H-2 27inch 100Hz IPS - Hàng Chính Hãng
Laptop May Vi Tinh Linh Kien,Mực photocopy Thuận Phong dùng cho máy Ricoh Aficio 1060/ 1075/ 2051/ 2060/ 2075/ MP 5500/ 6000/ 6001/ 6002/ 6500/ 7000/ 7001/ 7500/ 7502/ 8000/ 8001/ 9001/ 9002 - Hàng Chính Hãng
Laptop May Vi Tinh Linh Kien,Hộp mực  78A dành cho máy in HP 1536DNF/P1566/1606.......- HÀNG NHẬP KHẨU
Laptop May Vi Tinh Linh Kien,Hộp mực 12a dành cho máy in LBP 2900/ hp 1020/ 1010 - NHẬP KHẨU
Laptop May Vi Tinh Linh Kien,Bộ Phát Wifi TP-Link TL-WR820N Chuẩn N 300Mbps - Hàng Chính Hãng
Laptop May Vi Tinh Linh Kien,Hộp mực 12A cho máy in 2900 3000 HP. 1010 1020 - Q2612A
Laptop May Vi Tinh Linh Kien,Hộp mực dành cho máy in Laser Brother HL-L2321D.
Laptop May Vi Tinh Linh Kien,Bộ Phát Wifi Router 4G LTE Băng Tần Kép AC750 TP-Link Archer MR200 - Hàng Chính Hãng
Laptop May Vi Tinh Linh Kien,Bộ Chuyển Đổi Không Dây TP-Link TL-WN881ND PCI Express Chuẩn N 300Mbps - Hàng Chính Hãng
Laptop May Vi Tinh Linh Kien,Màn Hình Viewsonic VX2758A-2K-PRO-4 27inch 2K 180Hz QHD - Hàng Chính Hãng
Laptop May Vi Tinh Linh Kien,Mực nạp Brother dành cho hộp mực TN 2280 2385 1010 B022 Máy in HL1111/1511/2321/2340/2360/2361/2240/2280/2380 MFC1601/2701/2720/2740/7060/7360 hàng chính hãng Alpha cartridge
Laptop May Vi Tinh Linh Kien,"Hộp mực TN 2385 dành cho Brother HL-L2321D HL-2361DN HL-2366DW MFC-L2700dw MFC-L2701DW 2300D/2320D/L2340DW/L2360DW/L2380DW/L2321D/L2361DW DCP-L2520DW/L2540DW MFC-L2700DW -Chất lượng cao Mới 100%, Full hộp Hàng chính hãng Alpha Cartridge "
Laptop May Vi Tinh Linh Kien,Hộp Mực 85A dành cho Canon LBP 6030w F166400 6000 6030 3050 6018 312-325 MF 3010 Mực in HP P1102 P1102w M1136 M1130 M1132mf M1212nf M1139 - Hàng chính hãng Alpha Cartridge 
Laptop May Vi Tinh Linh Kien,USB 3.2 Team Group C175 32GB - Hàng chính hãng
Laptop May Vi Tinh Linh Kien,Hộp mực in 119A (có chip) cho máy in HP Color Laser 150a/150nw/178nw/179fnw - Hàng nhập khẩu
Laptop May Vi Tinh Linh Kien,"Hộp mực 337 dành cho Canon MF211, MF221D, MF215, MF241D LBP151dw MF 237W/ 247DW/ 211D/ MF212W/ MF221D/ MF241D/ MF215/ MF217W/ MF226DN/ MF229DW/ MF 236N/ MF244DW -83A CHO HP M125 125fw 125A M126 127 M127fw M201 Hàng chính hãng Alpha Cartridge"
Laptop May Vi Tinh Linh Kien,"Hộp mực 05A / 80A (hàng nhập khẩu) dùng cho máy in HP Pro 400 M401, M425, P2035, P2055 - Canon LBP 251DW, 252DW, MF416DW - Cartridge CE505A - CF280A"
Laptop May Vi Tinh Linh Kien,"Mực Prospect 664 dùng cho máy in Epson L110, L120, L210, L220, L300, L310, L350, L650, L655, L1300 trong lượng 70ml - Hàng chính hãng"
Laptop May Vi Tinh Linh Kien,"Hộp Mực AZ TN 2385 Dùng cho máy in Brother HL 2321D, 2361DN, 2366DW, DCP L2520, MFC L2701D, L2701DW - Hàng chính hãng"
Laptop May Vi Tinh Linh Kien,Hộp Mực 80A cho HP P2035 2035N 2055D 2055DN HP Pro 400 M401d M401n M401dn M401dw M425dn và Canon LBP 251DW 252DW 6300dn 6650DN 6670DN 6680X -  05A CRG 319 CE505A/CF280A Hàng chính hãng Alpha Cartridge
Laptop May Vi Tinh Linh Kien,USB Team Group C141 8GB - Hàng Chính Hãng
Laptop May Vi Tinh Linh Kien,Box Orico Đựng Ổ Cứng HDD/SSD 2.5 inch 25PW1-U3-BK - Hàng chính hãng
Laptop May Vi Tinh Linh Kien,Hộp mực cho máy in HP Neverstop Laser 1000w / 1000a hàng nhập khẩu mới 100% [Full box] -  103A / W1103A
Laptop May Vi Tinh Linh Kien,"Hộp mực 337 - Hộp mực Canon mf241d hàng nhập khẩu dùng cho máy in Canon MF211, MF212w, MF215, MF217w, MF220, MF221d, MF230, MF232w, MF235, MF237w, MF240, MF244dw, MF246dn, MF249dw, LBP 151dw - Cartridge 337 - 83A mới 100%"
Laptop May Vi Tinh Linh Kien,Hộp Mực In Cartridge 12A Máy HP 1010 1012 1015 Q2612A FX9 FX10 103 303 703 104 304 Có Lỗ Nạp Mực - Hàng Chính Hãng
Laptop May Vi Tinh Linh Kien,Bộ Phát Wifi 6 TP-Link Archer AX73 Gigabit Băng Tần Kép AX5400 - Hàng Chính Hãng
Laptop May Vi Tinh Linh Kien,Hộp Mực In Premium 48A (CF248A) - Hàng Nhập Khẩu
Laptop May Vi Tinh Linh Kien,"USB Hoco ( 8G, 16G, 32G, 64G, 128G) - Tăng 1 Dây Đeo Điện Thoại To Bản  - Hàng Chính Hãng"
Laptop May Vi Tinh Linh Kien,Thiết Bị Mở Rộng Sóng Wifi chuẩn N- TOTOLINK EX200- Hàng Nhập Khẩu
Laptop May Vi Tinh Linh Kien,"Hộp mực in 85A cho máy in HP P1102, HP M1132 MFP, HP M1212NFA"
Laptop May Vi Tinh Linh Kien,Trống máy in Brother HL-2385/L2320D/2321D/2340DW/2360DN/2361dn/2365DW - Hàng nhập khẩu
Laptop May Vi Tinh Linh Kien,Máy Scan Canon Lide 300 - Hàng Chính Hãng
Laptop May Vi Tinh Linh Kien,Mực In Brother BTD60BK - Hàng Chính Hãng
Laptop May Vi Tinh Linh Kien,Dây mạng bấm sẵn 2 đầu Cat6 UTP Patch Cords dài 5M UGREEN NW102 11204 - Hàng chính hãng
Laptop May Vi Tinh Linh Kien,Máy In Phun Màu Canon Pixma G1010 - Hàng Chính Hãng
Laptop May Vi Tinh Linh Kien,Đầu Nối Dây Mạng Ugreen RJ45 20390 - Hàng Chính Hãng
Laptop May Vi Tinh Linh Kien,"Hộp Mực In 85A HM247 Dùng Cho Máy In HP 1102, P1102W, M1212, M1132 - Hàng Nhập Khẩu"
Laptop May Vi Tinh Linh Kien,Dây Mạng Bấm Sẵn 2 Đầu CAT6 UTP Patch Cords NW102 11202 (2m) - Xanh - Hàng Chính Hãng
Laptop May Vi Tinh Linh Kien,Kaspersky Anti Virus Cho 3 Máy Tính - KAV3U - Hàng chính hãng
Laptop May Vi Tinh Linh Kien,Kaspersky Internet Security Cho 3 Máy Tính - KIS3U - Hàng Chính Hãng
Laptop May Vi Tinh Linh Kien,"Brother DR-2385 Drum Cho Máy In HL-L2321D, HL-2361DN, HL-2366DW, MFC-L2701D, MFC-L2701DW - Hàng Chính Hãng"
Laptop May Vi Tinh Linh Kien,Máy In Laser Đen Trắng Đơn Năng Brother HL-L2321D Duplex - Hàng Chính Hãng
Laptop May Vi Tinh Linh Kien,Máy In Laser Đơn Năng Canon LBP 6030 - Hàng chính hãng
Laptop May Vi Tinh Linh Kien,Router Wifi Chuẩn N 300Mbps TP-Link TL-WR840N - Hàng Chính Hãng
Laptop May Vi Tinh Linh Kien,Kệ đỡ giá đỡ đế tản nhiệt cho ipad máy tính bảng hợp kim nhôm gấp gọn xoay 360 độ nhiều nấc độ cao K31- Hàng chính hãng
Laptop May Vi Tinh Linh Kien,USB Kingston 3.2 Gen 1 DataTraveler Exodia  Exodia S DTXS  64GB / 128GB / 256GB - Hàng Chính Hãng
Laptop May Vi Tinh Linh Kien,"Màn chiếu treo tường/ Di động dạng Lite Prima - Apollo - nhẹ gọn mang đi, dễ lắp đặt bằng móc treo. Kích thước 60 inch, 72 inch, 80 inch và 100 inch tỉ lệ 16:9 và 4:3 - Hàng nhập khẩu"
Laptop May Vi Tinh Linh Kien,"Ổ cứng di động SSD BIWIN PD2000 1TB / 2TB, Chuẩn USB 3.2 Gen 2 x2 bảo hành 5 năm Hàng chính hãng"
Laptop May Vi Tinh Linh Kien,Ổ Cứng Di Động SSD Siêu nhỏ Transcend ESD310 128GB USB 3.2 Gen2x1 TS128GESD310C - Hàng Chính Hãng
Laptop May Vi Tinh Linh Kien,Máy in nhãn nhiệt cầm tay Mini Máy in bỏ túi Bluetooth không dây Android IOS Điện thoại Máy in ảnh Máy tạo nhãn - Hàng Nhập Khẩu
Laptop May Vi Tinh Linh Kien,Máy In HP Laser 108W (4ZB80A) - Hàng Chính Hãng
Laptop May Vi Tinh Linh Kien,Keo Tản Nhiệt ARCTICC MX4 - 4g - Hàng Nhập Khẩu
Laptop May Vi Tinh Linh Kien,Bộ Mở Rộng Sóng Wifi Mesh TP-Link RE315 Chuẩn AC1200 - HÀNG CHÍNH HÃNG
Laptop May Vi Tinh Linh Kien,Phần Mềm Avast Premium Security - For Win - 1PC 1 Year - Hàng Chính Hãng
Laptop May Vi Tinh Linh Kien,Bộ Phát WIFI Di Động Từ Sim 4G/5G/LTE ZTE MF800 - Pin 2100mAh - Bộ Phát WIFI Không Dây Kết Nối Tối Đa 10 Thiết Bị - Hàng Chính Hãng
Laptop May Vi Tinh Linh Kien,Kaspersky Standard 1 máy trong 1 năm - Hàng chính hãng
Laptop May Vi Tinh Linh Kien,"Hộp đựng ổ cứng 2,5"" SSD/HDD SATA 3 Orico 2577U3-V1 - Hàng chính hãng"
Laptop May Vi Tinh Linh Kien,USB Kingston Exodia-M DTXM USB 3.2 - Hàng chính hãng
Laptop May Vi Tinh Linh Kien,Ổ Cứng Di Động Toshiba Canvio Flex Hàng Chính Hãng
Laptop May Vi Tinh Linh Kien,Kềm bấm mạng RJ45 / RJ11 Ugreen 70683 6P / 8P Màu Xanh Đen NW136 Hàng chính hãng
Laptop May Vi Tinh Linh Kien,"Hộp mực máy in Canon 3300 (hàng nhập khẩu) dùng cho máy in Canon LBP 3300, 3360, 3370, 3310 - Cartridge 308 / Cartridge 315 mới 100% - 49A [Fullbox]"
Laptop May Vi Tinh Linh Kien,Máy in HP LaserJet M211d (9YF82A) - Hàng Chính Hãng
Laptop May Vi Tinh Linh Kien,Bộ Mở Rộng Sóng Wifi TP-Link RE505X Chuẩn AX1500 - Hàng Chính Hãng
Laptop May Vi Tinh Linh Kien,Ổ cứng di động External SSD Sandisk Extreme V2 E61 USB 3.2 Gen 2 SDSSDE61-G25 - Hàng Chính Hãng
Laptop May Vi Tinh Linh Kien,Bộ Chia Tín Hiệu Switch Để Bàn TP-Link LS1005G 5 Cổng 10/100/1000Mbps - Hàng Chính Hãng
Laptop May Vi Tinh Linh Kien,Ổ cứng SSD Lexar NQ100 2.5” SATA (6Gb/s) - Hàng Chính Hãng
Laptop May Vi Tinh Linh Kien,Bộ mực in phun Brother (BT-D60BK + BT5000C/M/Y)
Laptop May Vi Tinh Linh Kien,Bộ Chuyển Đổi USB Wifi TP-Link Archer T2U Plus Công Suất Cao AC600 - Hàng Chính Hãng
Laptop May Vi Tinh Linh Kien,Màn chiếu treo tường Apollo – Hàng chính hãng
Laptop May Vi Tinh Linh Kien,"Hộp mực cho Brother TN 2385 nhập khẩu. Là Toner, Cartridge cho máy in Brother HL 2300, 2320, 2321, 2340, 2361, 2365, 2366, 2380, MFC 2700, 2702, 2703, 2720, 2740"
Laptop May Vi Tinh Linh Kien,Hộp Mực In 35A-247Min dùng cho dòng máy in HP 1006/1006/CANON 3050/3100
Laptop May Vi Tinh Linh Kien,Vỏ Hộp đựng ổ cứng 3.5 inch Sata/USB 3.0 hỗ trợ 10TB UGREEN 50422 - Hàng Chính Hãng
Laptop May Vi Tinh Linh Kien,Máy In Laser Đen Trắng Canon Đa Chức Năng MF235 (Print/ Copy/ Scan/ Fax) - Hàng Chính Hãng
Laptop May Vi Tinh Linh Kien,Máy In Phun Màu Đa Năng Canon Pixma G3010 - Hàng Chính Hãng
Laptop May Vi Tinh Linh Kien,Bộ Chuyển Đổi USB Wifi Nano TP-Link TL-WN725N Chuẩn N 150Mbps - Hàng Chính Hãng
Laptop May Vi Tinh Linh Kien,Hộp mực máy Canon LBP 243dw 246dw 248x - MF 461dw 462dw 463dw 465dw CÓ CHIP CRG 070 MỚI 100% BẢO HÀNH 1 ĐỔI 1 - Hàng chính hãng Alpha Cartridge
Laptop May Vi Tinh Linh Kien,Phát Wifi Di Động Tốc Độ Cao 4G/5G LTE 150Mbps - Màn Hình Màu LCD - Bản Quốc Tế Hỗ Trợ Tất Cả Nhà Mạng - Dung Lượng Pin Lên Đến 15 Giờ - Hàng Chính Hãng
Laptop May Vi Tinh Linh Kien,Switch TP-Link TL-SG105 (Gigabit (1000Mbps)/ 5 Cổng/ Vỏ Thép) - Hàng chính hãng
Laptop May Vi Tinh Linh Kien,"Free ship- set 4 màu Mực in 790  cho máy in G3000, G3010, G3012, G4010, ,G1010, G2000, G2010, G2012, hàng nhập khẩu."
Laptop May Vi Tinh Linh Kien,Hộp mực in TN-2385 cho máy in Brother HL-L2300/L2305/L2320/L2340/L2360/ L2365/L2380/L2520/L2540/L2700 MFC-L2700/L274 - Hàng nhập khẩu
Laptop May Vi Tinh Linh Kien,"Bộ Phát Router Wifi 7 TP-Link Archer BE230 Băng Tần Kép 2,4/5Ghz - Chuẩn BE3600 - Tốc Độ Gigabit Mạnh Mẽ Với 1x WAN 2.5Gbps & 1x LAN 2.5Gbps - Hàng Chính Hãng"
Laptop May Vi Tinh Linh Kien,Mực 003 Prospect Ecotank dùng cho máy in Epson L1110 / L3110 / L3150 / L1210 / L3210 / L1250 / L3250 - hàng chính hãng
Laptop May Vi Tinh Linh Kien,"Hộp mực 12A dành cho Canon 2900/ L11121E Mực in HP LaserJet 1010/1015/1020/3015/3020/3030/3050 Canon L120, MF4122, MF4150, MF4680, L140, L160, MF4270, MF4320d, MF4350d 3000 FX9 FX10 CÓ LỔ ĐỔ MỰC Hàng chính hãng Alpha Cartridge"
Laptop May Vi Tinh Linh Kien,Hộp mực 30A có chíp dành cho máy in HP Pro M203dn / HP Pro M203dw / HP MFP M227fdw / HP MFP M227sdn Canon LBP 161dn / 162dw Hàng chính hãng Alpha Cartridge
Laptop May Vi Tinh Linh Kien,Cụm trống (Drum) Brother DR-2385 - Dùng cho các dòng máy in Brother HL(L2321D;L2361DN;L2366DW); MFC(L2520D;L2701D;L2701DW) Hàng chính hãng Alpha Cartridge
Laptop May Vi Tinh Linh Kien,"Hộp mực 78A 326 328 Prospect dùng cho máy in LBP 6230DN, 6200, HP P1566 P1606, 1536dnf  đậm đẹp, hàng chính hãng"
Laptop May Vi Tinh Linh Kien,"Hộp mực Topjet 76A/057 NO CHIP cho máy in Hp HP M404n, M428DW Canon LBP 223dw/ 226dw PHẢI LẤY CHÍP CŨ GẮN QUA - Hàng Chính Hãng "
Laptop May Vi Tinh Linh Kien,USB Kingston 3.2 Gen 1 DataTraveler Exodia Onyx 64G / 128G / 256G - Hàng Chính Hãng
Laptop May Vi Tinh Linh Kien,USB 512GB Sandisk Ultra Flair CZ73 - Hàng chính hãng
Laptop May Vi Tinh Linh Kien,Bộ Phát Wifi 6 TP-Link Archer AX72 Gigabit Băng Tần Kép AX5400 - Hàng Chính Hãng
Laptop May Vi Tinh Linh Kien,Bộ Chuyển Đổi Mạng USB 3.0 Sang Ethernet TP-Link UE306 Tốc Độ Gigabit 1000Mbps - Hàng Chính Hãng
Laptop May Vi Tinh Linh Kien,"Mực nạp VIETTONER 17A-30A hàng chính hãng (tặng kèm phễu) dùng cho hộp mực CF217A, CF230A, CRG-047, CRG-051"
Laptop May Vi Tinh Linh Kien,Hộp mực TN 1010 dành cho máy in Brother HL 1111-1201-1211 DCP 1511-1610-1616 MFC 1811-1901-1916
Laptop May Vi Tinh Linh Kien,Bộ Phát Wifi TP-Link Archer C24 Băng Tần Kép AC750 - Hàng Chính Hãng
Laptop May Vi Tinh Linh Kien,"(BỘ 4/6 MÀU) Mực in phun Thuận Phong TP50 (100ml) dùng cho máy in phun Epson, HP, Canon - Hàng Chính Hãng"
Laptop May Vi Tinh Linh Kien,Bộ Thu Wifi USB TP-Link TL-WN722N Chuẩn N 150Mbps - Hàng Chính Hãng
Laptop May Vi Tinh Linh Kien,Bộ thu Wifi USB LB - LINK WN151 - Hàng chính hãng
Laptop May Vi Tinh Linh Kien,Cáp mạng Cat6  UTP dài 5m chính hãng UGREEN NW102 20162 - Hàng chính hãng
Laptop May Vi Tinh Linh Kien,Bộ Chuyển Đổi USB MU-MIMO Không Dây Mini TP-Link AC1300 Archer T3U - Hàng Chính Hãng
Laptop May Vi Tinh Linh Kien,Hộp Mực In 17A-247Min dùng cho dòng máy in HP 102a/102w/130a/130w
Laptop May Vi Tinh Linh Kien,Router Wifi Băng Tần Kép TP-Link Archer C6 Gigabit AC1200 MU-MIMO - Hàng Chính Hãng
Laptop May Vi Tinh Linh Kien,Bộ 5 chai Mực đổ Thuận Phong TP01 dùng cho máy in HP / Canon - Hàng Chính Hãng
Laptop May Vi Tinh Linh Kien,USB 3.1 SanDisk CZ430 Ultra Fit 32GB 130MB/s - Hàng Chính Hãng
Laptop May Vi Tinh Linh Kien,Dây Cáp Mạng Ugreen CAT7 11269 - Hàng Chính Hãng
Laptop May Vi Tinh Linh Kien,Dây Cáp Mạng Ugreen CAT7 11268 (1m) - Hàng Chính Hãng
Laptop May Vi Tinh Linh Kien,Bộ Phát Wifi Di Động 4G LTE TP-Link M7200 150Mbps - Hàng Chính Hãng
Laptop May Vi Tinh Linh Kien,USB Team E902 32GB - Hàng Chính Hãng
Laptop May Vi Tinh Linh Kien,TP-Link  TL-WN722N - USB Wifi (high gain) tốc độ 150Mbps - Hàng Chính Hãng
Laptop May Vi Tinh Linh Kien,USB Wfi TP-Link Wifi 6 AX900 Bluetooth 5.3 Nano Archer TX10UB Nano - Hàng chính hãng
Laptop May Vi Tinh Linh Kien,Switch Gigabit 5 Cổng TP-Link LS105GP với 4 Cổng PoE+ Công Suất Tối Đa 65W Vỏ Kim Loại - Hàng chính hãng
Laptop May Vi Tinh Linh Kien,"Màn chiếu treo tường Apollo 80 inch, 100 inch, 120 inch, 135 inch - Hàng nhập khẩu"
Laptop May Vi Tinh Linh Kien,"Hộp mực 83A (hàng nhập khẩu) dùng cho máy in HP Laserjet Pro M125, M201, M127fn, M225dw - Cartridge CF283A"
Laptop May Vi Tinh Linh Kien,"Mực Gl-790 Prospect dùng cho máy Canon G1000, G1010, G2000, G2010, G3000, G3010 - Hàng chính hãng"
Laptop May Vi Tinh Linh Kien,Sạc dùng cho Laptop Lenovo Thinkpad E580-Chân Type C Hàng nhập khẩu.
Laptop May Vi Tinh Linh Kien,"Hộp mực AZ 151A (W1510A) KHÔNG CHIP dùng cho máy in Hp 4003DN, MFP4103FDN PHẢI LẤY CHIP CŨ GẮN QUA - Hàng chính hãng"
Laptop May Vi Tinh Linh Kien,Hộp mực 107A AZ dùng cho máy in HP 107A / 107w / 135A / 135w/ 137fnw - Hàng chính hãng
Laptop May Vi Tinh Linh Kien,Hộp mực TN 2280 2240 2260 -Có Lổ Đổ Mực dành cho- Brother HL 2130/2240d/2250dn/2270dw/2275dw/2280dw/ MFC-7360N/7470D/7460DN/7860DW DCP-7060D Hàng chính hãng Alpha Cartridge
Laptop May Vi Tinh Linh Kien,Combo 5 Mực nạp Brother 2280 2385 1010 B022 dành cho HL 2240 2270 2321 L2300D L2305W L2320D L2340DW L2360DW L2380DW DCP 7060 7065 L2520DW L2540DW MFC 7360 7362 7470 7860 L2680W L2700DW L2705DW L2707DW L2720DW 7535DW Hàng chính hãng Alpha Cartridge
Laptop May Vi Tinh Linh Kien,"Đầu chuyển OTG Type C to USB 3.1 tốc độ cao Baseus Ingenuity Series Mini OTG Gen2 (Type-C to USB-A 3.1 Full Size, 10Gbps High speed OTG for Laptop/Macbook/iPad/Tablet/Smartphone)- Hàng nhập khẩu"
Laptop May Vi Tinh Linh Kien,"Hộp Mực 78A hàng nhập khẩu dùng cho máy in Canon LBP 6230dn, 6200d, MF4420w, MF4450, MF4550d, MF4720w, MF4820d, D520 - HP LaserJet Pro M1536dnf, M1537dnf, M1538dnf, M1539dnf, P1566, P1606dn,  - Cartridge 78A - CE278A mới 100%"
Laptop May Vi Tinh Linh Kien,Bộ Mực Epson 673 6 màu C M Y K LC LM dành cho máy Epson 1390/1400/1430/L1800/L805/L800/L850- Hàng nhập khẩu
Laptop May Vi Tinh Linh Kien,Pin dùng cho Laptop Dell Inspiron 4050 4110 - Hàng Nhập Khẩu MIBAT575
Laptop May Vi Tinh Linh Kien,Card mạng Wireless TP-Link Archer TX3000E- Hàng chính hãng
Laptop May Vi Tinh Linh Kien,USB 64GB Kingston DTX- Hàng chính hãng
Laptop May Vi Tinh Linh Kien,USB Hoco 64GB - Hàn Chính Hãng
Laptop May Vi Tinh Linh Kien,"Hộp mực 30A cho máy in HP M203d, M203dw, MFP M227fdw"
Laptop May Vi Tinh Linh Kien,Bộ Thu Wifi TP-Link Archer T3U AC1300Mbps - Hàng Chính Hãng
Laptop May Vi Tinh Linh Kien,"Bộ lưu điện UPS CyberPower VALUE2200ELCD - 2200VA/1320W Hàng cao cấp, màn hình hiển thị LCD, hỗ trợ thiết bị NAS - Hàng Chính Hãng"
Laptop May Vi Tinh Linh Kien,Bộ 5 Chai Mực đổ Thuận Phong TP06 dùng cho máy in Brother / Xerox - Hàng Chính Hãng
Laptop May Vi Tinh Linh Kien,Hộp mực Thuận Phong DCS1810 dùng cho máy photocopy Xerox DC S1810/ S2010/ S2220/ S2420/ S2011/ S2320/ S2520 - Hàng Chính Hãng
Laptop May Vi Tinh Linh Kien,Dây Cáp Mạng Ugreen CAT6 11207 (15m) - Hàng Chính Hãng
Laptop May Vi Tinh Linh Kien,Bộ Chia Mạng 8 Cổng Mercusys MS108 (10/100Mbps) - Hàng Chính Hãng
Laptop May Vi Tinh Linh Kien,Hộp Đựng Ổ Cứng Di Động HDD Box 2.5 ORICO 2139U3 USB3.0/2.5 Nhựa Trong Suốt - Hàng Chính Hãng
Laptop May Vi Tinh Linh Kien,Bộ Chuyển Đổi USB Wifi TP-Link Archer T2U Băng Tần Kép AC600 - Hàng Chính Hãng
Laptop May Vi Tinh Linh Kien,Brother BT5000Y Ink Cho DCP-T300/T700W/MFC-T800W (Vàng) - Hàng Chính Hãng
Laptop May Vi Tinh Linh Kien,Ổ cứng di động HDD WD My Passport dung lượng 6TB USB 3.2 Gen 1 tương thích Windows và Mac hàng chính hãng
Laptop May Vi Tinh Linh Kien,Cụm drum B022/027 Cụm trống Brother DCP 7535dw 7620dw 7640dw-HL B2000d B2080dw 2082dw 2100d 2180dw -MFC 7715dw 7810dw Hàng chính hãng Alpha Cartridge
Laptop May Vi Tinh Linh Kien,"Hộp mực in 278A/326/328 cho máy in Canon LBP 6200d/LBP6230dn/LBP6230dw, HP P1560/P1566/P1600/P1606/M1536dnf - Hàng nhập khẩu"
Laptop May Vi Tinh Linh Kien,Hộp mực 78A 326 328 dành cho Canon 6200d 6230dn P1560/1536/P1566/1600/P1606DN MF4410/4570/4580dn/4780w Hàng chính hãng Alpha Cartridge
Laptop May Vi Tinh Linh Kien,Sạc dành cho Laptop MSI GF63 Thin 9RCX  GF63 Thin 9SC  GF63 Thin 8SC hàng nhập khẩu
Laptop May Vi Tinh Linh Kien,"Combo 10 chai Mực nạp LN 12A-26A dùng cho máy in 2900 đậm đẹp, ít thải 140g + 1 Phễu - hàng chính hãng"
Laptop May Vi Tinh Linh Kien,Ugreen UG50182NW102TK 30M cáp mạng dẹt Cat6 26AWG CCA Gigabit UTP LAN màu đen - HÀNG CHÍNH HÃNG
Laptop May Vi Tinh Linh Kien,Ổ Cứng Di Động SSD Siêu nhỏ Transcend ESD310 1TB USB 3.2 Gen2x1 TS1TESD310 - Hàng Chính Hãng
Laptop May Vi Tinh Linh Kien,"Cụm trống / Cụm drum Brother DR 2385 / DR 2325 hàng nhập khẩu dùng cho máy in Brother HL 2321D, L2361DN, 2520D, 2366DW, 2701D, 2701DW... DR2385 - DR2325"
Laptop May Vi Tinh Linh Kien,"Sạc dùng cho Laptop Chân USB-C(Type C) 20V-3.25A 65W ( For Acer, HP Sony Xiaomi Apple HUAWEI ASUS Lenovo Thinkpad ) - Hàng Nhập Khẩu New Seal"
Laptop May Vi Tinh Linh Kien,Pin dùng cho Laptop Dell Latitude E6540 - Hàng Nhập Khẩu  MIBAT805
Laptop May Vi Tinh Linh Kien,"Hộp mực 057 -Hộp mực Canon 226dw (NOCHIP) hàng chính hãng Viettoner dùng cho máy in Canon LBP 226dw, 223dw, 236dw, 228dw, 228x, mf445dw, mf449x, mf455dw, mf443dw, mf453dw - Cartridge 057 - 76A mới 100% [Fullbox]"
Laptop May Vi Tinh Linh Kien,Mực in TN-B022 dùng cho máy Brother B7535DW- tương thích TN-B022- hàng chính hãng
Laptop May Vi Tinh Linh Kien,"Bộ lưu điện UPS PROLiNK PRO2000SFCU (2000VA) công suất 1200W, tích hợp bộ AVR, sạc siêu nhanh, dùng cho PC, Camera, Wifi - Hàng chính hãng"
Laptop May Vi Tinh Linh Kien,Router Wifi Linksys E5600-AH Max-Stream AC1200 MU-MIMO GIGABIT - Hàng Chính Hãng
Laptop May Vi Tinh Linh Kien,"Bộ sản phẩm 5 lọ mực nạp ( mực đổ ) thương hiệu HA dùng cho hộp mực máy in Canon 2900/ 3300/ 251/ 251, 252, 253, 411, 5870, 5980, 6300, 6650, 6670, 6680/ HP 1010/1020/ HP 400, 401, 425, 2035, 2050, 2055, - Hàng nhập khẩu"
Laptop May Vi Tinh Linh Kien,Hộp Mực Premium TN2385/ TN2325 Cho Máy In Brother HL-2360/2361 - Hàng Nhập Khẩu
Laptop May Vi Tinh Linh Kien,Bộ Chia Tín Hiệu Để Bàn 8 Cổng 10/100Mbps TP-Link TL-SF1008D - Hàng Chính Hãng
Laptop May Vi Tinh Linh Kien,Vỏ hộp đựng ổ cứng SATA 2.0/3.0 2.5 và SSD vỏ nhựa ABS cao cấp (dây dời) UGREEN US221 30848 - Hàng Chính Hãng
Laptop May Vi Tinh Linh Kien,Dây mạng bấm sẵn 2 đầu Cat6 UTP Patch Cords dài 15M UGREEN NW102 11207 - Hàng chính hãng
Laptop May Vi Tinh Linh Kien,(Bộ 10 chai) Mực đổ Thuận Phong TP01 dùng cho máy in HP / Canon - Hàng Chính Hãng
Laptop May Vi Tinh Linh Kien,Máy In Laser Đa Năng Brother MFC-L2701DW - Hàng Chính Hãng
Laptop May Vi Tinh Linh Kien,Bộ Chia Mạng 5 Cổng Gigabit Totolink S505G – Hàng Chính Hãng
Laptop May Vi Tinh Linh Kien,TP-Link  TL-WN823N - USB Wifi chuẩn N tốc độ 300Mbps - Hàng Chính Hãng
Laptop May Vi Tinh Linh Kien,"Màn Hình Gaming Samsung Odyssey G3 G30D LS27DG302EEXXV (27 Inch, VA, FHD, 180Hz, 1ms) - Hàng chính hãng"
Laptop May Vi Tinh Linh Kien,"Màn hình Gaming Asus TUF GAMING VG259Q5A 24.5"" Full HD Fast IPS 200Hz - Hàng chính hãng"
Laptop May Vi Tinh Linh Kien,Máy Tính Xách Tay Laptop Samsung Galaxy Chromebook Go XE310XDA N4500/4GB/32GB/ChromeOS - Hàng Chính Hãng
Laptop May Vi Tinh Linh Kien,Máy chiếu Mini thông minh Yaber L1 Android Tivi hỗ trợ Full-HD 1080p 4K- Hàng Chính Hãng - Thương hiệu Máy chiếu mini Máy chiếu gia đình văn phòng tốt nhất
Laptop May Vi Tinh Linh Kien,"Ổ đĩa dvd rời cho laptop, desktop, máy tính bàn, ổ đĩa quang dvd rw gắn ngoài qua cổng USB hỗ trợ đọc, ghi đĩa dvd, cd không kén đĩa - Hàng chính hãng"
Laptop May Vi Tinh Linh Kien,"Mực nạp máy in HP 107A hàng nhập khẩu (tặng kèm phễu) - Dùng cho hộp mực máy in HP 107a, 107w, 135a, 135w, 137fnw - Cartridge 107A - w1107a"
Laptop May Vi Tinh Linh Kien,"Hộp mực TN 2385 -dành cho Brother HL-L2321D HL-2361DN HL-2366DW MFC-L2700dw MFC-L2701DW 2300D/2320D/L2340DW/L2360DW/L2380DW/L2321D/L2361DW DCP-L2520DW/L2540DW MFC-L2700DW -Chất lượng cao Mới 100%, Full hộp Hàng chính hãng Alpha Cartridge "
Laptop May Vi Tinh Linh Kien,Máy In phun màu Epson L1250 Wifi - Hàng Chính Hãng
Laptop May Vi Tinh Linh Kien,USB 256GB Kingston DTX- Hàng chính hãng
Laptop May Vi Tinh Linh Kien,Ổ Cứng Di Động SSD Siêu nhỏ Transcend ESD310 512GB USB 3.2 Gen2x1 TS512GESD310 - Hàng Chính Hãng
Laptop May Vi Tinh Linh Kien,"Hộp mực 26A hàng nhập khẩu - Dùng cho máy in HP LaserJet Pro M402n, M402d, M402dn, M402dne, M402dw, M426fdn, M426fdw, Canon LBP212dw, LBP214dw, MF426dw, MF424dw, MF421dw, LBP215x, MF429x - Cartridge CF226A mới 100% [Fullbox]"
Laptop May Vi Tinh Linh Kien,Ổ Cứng Gắn Ngoài HDD Toshiba Canvio Ready Hàng Chính Hãng
Laptop May Vi Tinh Linh Kien,USB 3.2 Gen 1 Acer UP300 dung lượng USB 8GB - 1TB - Hàng chính hãng
Laptop May Vi Tinh Linh Kien,Bộ Phát Wifi TP-Link Archer AX55 Chuẩn Wi-Fi 6 AX3000 - Hàng Chính Hãng
Laptop May Vi Tinh Linh Kien,Ổ Cứng SSD M2 Sata Lite On 128GB - Hàng Chính Hãng
Laptop May Vi Tinh Linh Kien,Ổ Cứng Di Động SSD WD Western Digital My Passport USB 3.2  - Hàng Chính Hãng
Laptop May Vi Tinh Linh Kien,Máy In Laser Đa Năng HP LaserJet Pro MFP 135W (4ZB83A) - Hàng Chính Hãng
Laptop May Vi Tinh Linh Kien,"Ổ Cứng Di Dộng HDD WD My Passport 1TB 2.5"" USB 3.2 WDBYVG0010BBL-WESN - Hàng Chính Hãng"
Laptop May Vi Tinh Linh Kien,USB SanDisk Ultra Luxe USB 3.1 Flash Drive | SDCZ74-032G-G46 | USB3.1 | Hàng Chính Hãng
Laptop May Vi Tinh Linh Kien,Phần mềm Kaspersky Small Office Security (1 Server + 10 PC) - Hàng Chính Hãng
Laptop May Vi Tinh Linh Kien,"Hộp mực 48A cho máy in HP LaserJet Pro M15a, M28a, M28w"
Laptop May Vi Tinh Linh Kien,Máy Scan Canon Lide 400 - Hàng Chính Hãng
Laptop May Vi Tinh Linh Kien,Ổ cứng SSD WD G2 240GB Chuẩn M.2 Green - Hàng Chính Hãng
Laptop May Vi Tinh Linh Kien,TP-Link  TL-WA850RE - Bộ Mở Rộng Sóng WiFi Tốc Độ 300Mbps - DCH - Hàng Chính Hãng
Laptop May Vi Tinh Linh Kien,Ổ Cứng Di Động Transcend StoreJet M3S 1TB USB 3.0/3.1 - TS1TSJ25M3S - Hàng Chính Hãng
Laptop May Vi Tinh Linh Kien,Ổ Cứng Di Động WD My Passport Ultra Hàng Chính Hãng
Laptop May Vi Tinh Linh Kien,Box NVME Orico PDDM2C3-G2 hỗ trợ m2 NVME PCIe Gen3x4 / Gen4x4 Type C tốc độ 10Gbps – Hàng Chính Hãng
Laptop May Vi Tinh Linh Kien,Hộp mực 78A dành cho Canon 6230dn 6230dw 6200d - HP P1560/1536/P1566/1600/P1606DN Mực in Canon MF4410/4430/4580DN/MF4570dn/4550d/4452/4450/4450d/MF4420n /4412/ự D520  Có lổ đổ mực-Hàng chính hãng Alpha Cartridge
Laptop May Vi Tinh Linh Kien,"Bộ vi xử lý CPU Intel Core i3 10105F (3.7GHz turbo up to 4.4GHz, 4 nhân 8 luồng, 6MB Cache, Socket 1200) - Hàng Chính Hãng"
Laptop May Vi Tinh Linh Kien,"Sạc cho Laptop Dell Inspiron N4110 N5110 N4010 N4030 N5010, 19.5V 4.62A 90W, CHÂN KIM TO size (7.4 x 5.0)mm - Hàng Nhập Khẩu New Seal"
Laptop May Vi Tinh Linh Kien,Hộp mực máy in HP M130a / M130fn / M130fw / M130nw (hàng nhập khẩu) - Cartridge CF217A - 17A mới 100% [Full Box]
Laptop May Vi Tinh Linh Kien,"Giấy Decal Nhiệt In Nhãn, Minicode, Đơn Hàng TMĐT Deli -  Cuộn 325 Tờ 10x15cm - Dùng Cho Bill, Mã Vạch, Hóa Đơn, Livestream, Kinh Doanh Online - Không Phai Mực - Hàng Chính Hãng - 12308"
Laptop May Vi Tinh Linh Kien,Card mở rộng ổ cứng SSD M.2 qua khe Pci-E 3.0 X4 Orico PDM2 - Hàng chính hãng
Laptop May Vi Tinh Linh Kien,BO MẠCH CHỦ MSI H510M-A PRO- HÀNG CHÍNH HÃNG
Laptop May Vi Tinh Linh Kien,Ổ Cứng Di Động Gắn Ngoài SSD Sandisk Extreme Portable USB Type C Gen 2 - Hàng Chính Hãng
Laptop May Vi Tinh Linh Kien,Bộ Mở Rộng Sóng Wifi TP-Link RE205 Băng Tần Kép AC750 - Hàng Chính Hãng
Laptop May Vi Tinh Linh Kien,Bộ Phát Wifi Di Động 3G/4G TP-Link M7000 - Hàng Chính Hãng
Laptop May Vi Tinh Linh Kien,Hộp Đựng Ổ Cứng M2 chuẩn SATA (NGFF) ORICO M2PF-C3-BK Hàng Chính Hãng
Laptop May Vi Tinh Linh Kien,USB mạng Wi-Fi băng tần kép - Archer T2U Nano - TP-Link T2U Nano - Bộ chuyển đổi USB Wi-Fi Nano AC600 - Hàng Chính Hãng
Laptop May Vi Tinh Linh Kien,Mực in Ribbon fullmark LQ 2190 - Hàng nhập khẩu
Laptop May Vi Tinh Linh Kien,Máy In Hóa Đơn Xprinter XP-58iiH - Hàng Nhập Khẩu
Laptop May Vi Tinh Linh Kien,Bộ Switch 16 cổng Gigabit chia mạng LAN TPLink TL-SG1016D - Hàng Chính Hãng 
Laptop May Vi Tinh Linh Kien,Máy In Laser Đa Năng Brother MFC-L2701D - Hàng chính hãng
Laptop May Vi Tinh Linh Kien,Máy In Laser Đơn Năng Canon LBP 6030W Wifi - Hàng chính hãng
Giay Dep Nam,"Dép quai hậu nam, sandal nam, sandal bigsize hàng VN chính hãng Vinasan. Mã VN2224 size 35-45"
Giay Dep Nam,"Combo 3 Chai Xịt Tạo Bọt Vệ Sinh Giày, Dép và Túi Xách, Bình Xịt Làm Sạch Trắng Giày"
Giay Dep Nam,"Xi Đánh Bóng Giày Da Làm Bóng Nhanh Đồ Da, Xi Kem Dưỡng Da Có Đầu Mút Hỗ Trợ MÀU ĐEN 1 HỘP"
Giay Dep Nam,"Chai Xịt Nano ion Ag+ Đa Năng Chống Nước Bụi Bẩn BLD Cho Giày Dép , Vải - Hàng chính hãng"
Giay Dep Nam,"Giày thể thao nam, giày chạy bộ đế êm nhẹ, thoáng khí đế cao su đúc, chống trơn trượt hạn chế mòn – BEE GEE – GNA1022"
Giay Dep Nam,Giày Sneaker Vải Canvas Nam Nữ E18 Black Dincox
Giay Dep Nam,"Chai xịt khử mùi giày dép NaNo Bạc khử vi khuẩn 99% loại bỏ mùi hôi giày dép Mũ Bảo Hiểm mùi hôi chân nhanh chóng, tiện lợi"
Giay Dep Nam,Giày Sneaker Vải Canvas Nam Nữ E12 Kakao Dincox
Giay Dep Nam,Giày Sneaker Vải Canvas Nam Nữ E12 Dark Navy Dincox
Giay Dep Nam,Giày Sneaker Nam Vải Canvas DINCOX E12 Black Đơn Giản Thanh Lịch
Giay Dep Nam,"Giày thể thao nam Asia, đế kếp, bền, rẻ, dùng cho lao động và thể thao (màu trắng)"
Giay Dep Nam,Dép Nam Quai Ngang Đế Doctor BIGGBEN Da Bò Thật DN338
Giay Dep Nam,"Dép tổ ong XANH NAVY nhựa EVA siêu bền, siêu nhẹ, chống trơn trượt, đế dày (FORM LỚN ĐẶT LÙI 1-2 SIZE) Dép Nam Nữ Nhiều Màu Sắc"
Giay Dep Nam,"Dép tổ ong TRẮNG nhựa EVA siêu bền, siêu nhẹ, chống trơn trượt, đế dày (FORM LỚN ĐẶT LÙI 1-2 SIZE) Dép Nam Nữ Nhiều Màu Sắc"
Giay Dep Nam,"Dép tổ ong CAM nhựa EVA siêu bền, siêu nhẹ, chống trơn trượt, đế dày (FORM LỚN ĐẶT LÙI 1-2 SIZE) Dép Nam Nữ Nhiều Màu Sắc"
Giay Dep Nam,"Dép tổ ong VAC nhựa EVA siêu bền, siêu nhẹ, chống trơn trượt, đế dày (FORM LỚN ĐẶT LÙI 1-2 SIZE) Dép Nam Nữ Nhiều Màu Sắc"
Giay Dep Nam,"Dép tổ ong [Size 39-43] KÈM STICKER NGẪU NHIÊN vật liệu EVA cao cấp siêu bền, siêu nhẹ, chống trơn trượt"
Giay Dep Nam,Giày Sandal Nam Trung Niên BIGGBEN Da Bò Thật Cao 4 Phân SD136
Giay Dep Nam,Dép quai ngang nam nữ siêu nhẹ DUWA - Hàng chính hãng - TK9048
Giay Dep Nam,"Keo Dán Giày Chuyên Dụng, Mau Khô, Chống Nước, Đàn Hồi, Keo Đa Năng Siêu Dính"
Giay Dep Nam,Chai Xịt Tạo Bọt Vệ Sinh Giày XIMO Cao Cấp 300ml XVSG02
Giay Dep Nam,Giày thể thao nam phong cách mới – GNA1004C
Giay Dep Nam,Giày Sandal Nam Bít Mũi Da Bò Thật BIGGBEN SD124
Giay Dep Nam,Dép Quai Ngang Nam Đúc Liền Quick Cao Cấp DP15
Giay Dep Nam,Giày Sục Đạp Gót Mules Vải Sneaker Unisex Tăng Chiều Cao 4cm DINCOX E10 Off/white
Giay Dep Nam,Đón gót giày cho mọi tư thế gỗ tự nhiên nguyên khối (Đủ độ dài) Cho giày Nam & Nữ
Giay Dep Nam,Xi Đánh Giày Sáp Shoe Polish XIMO Chính Hãng XI08
Giay Dep Nam,"Xi đánh giày dạng sáp Star Wax Shoe, làm mềm, làm bóng, bảo vệ và gìn giữ da (48ml)-Nhập khẩu chính hãng Yuppies"
Giay Dep Nam,"Lót giày vải lưới Hương Quế, quế thật, quế thơm, tốt cho sức khỏe"
Giay Dep Nam,Keo Dán Giày Nhiệt XIMO Trong Suốt Siêu Dính Dùng Không Tổn Thương Da XKDG06
Giay Dep Nam,"Bộ Vệ Sinh Giày Dép Crep Protect Cure Kit (gồm bàn chải, khăn lau, chai dung dịch vệ sinh 100ml và sách hướng dẫn) "
Giay Dep Nam,Lót giày vải cotton Hương quế CI-01 làm từ vải cotton - bột quế giúp hút ẩm - khử mùi - phòng cảm cúm và cải thiện sức khoẻ
Giay Dep Nam,2 cặp miếng lót mũi giày nam cao su non đệm êm ngón chân - buybox - BBPK50
Giay Dep Nam,Sandal Biti's nam (39-44)
Giay Dep Nam,"Dép đi ngoài trời mùa hè cho nam, dép tông, giày đi biển đế dày, dép thể thao cho nam"
Giay Dep Nam,Dép quai ngang Bitis xốp nam
Giay Dep Nam,"Keo Dán Giày Nhiệt Trong Suốt Siêu Dính Dùng Không Tổn Thương Da - Giày Da , Giày Thể Thao"
Giay Dep Nam,Giày Tây Nam Viền Hai Bên PABNO PN21034
Giay Dep Nam,"Dép tổ ong XÁM nhựa EVA siêu bền, siêu nhẹ, chống trơn trượt, đế dày (FORM LỚN ĐẶT LÙI 1-2 SIZE) Dép Nam Nữ Nhiều Màu Sắc"
Giay Dep Nam,"Dép tổ ong ĐỎ nhựa EVA siêu bền, siêu nhẹ, chống trơn trượt, đế dày (FORM LỚN ĐẶT LÙI 1-2 SIZE) Dép Nam Nữ Nhiều Màu Sắc"
Giay Dep Nam,"Giày lười nam da bò Trường Hải 2 màu đen,nâu thời trang nam cao cấp GT336Đ"
Giay Dep Nam,"Dép tổ ong asia cao cấp mới, siêu nhẹ, cực bền, chống trơn và rất thời trang (38-44)"
Giay Dep Nam,"Giày thể thao nam Asia, đế kếp, bền, rẻ, dùng cho lao động và thể thao size 36-44"
Giay Dep Nam,"Dép nam quai ngang da bò Nappa cao cấp Bụi Leather E103, đế đúc nguyên khối khâu viền thủ công đi êm chân, Bảo hành 12 Tháng"
Giay Dep Nam,Giày Lười Nam Tăng Chiều Cao Da Bò Thật BIGGBEN Cao Cấp GM270
Giay Dep Nam,"Dép khách sạn cao cấp Hương Quế có lớp chiếu mềm, tự nhiên tiếp xúc trực tiếp với da bàn chân"
Giay Dep Nam,Giày Sandal Nam The Bily Quai Chéo Đôi - Màu Đen BL02D
Giay Dep Nam,Giày Sapo Bít Mũi Nam Da Bò Cao Cấp SUNPOLO SPO001 (Đen)
Giay Dep Nam,"Dép Sục Sapo Nam Da Bò SUNPOLO SUT322 (Đen, Nâu)"
Giay Dep Nam,"Giày da nam, giày oxford công sở Bụi Leather G105 - Da bò Nappa cao cấp"
Giay Dep Nam,"Giày da nam, giày oxford công sở G103 - Da bò Nappa cao cấp"
Giay Dep Nam,"Giày da nam, giày oxford công sở Bụi Leather G102 - Da bò Nappa cao cấp - Bảo hành 12 tháng"
Giay Dep Nam,"Giày Nam, Giày Mọi Da Bò Cao Cấp SUNPOLO MOI027 (Đen, Nâu)"
Giay Dep Nam,Giày tây nam Trường Hải da bò cao cấp GTN0123
Giay Dep Nam,Lót giày lưới 2 lớp Hương Quế CI-06 làm từ vải lưới 2 lớp - vải cotton - bột quế giúp êm chân - ấm chân - phòng cảm cúm
Giay Dep Nam,"Combo 3 đôi lót giày Hương Quế (CI-03, CI-13, CI-14) giúp khử mùi hôi chân - phòng cảm cúm - hút ẩm êm chân - tốt cho sức khỏe"
Giay Dep Nam,Dép sandal nam Trường Hải da bò cao cấp mềm mại không bong tróc màu đen đế PU siêu nhẹ cao 5cm SDN001
Giay Dep Nam,"Lót giày quế vải cotton CI-03 hút ẩm, khử mùi hôi chân, cải thiện sức khỏe"
Giay Dep Nam,"Lót giày thể thao gel silicon cho bóng đá, chạy bộ, cầu lông, tennis, bóng bàn Spenco Gel Comfort"
Giay Dep Nam,Dép Nam BIGGBEN Da Bò Thật Cao Cấp DN206
Giay Dep Nam,Lót giày vải lưới 1 lớp CI05
Giay Dep Nam,Dép Nam BIGGBEN Da Bò Thật Cao Cấp DN176
Giay Dep Nam,Sandal Nam BIGGBEN Da Bò Thật SD13
Giay Dep Nam,Dép quai ngang Biti's nam (39-44)
Giay Dep Nam,Dép nhựa Biti's nam (39-44)
Giay Dep Nam,"Giày Nam Da Bò Cao Cấp Trường Hải Đế Cao Su GN303 hai màu đen, nâu"
Giay Dep Nam,"Com bo dụng cụ làm sạch giày - Miếng xi mút + sáp lau đánh bóng giày, dép, đa năng và tiện lợi"
Giay Dep Nam,"Keo Dán Giày Dép Chuyên Dụng 60ml – Keo Dán Giày Siêu Dính, Dính Chắc, Kèm Phụ Kiện - HÀNG CHÍNH HÃNG MINIIN"
Giay Dep Nam,New Arrivals | Giày Da Sneaker Nam DC39 BLACK COFFEE DINCOX Shoes Đế Bằng - Microfiber Leather
Giay Dep Nam,"Giày nam giá rẻ, giày bảo vệ lao động A014"
Giay Dep Nam,New Arrivals | Giày Da Sneaker Nam Nữ DC39 COCO MILK DINCOX Shoes Đế Bằng - Microfiber Leather
Giay Dep Nam,"Dép tổ ong KEM nhựa EVA siêu bền, siêu nhẹ, chống trơn trượt, đế dày (FORM LỚN ĐẶT LÙI 1-2 SIZE) Dép Nam Nữ Nhiều Màu Sắc"
Giay Dep Nam,"Dép tổ ong XANH RÊU nhựa EVA siêu bền, siêu nhẹ, chống trơn trượt, đế dày (FORM LỚN ĐẶT LÙI 1-2 SIZE) Dép Nam Nữ Nhiều Màu Sắc"
Giay Dep Nam,"Giày thể thao nam - nữ cổ cao đế êm nhẹ, thoáng khí đế cao su đúc, chống trơn trượt hạn chế mòn – BEE GEE - G1012"
Giay Dep Nam,"Xi Đánh Bóng Giày Da Làm Bóng Nhanh Đồ Da, Xi Kem Dưỡng Da Có Đầu Mút Hỗ Trợ - HÀNG CHÍNH HÃNG MINIIN"
Giay Dep Nam,Lót giày Converse OrthoLite® Siêu Nhẹ | Converse Sockliner
Giay Dep Nam,"Keo Dán Giày Nhiệt Super Glue XIMO Siêu Dính Cao Cấp, Chống Nước Tốt"
Giay Dep Nam,"Dép đúc quai ngang nam, nữ siêu nhẹ DUWA - Hàng chính hãng - TK193"
Giay Dep Nam,"Giày nam công sở da bò nappa cao cấp, giày lười G114- Bụi leather- hộp sang trọng"
Giay Dep Nam,"Bình xịt lưu hương chống thối chân, khử mùi giày XIMO, kháng khuẩn, công nghệ Bạc ion (VSG08-1)"
Giay Dep Nam,Giày lười da tăng chiều cao nam Bụi Leather G111 - Da bò Nappa cao cấp - Bảo hành 12 tháng
Giay Dep Nam,Giày lười da nam công sở Bụi Leather G107 - Da bò Nappa cao cấp
Giay Dep Nam,"Giày da nam, giày oxford công sở Bụi Leather G104 - Da bò Nappa cao cấp - Bảo hành 12 tháng"
Giay Dep Nam,"Chai Vệ Sinh Giày Da Lộn, Túi Ví, Áo, Ghế Da Lộn Giúp Làm Sạch, Chăm Sóc, Chống Mốc Suede Clean XIMO XI06"
Giay Dep Nam,Dép quai ngang nam da bò chính hãng Trường Hải đế cao 3.5cm màu nâu may viền chắc chắn DN152
Giay Dep Nam,Xi mút đánh giày da nhanh HANDO cao cấp
Giay Dep Nam,Dép xỏ ngón nam nữ DUWA T405KG - Hàng chính hãng
Giay Dep Nam,Giày tây nam công sở Trường Hải mũi tròn màu đen da bò thật mềm mại không bong tróc đế cao su chống mòn không trơn GT0231
Giay Dep Nam,"Lót giày quế vải cotton CI-04 hút ẩm, khử mùi hôi chân, cải thiện sức khỏe"
Giay Dep Nam,"Combo 3 đôi lót giày Hương Quế (CI-01, CI-03, CI-04) giúp khử hôi chân - phòng cảm cúm tốt cho sức khỏe"
Giay Dep Nam,Dép Nam Bít Mũi BIGGBEN Da Bò ThậtDN145
Giay Dep Nam,New Arrivals | Giày Da Sneaker Nam Nữ DC36 MILK TEA DINCOX Shoes Đế Bằng
Giay Dep Nam,Giày Tây Nam Cột Dây PABNO PN21035
Giay Dep Nam,Dép nam siêu nhẹ Trường Hải 2 dây da  bò mềm siêu nhẹ DN159
Giay Dep Nam,"Dép tổ ong XANH CHUỐI nhựa EVA siêu bền, siêu nhẹ, chống trơn trượt, đế dày (FORM LỚN ĐẶT LÙI 1-2 SIZE) Dép Nam Nữ Nhiều Màu Sắc"
Giay Dep Nam,Giày Mọi Nam Đế Âm Da Bò Thật TiTi ĐÔ Cao Cấp GDA2070d
Giay Dep Nam,Dép quai ngang Biti's nam
Giay Dep Nam,Giày nam Derby công sở da bò nappa cao cấp G113- Bụi leather- hộp sang trọng - Bảo hành 12 tháng
Giay Dep Nam,Dép Nam Da Bò Thật May Đế BIGGBEN Cao Cấp DN315
Giay Dep Nam,Lót Giày Thể Thao Chất Liệu Cao Su Non Mềm Êm LGN2024
Giay Dep Nam,Túi than hoạt tính khử mùi giày - 100% từ gáo dừa Bến Tre (Hộp 2 túi) - Hapaku
Giay Dep Nam,DÉP NAM QUAI NGANG DA BÒ CAO CẤP VATIS VA2018
Giay Dep Nam,Dép nam quai ngang da bò cao cấp đế cao su SUNPOLO DQN025
Giay Dep Nam,"Bàn chải đánh giày Yuppies nhập khẩu Malaysia; thân gỗ nhẹ, lông mềm; không mọt gỗ, không rụng lông"
Giay Dep Nam,GIày Sandal Nam Da Bò BIGGBEN Cao Cấp SD112
Giay Dep Nam,Dép Nam Da Bò BIGGBEN Cao Cấp DN260
Giay Dep Nam,Giày tây nam Trường Hải không dây da bò  thật màu đen mềm mại đế cao su không trơn may chắc chắn GT810
Giay Dep Nam,Giày sandal nam Trường Hải da bò thật mềm mại màu nâu đế PU nhẹ nhàng không trơn hình ảnh thật SD0474
Giay Dep Nam,Giày sandal nam Trường Hải da bò thật mềm mại cao 5cm  màu đen đế PU siêu nhẹ không trơn trượt  chắc chắn  HÌNH ẢNH THẬT SD791
Giay Dep Nam,Dây Giày Dẹt Đầu Bọc Nhựa
Giay Dep Nam,Cây xở giầy gỗ
Giay Dep Nam,Dép Nam Bít Mũi BIGGBEN Da Bò ThậtDN146
Giay Dep Nam,Dép Nam BIGGBEN Da Bò Thật DN54
Giay Dep Nam,Dép Rọ Nam Da Bò Cao Cấp SUNPOLO SUA20D
Giay Dep Nam,Giày da Biti's nam (38-43)
Giay Dep Nam,"Giày thể thao nam đế êm nhẹ, thoáng khí đế cao su đúc, chống trơn trượt hạn chế mòn – BEE GEE - GNA2019A"
Giay Dep Nam,"Giày thể thao nam đế êm nhẹ, thoáng khí đế cao su đúc, chống trơn trượt hạn chế mòn  – BEE GEE - GNA2020Y"
Giay Dep Nam,Giày thể thao Bitis nam (39-44)
Giay Dep Nam,"Giày thể thao nam đế êm nhẹ, thoáng khí đế cao su đúc, chống trơn trượt hạn chế mòn – BEE GEE - GNA2021"
Giay Dep Nam,"Giày thể thao nam chất liệu vải mềm mại, phong cách cá tính năng dộng – GNA2017"
Giay Dep Nam,Giày thể thao Biti's Sports nam
Giay Dep Nam,"Dép quai ngang nam, nữ siêu nhẹ DUWA - Hàng chính hãng - TK9045"
Giay Dep Nam,Giày Thể Thao Nam Biti's Hunter X LITEPLEX DSMH09800
Giay Dep Nam,"Giày nàm đế cao cao cấp G124 - Da bò Nappa cao cấp - Phong cách trẻ trung năng động, chính hãng"
Giay Dep Nam,"Lót giày thể thao, giày tây giày lười cao su non cao 1.5cm TH152"
Giay Dep Nam,"Dép Nam, Dép Bít Mũi Nam Da Bò SUNPOLO SUA011 (Đen, Nâu)"
Giay Dep Nam,"Dép chiếu Hương Quế DCQ-24 rất bền, thoải mái khi đi bộ"
Giay Dep Nam,Giày mọi rọ nam da bò thật BIGGBEN cao cấp GM263
Giay Dep Nam,Giày mọi rọ nam da bò thật BIGGBEN cao cấp GM262
Giay Dep Nam,"Giày da nam oxford công sở G106, giày nam da bò nappa cao cấp màu nâu có dây buộc, mặt trơn có viền, Bụi leather hộp sang trọng BH 12 tháng"
Giay Dep Nam,Đón giày bằng sừng tay cầm đốt trúc VIP (Dài 20cm) DGH912 - Chuyên dụng cho giày cao cấp - Cho giày Nam & Nữ - Product of HAHANCO
Giay Dep Nam,Dép sapo nam Đông Hải siêu nhẹ chất liệu da bò - G1020
Giay Dep Nam,Dép nam quai ngang Trường Hải một bản da bò thật đế kếp mềm dẻo không trơn QN0421
Giay Dep Nam,Dép Nam BIGGBEN Da Bò Thật Cao Cấp DN210
Giay Dep Nam,Dép Nam BIGGBEN Da Bò Thật Cao Cấp DN201
Giay Dep Nam,Lót Giày Tăng Chiều Cao 5cm Có Đệm Khí
Giay Dep Nam,Sandal Nam BIGGBEN Da Bò Thật SD12
Giay Dep Nam,Giày da Biti's nam (39-43)
Giay Dep Nam,Giày thể thao Bitis hunter nam (40-45)
Giay Dep Nam,"Giày thể thao nam đế êm nhẹ, thoáng khí đế cao su đúc, chống trơn trượt hạn chế mòn  – BEE GEE - GNA1011A"
Giay Dep Nam,Giày Sandal Nam BIGGBEN Da Bò Thật Cao Cấp SD134
Giay Dep Nam,Dây giày thời trang co giãn không cần buộc kèm khóa phụ kiện tiện dụng giày thể thao sneaker cho người lớn và trẻ em
Giay Dep Nam,Bộ Dây Giày Co Giãn Kèm Phụ Kiện Khóa Dây Giày Không Cần Buộc Thắt Giày Thể Thao Bata Ngoài Trời Legaxi
Giay Dep Nam,Giày Thể Thao Nam Biti's Hunter Core
Giay Dep Nam,"Xi Đánh Giày Sáp Shoe Polish XIMO Đen, Không Màu, Nâu Đủ Màu XI08"
Giay Dep Nam,Giày lười da nam công sở Bụi Leather G120 - Da bò Nappa cao cấp - Bảo hành 12 tháng
Giay Dep Nam,"Giày da nam, giày đốc nam trẻ trung nam Bụi Leather G122 - Da bò thật Nappa cao cấp - Bảo hành 12 tháng"
Giay Dep Nam,GIÀY TÂY DA BÒ CAO CẤP VATIS VA2029
Giay Dep Nam,GIÀY LƯỜI DA BÒ NAM CAO CẤP VATIS VA2027
Giay Dep Nam,"Dép chiếu Hương Quế DCQ-07 thích hợp mang trong nhà, trong văn phòng và bạn đồng hành của du khách khi đến thăm Việt Nam"
Giay Dep Nam,"Giày da nam, giày oxford công sở Bụi Leather G101 - Da bò Nappa cao cấp - Bảo hành 12 tháng"
Giay Dep Nam,"Giày Lười Nam Da Bò SUNPOLO CS5054 Trẻ trung, thanh lịch (Đen, Nâu)"
Giay Dep Nam,Giày Sneaker Da Unisex DINCOX D20 White Năng Động Cá Tính
Giay Dep Nam,Dép nam đế cao 3.5cm da bò thật may viền thủ công chắc chắn thời trang cao cấp chính hãng Trường Hải DC150
Giay Dep Nam,Giày tây nam Trường Hải da bò thật mềm mại không bong tróc không dây mũi tròn màu nâu đế cao su không trơn GT0423
Giay Dep Nam,Giày Tây Nam Da Bò BIGGBEN Cao Cấp GT174
Giay Dep Nam,Giày mọi nam|giày lười nam|giày da nam Trường Hải da bò cao cấp đế cao su cao 2.5cm màu vàng GM0146
Giay Dep Nam,Giày Mọi Nam BIGGBEN Da Bò Thật Cao Cấp GM159
Giay Dep Nam,Giày Slip On Unisex Vans - VN000EYEBWW
Giay Dep Nam,"Xi Đánh Giày Sáp Shoe Polish XIMO 50ml XI08 giúp giày túi xách, ví, thắt lưng, đồ giả da sáng bóng tự nhiên, bảo dưỡng bền đẹp lâu hơn, tăng khả năng chống thấm nước hiệu quả"
Giay Dep Nam,"Dép tổ ong XANH NGỌC nhựa EVA siêu bền, siêu nhẹ, chống trơn trượt, đế dày (FORM LỚN ĐẶT LÙI 1-2 SIZE) Dép Nam Nữ Nhiều Màu Sắc"
Giay Dep Nam,"Dép xỏ ngón nam, nữ đúc liền khối siêu nhẹ DUWA - Hàng chính hãng - TK288"
Giay Dep Nam,Giày Thể Thao Bitis Nam Hunter X DSMH10600
Giay Dep Nam,Dép Nam Quai Ngang HÀ NAM Da Bò Thật Cao Cấp DNA2170
Giay Dep Nam,Giày lười da tăng chiều cao nam Bụi Leather G112 - Da bò Nappa cao cấp - Bảo hành 12 tháng
Giay Dep Nam,Giày lười da nam công sở Bụi Leather G110 - Da bò Nappa cao cấp - Bảo hành 12 tháng
Giay Dep Nam,Giày lười da nam công sở Bụi Leather G109 - Da bò Nappa cao cấp - Bảo hành 12 tháng
Giay Dep Nam,"Giày Lười Nam Da Bò SUNPOLO SU4016 (Đen, Nâu)"
Giay Dep Nam,"Giày Sandal Nam Da Bò SUNPOLO SDA023 (Đen, Nâu)"
Giay Dep Nam,"Giày Lười Nam Da Bò SUNPOLO MU2516 Trẻ trung, Thanh lịch (Đen, Nâu)"
Giay Dep Nam,Giày Tây Nam Da Bò Sunpolo SUMU8003
Giay Dep Nam,GIày Sandal Nam Da Bò BIGGBEN Cao Cấp SD99
Giay Dep Nam,Giày da nam màu trắng da bò thật  Trường Hải đế cao su GTN0597
Giay Dep Nam,Giày Converse Chuck Taylor All Star 1970s Low Top - 162058V
Giay Dep Nam,Giày Converse Chuck Taylor All Star Classic Low Top - 121176
Giay Dep Nam,Giày Tây Nam Huy Hoàng HT7107 - Đen (Size
Giay Dep Nam,Giày Sneaker Nam Nữ Vải Canvas DINCOX E12 Black/Beige Đơn Giản Thanh Lịch
Giay Dep Nam,Dép quai kẹp nam Bitis xốp siêu nhẹ
Giay Dep Nam,"Giày nam công sở da bò mũi nhọn Trường Hải đế cao su có hai màu đen , nâu GT445Đ"
Giay Dep Nam,Sandal Bitis Nam DEM013000DEN (Đen)
Giay Dep Nam,Giày Sandal Nam The Bily Quai Chéo Đôi - Xám Thổ Cẩm BL02XTC
Giay Dep Nam,"Giày Lười Nam Da Bò SUNPOLO SUS510 (Đen, Nâu)"
Giay Dep Nam,"Giày Rọ Nam Da Bò SUNPOLO STA681 (Đen, Nâu)"
Giay Dep Nam,"Xi nước đánh bóng Huy Hoàng màu đen, nâu, vàng bò, trắng, không màu HT9129-30-31-32-33"
Giay Dep Nam,Dép Nam Da Bò May Đế BIGGBEN Cao Cấp DN257
Giay Dep Nam,GIày Sandal Nam Da Bò BIGGBEN Cao Cấp SD105
Giay Dep Nam,Dép nam quai ngang da bò cao cấp TH_QN052
Giay Dep Nam,Dép giải phóng quân
Giay Dep Nam,Dép Nam BIGGBEN Da Bò Thật DN35
Giay Dep Nam,Giày Sandal Nam Da Bò Cao Cấp SUNPOLO SUSDA20N - Nâu (Size
Giay Dep Nam,Dép nam quai ngang da bò cao cấp đế cao su SUNPOLO DQN018
Giay Dep Nam,"Dép da nam hai quai Trường Hải da bò thật 3 màu nâu,đen, vàng DN125MĐ"
Giay Dep Nam,Giày lười nam da bò buộc dây Trường Hải màu nâu đề cao 3cm GM446N
Giay Dep Nam,"Dép xỏ ngón nam da bò  Trường Hải có 2 màu đen,vàng  thời trang trẻ trung XN125Đ"
Giay Dep Nam, Giày nam da bò nhiều loại nhiều màu HT7107-08-09-19-21-63-98
Giay Dep Nam,Giày Sandal Nam The Bily Quai Ngang - Màu Đen BL03D
Giay Dep Nam,"Giày Rọ Nam Da Bò SUNPOLO STA680 (Đen, Nâu)"
Giay Dep Nam,Dép Nam Quai Ngang HÀ NAM Da Bò Thật Cao Cấp DNA2124
Giay Dep Nam,Dép Nam BIGGBEN Da Bò Thật Cao Cấp DN211
Giay Dep Nam,Giày Tây Nam BiGGBEN Da Bò Thật GT112
Giay Dep Nam,Giày Tây Nam BIGGBEN Da Bò Thật GT100
Giay Dep Nam,Dây Giày Loại Tròn Phủ Lớp Sáp Chống Nước Cao Cấp DGD2025
Giay Dep Nam,Giày nam da bò nhiều loại nhiều màu HT7111-13-14-15-18-22-23-24
Giay Dep Nam,"Giày sabo nam Huy Hoàng màu đen, nâu HT7125-7127-7796-7797"
Giay Dep Nam,Dép Nam Quai Ngang Da Bò Thật BIGGBEN Cao Cấp DN308
Giay Dep Nam,"Giày Nam Da Bò Công Sở SUNPOLO SPH309 (Đen, Nâu bò)"
Giay Dep Nam,Đón gót giày cho mọi tư thế gỗ tự nhiên nguyên khối - Dài 70cm (DGH908) Cho giày Nam & Nữ
Giay Dep Nam,Dép xốp 3 quai đế cao
Giay Dep Nam,Dép Bít Mũi Nam Da Bò Thật Trường Hải Màu Đen Dép nam Thời Trang Cao cấp DN130
Giay Dep Nam,Dép Nam Quai Ngang Da Bò BIGGBEN Cao Cấp DN284
Giay Dep Nam,"Giày Tây Nam Da Bò SUNPOLO SPH286 - Nâu Cafe, Nâu Bò"
Giay Dep Nam,Dép Nam Da Bò BIGGBEN Cao Cấp DN251
Giay Dep Nam,Giày Boot Nam BIGGBEN Da Bò Thật Cao Cấp BT3
Giay Dep Nam,Dép Nam BIGGBEN Da Bò Thật Cao Cấp DN209
Giay Dep Nam,Giày Mọi Nam Da Bò Sunpolo SUMU05DN
Giay Dep Nam,Dép Sabo Nam Da Bò SUNPOLO SUSB001N
Giay Dep Nam,Giày Tăng Chiều Cao Nam Huy Hoàng HT7179 - Đen (Size
Dien Tu Dien Lanh,Máy lạnh LG Inverter 2 HP IEC18M2 - Hàng Chính Hãng
Dien Tu Dien Lanh,Smart Tivi LG QNED AI 4K 55 Inch 55QNED80ASA - Hàng Chính Hãng
Dien Tu Dien Lanh,Smart Tivi LG AI 4K 65 Inch 65UA8450PSA- Hàng Chính Hãng
Dien Tu Dien Lanh,Google Tivi TCL QLED Full HD 32 Inch 32S5K - Hàng chính hãng
Dien Tu Dien Lanh,Google Tivi TCL QLED 4K 43 Inch 43P7K - Hàng Chính Hãng
Dien Tu Dien Lanh,Điều khiển điều hòa dành cho Daikin Inverter - Hàng chính hãng 
Dien Tu Dien Lanh,Remote điều khiển cho quạt Panasonic - Hàng nhập khẩu
Dien Tu Dien Lanh,ĐIỀU KHIỂN DÀNH CHO TIVI SONY - Hàng nhập khẩu
Dien Tu Dien Lanh,"Bộ 4 Chân Kê Máy Giặt Chống Rung, Điều Chỉnh Được Độ Cao, Đế Chống Ồn Máy Giặt, Máy Sấy, Hàng chính hãng"
Dien Tu Dien Lanh,"Điều Khiển TiVi, Remote Ti Vi dành cho SamSung - Hàng nhập khẩu"
Dien Tu Dien Lanh,Máy giặt LG Inverter 9 kg FB1209S6W1 - Hàng Chính Hãng
Dien Tu Dien Lanh,Smart TV HD Coocaa 32 Inch Wifi - Model 32S3U+ - Hàng Chính Hãng
Dien Tu Dien Lanh,Máy lạnh Aqua 1 HP AQA-R10PC - Hàng chính hãng - Giao HCM và 1 số tỉnh thành
Dien Tu Dien Lanh,FTKB25YVMV - Máy lạnh Daikin FTKB25YVMV Inverter 1HP 2024 - Hàng Chính Hãng - Chỉ Giao HCM
Dien Tu Dien Lanh,Máy sấy bơm nhiệt LG 9 kg DVHP09W - Hàng chính hãng
Dien Tu Dien Lanh,MÁY GIẶT TOSHIBA 13 KG AW-DUM1400LV(MK) - HÀNG CHÍNH HÃNG
Dien Tu Dien Lanh,"Chân kê máy giặt, tủ lạnh Daikiosan kích thước 54-70cm dùng cho máy giặt 9-12kg/ tủ lạnh 270-380 lít - Hàng chính hãng"
Dien Tu Dien Lanh,Tủ lạnh mini Kemin Ku400A  Chính Hãng  - Dùng ở nhà và ô tô - Nóng lạnh 2 chiều
Dien Tu Dien Lanh,Tủ lạnh Electrolux 94 Lít EUM0930BD-VN
Dien Tu Dien Lanh,[HCM] Tủ Lạnh Mini Bar Electrolux EUM0500AD-VN - Dung Tích 45 lít - Hàng Chính Hãng
Dien Tu Dien Lanh,Chân Đế Máy Giặt Chống Rung Lắc Cao Cấp ( Dùng Cho Mọi Loại Máy Giặt )
Dien Tu Dien Lanh,[Rẻ vô địch] Remote Điều khiển từ xa điều hòa Daikin-Dùng cho các dòng ATKA ATKQ ATKC ATF FTHF FTC FTV FTKQ Tặng kèm Pin
Dien Tu Dien Lanh,Áo vệ sinh máy lạnh
Dien Tu Dien Lanh,Máy Lạnh Sharp Inverter 1 HP AH-XP10YHW - Chỉ giao HCM
Dien Tu Dien Lanh,Tủ lạnh Samsung Inverter 208 lít RT20HAR8DBU/SV - HÀNG CHÍNH HÃNG
Dien Tu Dien Lanh,Đầu thu kỹ thuật số DVB T2 Model VTC hỗ trợ xem toàn bộ những kênh truyền hình miễn phí trong nước - Hàng nhập khẩu
Dien Tu Dien Lanh,Google TV Philips 43 inch FullHD LED 43PFT6509 - Hàng Chính Hãng 
Dien Tu Dien Lanh,Google TV Philips 32 Inch HD LED 32PHT6509 - - Hàng chính hãng 
Dien Tu Dien Lanh,"Remote Điều Khiển Cho Máy Lạnh, Điều Hòa Panasonic Inverter A75C3208, A75C3706, A75C3708 - Hàng nhập khẩu"
Dien Tu Dien Lanh,Điều khiển dành cho tivi samsung smart ngắn.- Hàng chính hãng 
Dien Tu Dien Lanh,Điều Khiển Dùng Cho Điều Hòa Daikin Inverter - Hàng chính hãng 
Dien Tu Dien Lanh,Remote điều khiển dành cho tivi LG - Hàng nhập khẩu
Dien Tu Dien Lanh,Điều khiển dành cho smart tivi LG - Hàng nhập khẩu
Dien Tu Dien Lanh,Điều khiển dùng cho TIVI Sony giọng nói RMF-TX520P - Hàng nhập khẩu
Dien Tu Dien Lanh,Máy giặt Electrolux UltimateCare 700 Inverter 10 kg EWF1043R7SC - HÀNG CHÍNH HÃNG - CHỈ GIAO HCM
Dien Tu Dien Lanh,"Chân Máy Giặt, Chân Chống Rung Máy Giặt, Chân Chống Ồn Máy Giặt - Hàng Chính Hãng"
Dien Tu Dien Lanh,"Chân Đế Máy Giặt, Kệ Máy Giặt Và Tủ Lạnh Daikiosan Có Thể Điều Chỉnh Kích Thước Phù Hợp Mọi Loại Thiết Bị - Hàng Chính Hãng"
Dien Tu Dien Lanh,"Chân đế tủ lạnh, chân máy giặt đa năng inox cao cấp có thể điều chỉnh kích thước 48-60cm CDN-T,CTL-T - Hàng Chính Hãng"
Dien Tu Dien Lanh,Máy nước nóng trực tiếp Ariston AURES EASY 3.5 (3500W) - Hàng chính hãng
Dien Tu Dien Lanh,Chân đế máy nước lọc RO-01 đa năng inox cao cấp chống rung có thể điều chỉnh kích thước 30x46 cm- Hàng Chính Hãng
Dien Tu Dien Lanh,Smart Tivi LG HD 32 inch 32LQ636BPSA - Hàng Chính Hãng
Dien Tu Dien Lanh,"Bộ 04 chân đế cao su đa năng - HT SYS - Đế chống rung máy giặt - Đế chống ồn máy giặt, máy sấy,tủ lạnh, bàn ghế - Giao màu ngẫu nhiên"
Dien Tu Dien Lanh,[Miến phí công lắp] - Model mới 2023 - Máy Lạnh Daikin FTF35XAV1V 1.5HP (12000 BTU) - Bền bỉ - Luồng gió dễ chịu - HÀNG CHÍNH HÃNG
Dien Tu Dien Lanh,Tủ lạnh mini Kemin Chính hãng 10L
Dien Tu Dien Lanh,"Android Tivi Box MYTV NET 4H - Chip lõi tứ 4GB RAM, 32GB ROM, Android 10 OS - Cấu hình mạnh mẽ, Hàng chính hãng"
Dien Tu Dien Lanh,TÚI VỆ SINH MÁY LẠNH CAO CẤP CÓ ỐNG
Dien Tu Dien Lanh,Tủ Lạnh Mini Aqua 50 lít AQR-D59FA-BS - Hàng Chính Hãng - Chỉ giao tại HCM
Dien Tu Dien Lanh,"Máy lạnh Daikin Inverter 1.5 HP FTKB35ZVMV - Mẫu mới 2025 - Hàng Chính Hãng, Mới 100% "
Dien Tu Dien Lanh,Điều khiển dành cho điều hoà Mitsubishi (mặt viền đen) - Hàng nhập khẩu
Dien Tu Dien Lanh,Điều Khiển Thường FPT Play Box 2018 - Hàng nhập khẩu
Dien Tu Dien Lanh,"Bình nóng lạnh gián tiếp Rossi Blanc Vuông (15/20/30 Lít) - Chính hãng, Bảo Hành 20 năm"
Dien Tu Dien Lanh,Tủ Lạnh Toshiba Inverter GR-RF677WI-PGV(22)-XK  515L - Hàng Chính hãng (Chỉ Giao HCM)
Dien Tu Dien Lanh,Máy nước nóng trực tiếp ARISTON AURES PREMIUM + 4.5 HÀNG CHÍNH HÃNG
Dien Tu Dien Lanh,Tủ lạnh Toshiba GR-RT234WE-PMV(52) Inveter 2023 - Hàng Chính Hãng (chỉ giao HCM)
Dien Tu Dien Lanh,Google Tivi Sony 4K 55 inch KD-55X85K - Model 2022
Dien Tu Dien Lanh,Tấm chắn gió điều hòa - Tấm chắn đổi hướng gió điều hòa máy lạnh (TCG02)
Dien Tu Dien Lanh,[Lắp đặt trong vòng 24h] Máy giặt cửa trên Panasonic 9Kg NA-F90S10BRV - Hàng chính hãng
Dien Tu Dien Lanh,Tủ lạnh Samsung Inverter 488 lít RF48A4000B4/SV - Hàng chính hãng (chỉ giao HCM)
Dien Tu Dien Lanh,Máy sấy Aqua 7.0kg AQH-V700FW - Hàng chính hãng (chỉ giao HCM)
Dien Tu Dien Lanh,Smart Tivi Casper HD 32 inch 32HX6200
Dien Tu Dien Lanh,Tivi LED Sharp HD 32 inch 2T-C32BD1X
Dien Tu Dien Lanh,Máy lạnh Sharp Inverter 1.5 HP AH-X13CEWC - Hàng Chính Hãng
Dien Tu Dien Lanh,Giá Treo Tivi Máy Tính Để Bàn F80 (17-27 inch) - Hàng nhập khẩu
Dien Tu Dien Lanh,Điều khiển điều hòa panasonic CS 2 Chiều - Hàng chính hãng 
Dien Tu Dien Lanh,Tủ Lạnh Sharp Inverter 215 Lít SJ-X215V-SL - Hàng Chính Hãng (Chỉ giao HCM)
Dien Tu Dien Lanh,Smart box android tv Q mới có điều khiển giọng nói tiếng việt hỗ trợ bluetooth Wifi băng tần kép cài sẵn chương trình tivi và xem phim HD miễn phí vĩnh viễn - Hàng nhập khẩu
Dien Tu Dien Lanh,Bình đun nước nóng tức thời Ariston AURES PREMIUM+ 4.5P - Hàng chính hãng
Dien Tu Dien Lanh,Google Tivi Sony 2K 32 inch KD-32W830K - Model 2022
Dien Tu Dien Lanh,Máy Giặt Samsung Inverter 9 kg WW90T634DLN
Dien Tu Dien Lanh,Tủ lạnh Samsung Multidoor Inverter 488 lít RF48A4010B4/SV - Hàng chính hãng (chỉ giao HCM)
Dien Tu Dien Lanh,Tủ lạnh Panasonic Inverter 377 lít NR-BX421GPKV - Chỉ giao HCM
Dien Tu Dien Lanh,Tủ lạnh Panasonic Inverter 170 lít NR-BA190PPVN  - Kháng khuẩn tinh thể bạc Ag+ - Hàng chính hãng
Dien Tu Dien Lanh,Máy giặt cửa trên Toshiba Inverter 9.0 kg AW-DK1000FV(KK) Model 2020 - Chỉ giao HCM
Dien Tu Dien Lanh,Tủ Lạnh Aqua 130 lít AQR-T150FA-BS
Dien Tu Dien Lanh,Remote điều khiển đa năng - Dùng được cho tất cả các dòng máy lạnh
Dien Tu Dien Lanh,Máy lạnh Inverter Daikin 1.0hp (9000BTU) FTKB25YVMV-Hàng chính hãng
Dien Tu Dien Lanh,Máy Giặt LG 9 Kg T2109NT1G - Hàng Chính Hãng - Giao HCM
Dien Tu Dien Lanh,Máy lạnh Sharp Inverter 1.5hp AH-X13ZEW - Hàng chính hãng( Chỉ giao HCM)
Dien Tu Dien Lanh,Máy Nước Nóng Trực Tiếp Panasonic DH-4UP1VS
Dien Tu Dien Lanh,Tủ lạnh Toshiba Inverter 249 lít GR-RT325WE-PMV(06)-MG - Hàng chính hãng (chỉ giao HCM)
Dien Tu Dien Lanh,Tủ lạnh Toshiba Inverter 325 lít GR-RB410WE-PMV(37)-SG - Chỉ giao HCM
Dien Tu Dien Lanh,Tủ lạnh Panasonic Inverter 326 lít NR-TL351GPKV - Chỉ giao tại HCM
Dien Tu Dien Lanh,Tủ lạnh Samsung Inverter 488 lít RF48A4000B4/SV - Chỉ giao HCM
Dien Tu Dien Lanh,Tấm Chắn Điều Chỉnh Hướng Gió Cho Máy Lạnh Điều Hòa Cao Cấp 90x27cm
Dien Tu Dien Lanh,Tủ lạnh Inverter Panasonic NR-BA229PKVN (188L) - Hàng chính hãng - Chỉ giao tại HCM
Dien Tu Dien Lanh,Tủ lạnh Aqua 90 lít AQR-D99FA(BS)
Dien Tu Dien Lanh,Máy Giặt Electrolux Inverter 11kg EWF1141AEWA
Dien Tu Dien Lanh,Tủ Lạnh Inverter Sharp SJ-FX688VG-BK (605L) - Hàng Chính Hãng
Dien Tu Dien Lanh,Tủ Lạnh Inverter Toshiba GR-AG58VA-X (555L) - Hàng chính hãng
Dien Tu Dien Lanh,Máy Nước Nóng Trực Tiếp Không Bơm Panasonic DH-4MS1VW (4500W) - Hàng chính hãng
Dien Tu Dien Lanh,Máy sấy thông hơi Electrolux UltimateCare 8 kg EDV804H3WC - HÀNG CHÍNH HÃNG - CHỈ GIAO HCM
Dien Tu Dien Lanh,"Điều Khiển Giọng Nói Smart TV, Tivi Thông Minh Dành Cho SONY BRAVIA - Hàng nhập khẩu"
Dien Tu Dien Lanh,"Android tivi box t95 max Ram 4G Rom 32G điều khiển cử chỉ tay người dùng và giọng nói tiếng Việt bluetooth wifi 2 băng tần cài sẵn phim, truyền hình cáp miễn phí vĩnh viễn - Hàng Nhập Khẩu"
Dien Tu Dien Lanh,TỦ LẠNH SHARP INVERTER  SJ-X198V-SL 198L - HÀNG CHÍNH HÃNG (CHỈ GIAO HCM)
Dien Tu Dien Lanh,Giá Treo TiVi Thẳng Cố Định 32-55 Inch - Hàng Chính Hãng
Dien Tu Dien Lanh,Tủ lạnh LG Inverter 519 lít GR-B256BL - Hàng chính hãng
Dien Tu Dien Lanh,MÁY GIẶT CỬA TRƯỚC HITACHI BD-954HVOS - HÀNG CHÍNH HÃNG
Dien Tu Dien Lanh,Máy giặt Toshiba 8 kg AW-M905BV(MK) - Chỉ giao HCM
Dien Tu Dien Lanh,Máy Giặt Sharp 7.5 Kg ES-Y75HV-S -Hàng chính hãng( Chỉ giao HCM)
Dien Tu Dien Lanh,Tủ lạnh mini Kemin 16L
Dien Tu Dien Lanh,Tủ lạnh Hitachi Inverter 569 lít R-MX800GVGV0(GBK) - Hàng chính hãng (chỉ giao HCM)
Dien Tu Dien Lanh,Đá khô Gel Hộp Nhựa 500ml Dùng Cho  Quạt Điều Hòa
Dien Tu Dien Lanh,Máy giặt Toshiba 8 kg AW-M905BV(MK) - Hàng chính hãng (Chỉ giao HCM) 
Dien Tu Dien Lanh,Máy nước nóng trực tiếp Ariston AURES PREMIUM+ 4.5 (4500W) - Hàng chính hãng
Dien Tu Dien Lanh,Tủ lạnh mini Kemin K20A - K15 Chính Hãng - Chỉnh nhiệt - Công nghệ 2025
Dien Tu Dien Lanh,Tủ lạnh Electrolux 45 lít EUM0500AD-VN - Hàng chính hãng (chỉ giao HCM)
Dien Tu Dien Lanh,Máy lạnh 1 HP Casper SC-09FS32 Hàng chính hãng
Dien Tu Dien Lanh,Tủ lạnh 2 cánh Panasonic 234 lít NR-TV261BPKV - Diệt khuẩn 99.99% - Tiết kiệm điện - Hàng chính hãng
Dien Tu Dien Lanh,Smart Tivi LG Full HD 43 inch 43LM5750PTC
Dien Tu Dien Lanh,Android Tivi Box X96 Max plus S905 X3 Ram 4G Rom 32G Wifi Kép Có Bluetooth Cài Sẵn Ứng Dụng Xem Phim Hd Và Truyền Hình Cáp - Hàng nhập khẩu
Dien Tu Dien Lanh,Máy Giặt Cửa Trước Inverter Electrolux EWF9523ADSA (9.5kg) - Hàng Chính Hãng (Bạc)
Dien Tu Dien Lanh,Điều Khiển Thường FPT Play Box 2018
Dien Tu Dien Lanh,Máy Lạnh Reetech 1 HP RT9 - Chỉ giao TP.HCM
Dien Tu Dien Lanh,"Điều khiển Tivi dành cho SAMSUNG có Voice, remote thay thế hầu hết các loại Smart Tivi , QLED - Hàng Nhập Khẩu"
Dien Tu Dien Lanh,"Chai xịt vệ sinh máy lạnh, máy điều hòa 520ml vệ sinh điều hòa, khử khuẩn - Hàng nhập khẩu"
Dien Tu Dien Lanh,Google Tivi Sony 4K 50 inch K-50S30 - Hàng Chính Hãng
Dien Tu Dien Lanh,Google Tivi TCL 4K 55 inch 55P638-Hàng chính hãng
Dien Tu Dien Lanh,Tủ lạnh LG Inverter 635 lít GR-X257BG - Hàng Chính Hãng (Chỉ giao HCM)
Dien Tu Dien Lanh,Máy nước nóng trực tiếp Ariston 4500W AURES PREMIUM 4.5 - Hàng Chính Hãng
Dien Tu Dien Lanh,Máy giặt Sharp 7.5kg ES-Y75HV-S 5 chương trình giặt - Hàng chính hãng (Chỉ giao HCM)
Dien Tu Dien Lanh,Tủ lạnh Panasonic Inverter 495 lít NR-CW530XMMV - Hàng chính hãng (chỉ giao HCM)
Dien Tu Dien Lanh,[Lắp đặt trong vòng 24h] Máy Giặt Cửa Trên Panasonic Chăm Sóc Gia Đình 9kg NA-F90A9DRV - Hàng chính hãng
Dien Tu Dien Lanh,Giá Treo Màn Hình Máy Tính North Bayou F80 Lắp Cho Màn Hình LCD 17 inch - 30 inch Hàng Nhập Khẩu
Dien Tu Dien Lanh,Máy sấy Aqua 7 KG AQH-V700FW
Dien Tu Dien Lanh,Vòi Bơm Nước Thông Minh - Hút Nước Tự Động Từ Bình Nước Lọc - Sử Dụng Bằng Đầu Cắm USB
Dien Tu Dien Lanh,Tủ lạnh Panasonic 188 lít NR-BA229PKVN - HÀNG CHÍNH HÃNG
Dien Tu Dien Lanh,Tủ lạnh Samsung Inverter 236 lít RT22M4032BY/SV - HÀNG CHÍNH HÃNG
Dien Tu Dien Lanh,Điều Hòa Daikin 9300 BTU FTF25UV1V - Chỉ giao tại Hà Nội
Dien Tu Dien Lanh,Máy giặt Electrolux Inverter 9.5 kg EWF9523ADSA
Dien Tu Dien Lanh,Androi TiVi box TX3 MiNi Kiwivision RAM 2G Androi Mini 7.1 - Hàng Chính Hãng
Dien Tu Dien Lanh,Smart Tivi Cong QLED Samsung 4K 55 inch QA55Q8CNA
Dien Tu Dien Lanh,Máy giặt Aqua 7.2 kg AWM72-316K(S) - Bảo hành 2 năm - Hỗ trợ lắp đặt - Hàng chính hãng
Dien Tu Dien Lanh,Máy nước nóng trực tiếp Panasonic DH-4UD1VZ
Dien Tu Dien Lanh,Tủ lạnh Electrolux 94 Lít EUM0930BD-VN - Hàng chính hãng (chỉ giao HCM)
Dien Tu Dien Lanh,"Remote điều khiển tất cả máy lạnh nội địa Nhật, Việt Nam"
Dien Tu Dien Lanh,Máy Nước Nóng Ariston SL BLU 30 - 2.5 - FE (2500W) Hàng Chính Hãng
Dien Tu Dien Lanh,Android Tivi Box TXP Pro Truyền hình vtvcap On Bản Quyền HĐH Android 9 Ram 2G Rom 16G Chip Amlogic 905 - Hàng Chính Hãng
Dien Tu Dien Lanh,Điều khiển bằng giọng nói dùng cho Smartbox MyTV Chính hãng Cao cấp
Dien Tu Dien Lanh,TỦ ĐÔNG MÁT SANAKY 300 LÍT VH-4099W2KD ĐỒNG (R600A) (KÍNH CƯỜNG LỰC) - HÀNG CHÍNH HÃNG
Dien Tu Dien Lanh,Đầu Thu Kỹ Thuật Số DVB T2 LTP STB-1306 Chính Hãng
Dien Tu Dien Lanh,Chân Đế Máy Giặt Bộ 4 Chân Chống Rung Chống Trơn Trượt Có Thể Điều Chỉnh Tăng Giảm Đa Năng - Hàng chính hãng dododios
Dien Tu Dien Lanh,[SẢN PHẨM MỚI 2025] Tủ lạnh AQUA 130 lít ngăn đá trên AQR-T160FA(GGN) - Màu Be hồng - Freeship toàn quốc - Bảo hành 2 năm - Hàng chính hãng
Dien Tu Dien Lanh,Máy sấy bơm nhiệt Electrolux UltimateCare 9 kg EDH903R7WC - HÀNG CHÍNH HÃNG - CHỈ GIAO HCM
Dien Tu Dien Lanh,43S3U+ - Smart Tivi Coocaa 43S3U+ Full HD 43 inch - Hàng Chính Hãng - Chỉ Giao Hồ Chí Minh
Dien Tu Dien Lanh,Máy Lạnh Aqua Inverter 1.5 H.p AQA-RV13QC2 - Hàng chính hãng - Giao HCM và 1 số tỉnh thành
Dien Tu Dien Lanh,Máy nước nóng Ariston Aures Easy 3.5-Hàng chính hãng
Dien Tu Dien Lanh,Tủ lạnh Toshiba Inverter 411 lít GR-RT559WE-PMV(58)-MM - Hàng chính hãng - Chỉ giao HCM
Dien Tu Dien Lanh,Máy lạnh TCL Inverter 1.5 HP TAC-13CSD/XAB1I - Hàng chính hãng - Bảo hành 3 năm
Dien Tu Dien Lanh,Máy Lạnh Comfee 1.5 HP CFS-13FWFF-V - hàng chính hãng - chỉ giao HCM
Dien Tu Dien Lanh,Tủ lạnh Funiki FR-51DSU tủ mini 46 lít - Hàng chính hãng( chỉ giao HCM)
Dien Tu Dien Lanh,Giá Treo Máy Tính Hai Màn Hình NB H180 22-32 Inch -Hàng Chính hãng 
Dien Tu Dien Lanh,Tủ lạnh 6 cửa Hitachi Inverter 735 lít R-ZX740KV(X) - Hàng chính hãng (chỉ giao HCM)
Dien Tu Dien Lanh,Tủ Lạnh 2 Cánh Panasonic 417 lít NR-BX471GPKV - Lấy nước ngoài - Hàng chính hãng
Dien Tu Dien Lanh,Tủ lạnh Panasonic Inverter 377 lít NR-BX421GPKV - hàng chính hãng - CHỈ GIAO HCM
Dien Tu Dien Lanh,"Điều Khiển TiVi, Remote Cho Ti Vi Sony"
Dien Tu Dien Lanh,Giá Treo Tivi Mỏng Sát Tường 2.9 cm C3F - Hàng Chính Hãng
Dien Tu Dien Lanh,Máy Nước Nóng Panasonic DH-4MS1VW (4500W)
Giay Dep Nu,"Dép quai ngang đi trong nhà Hương Quế DQN-09 thích hợp mang trong nhà, trong văn phòng"
Giay Dep Nu,GIÀY CAO GÓT BASIC 5CM PABNO PN22036
Giay Dep Nu,"Dép quai ngang đi trong nhà Hương Quế DQN-11 thích hợp mang trong nhà, trong văn phòng"
Giay Dep Nu,"Sét 2 miếng lót gót chân cao su mềm cho nam và nữ ,bảo vệ gót chân ,cổ chân ,chống nứt gót , khi mang giày "
Giay Dep Nu,"Giày thể thao nữ, giày chạy bộ đế êm nhẹ, thoáng khí đế cao su đúc, chống trơn trượt hạn chế mòn  – GNU2079"
Giay Dep Nu,Giày boot cho bé phong cách dễ thương - GTE9110
Giay Dep Nu,Giày Sandal Cao Gót Da Bò BIGGBEN Cao 8 Phân SDCG130
Giay Dep Nu,"Chai Vệ Sinh Giày, Bình Xịt Bọt Tuyết Giặt Khô Giày Snoker Dung Dịch Vệ Sinh Giày Dép Snoker Cao Cấp"
Giay Dep Nu,"Dép tổ ong [Size 35-38] KÈM STICKER NGẪU NHIÊN cao cấp siêu bền, siêu nhẹ, chống trơn trượt"
Giay Dep Nu,"Giày thể thao nữ, giày chạy bộ đế êm nhẹ, thoáng khí đế cao su đúc, chống trơn trượt hạn chế mòn  – GNU2066"
Giay Dep Nu,Sandal Bitis trệt nữ (35-40)
Giay Dep Nu,Giày Sandal Cao Gót Da Bò BIGGBEN Cao 5 Phân SDCG124
Giay Dep Nu,Lọ Nước Lau Giày Túi Xách Plac Chai Cọ Tẩy Trắng Giày Sneaker Đầu Chổi - Lọ Nước Đánh Vết Ố Bẩn - Chà Giặt Khô Lau Làm Sạch Giầy  Lọ Nước Đánh Vết Ố Bẩn - Chà Giặt Khô Lau Làm Sạch Giầy
Giay Dep Nu,Giày Sục nữ da bò đế xuồng 5cm mũi nhọn màu xanh đen Trường Hải S129 CÓ SIZE LỚN
Giay Dep Nu,Giày lười nữ da bò mềm thời trang cao cấp Trường Hải
Giay Dep Nu,Giày Cao Gót Nữ BIGGBEN Da Bò Thật Cao 5 Phân GCG11
Giay Dep Nu,Khăn Giấy Lau Giày Sneaker Chuyên Dụng Khăn Ướt Vệ Sinh Giày Dép Dép Da Siêu Sạch 1 Gói 30 Tờ - Hàng Chính Hãng MINIIN
Giay Dep Nu,"Dép chiếu Hương Quế DCQ-12 là một sản phẩm thủ công đẹp, sang trọng và tốt cho sức khoẻ người mang"
Giay Dep Nu,Giày sandal xuồng nữ da bò BIGGBEN cao cấp SDX33
Giay Dep Nu,Giày búp bê nữ BIGGBEN da bò cao cấp BB90
Giay Dep Nu,Giày búp bê nữ BIGGBEN da bò cao cấp BB89
Giay Dep Nu,Dép Nữ Da Bò BIGGBEN Cao Cấp DNQN32
Giay Dep Nu,Dép Đi Trong Văn Phòng - Trong Nhà Tắm Chống Trơn Trượt Lock&Lock ETM646
Giay Dep Nu,"Dép chiếu xỏ ngón Hương Quế DCQ-47 nguyên liệu tự nhiên (sợi chiếu, bột quế, sợi đay) ngăn ngừa mồ hôi chân - giữ ẩm và mát chân"
Giay Dep Nu,Combo 5 cặp vớ bọc gót chân silicone chống nứt nẻ chống bong tróc da và giúp làm hồng gót sen - buybox - BBPK68_5
Giay Dep Nu,Combo 01 cặp lót mũi giày cao su non và 01 cặp lót gót chân 2 trong 1 - buybox - BBPK09&50
Giay Dep Nu,Dép Cao Gót Nữ BIGGBEN Da Bò Thật DCG02
Giay Dep Nu,Lót Giày Tăng Chiều Cao 1 Lớp Không Khí Nguyên Bàn Winwinshop88 (3 cm) - Đen
Giay Dep Nu,Giày thể thao Biti's Embrace nữ (35-40)
Giay Dep Nu,Dép đúc răng cưa dép bánh mì nam nữ vân nhám đế êm chân không thấm nước  có big size
Giay Dep Nu,"Dép Mang Trong Nhà Bằng Vải Cho Khách Sạn, Homestay"
Giay Dep Nu,"Miếng Dán Đế Giày Cao Su Chống Trơn Trượt Cho Giày Cao Gót, Giày Da"
Giay Dep Nu,"Chai Xịt Bọt Tuyết Vệ Sinh Giày Dép Tẩy Trắng Cao Cấp SNOKER Giặt Khô Siêu Tốc Bảo Vệ Giày Snoker Thể Thao Khỏi Bị Ố Vàng, Phai Màu "
Giay Dep Nu,"Bộ 02 cặp gồm 04 miếng lót gót giày silicon chống trầy bảo vệ gót chân, giảm size giày"
Giay Dep Nu,"Dép chiếu đi trong nhà Hương Quế DC-05 thích hợp mang trong nhà, trong văn phòng"
Giay Dep Nu,"Miếng dán gót chân 4.4 mét Bảo vệ chân Chống trầy, chống rộp chân, sần da Giảm đau khi mang giày, cao gót Legaxi"
Giay Dep Nu,Dép Nữ Quai Ngang Cao Gót Da Bò Thật TiTi ĐÔ Cao Cấp 4cm DNU2173
Giay Dep Nu,Giày Cao Gót Nữ Công Sở Da Bò Thật BIGGBEN Cao 5 Phân GCG14
Giay Dep Nu,Giày Boot Nữ Da Bò BIGGBEN Cao 7 phân BON4
Giay Dep Nu,Giày Đế Xuồng Nữ BIGGBEN Da Bò Thật Đế Cao 5 Phân SDX45
Giay Dep Nu,"Dép Đi Trong Nhà, Văn Phòng, Xốp Lỗ Siêu Nhẹ Siêu Rẻ, Chống Trơn Trượt - Hàng Loại 1 - Giao Màu Ngẫu Nhiên"
Giay Dep Nu,Giày sandal nữ da bò thật BIGGBEN cao cấp SDN70
Giay Dep Nu,Giày Sandal Đế Xuồng Nữ Da Bò BIGGBEN Cao Cấp SDX28
Giay Dep Nu,Giày cao gót 7cm Trường Hải gót to da bóng màu nâu thời trang cao cấp CG0412 [ HÌNH ẢNH THẬT
Giay Dep Nu,Giày Sandal Cao Gót BIGGBEN Da Bò Thật SDCG51
Giay Dep Nu,"4 miếng lót gót giày vải êm chân, lót đệm gót"
Giay Dep Nu,Miếng lót giày cao gót
Giay Dep Nu,Xi nước đánh giày Kangaroo Hàn Quốc - Nhập khẩu chính hãng
Giay Dep Nu,Dép Nữ Đế Xuồng BIGGBEN Da Bò Thật DX6
Giay Dep Nu,"Giày cao gót nữ quai sau ROSATA RO722 - 6p - Đen, Hồng - HÀNG VIỆT NAM-BKSTORE"
Giay Dep Nu,Dép nhựa Biti's nữ (35-40)
Giay Dep Nu,Bộ 2 cặp lót giày 4D bảo vệ gót chân và chống tuột gót giày (loại bầu) 1 CẶP KEM VÀ 1 CẶP ĐEN
Giay Dep Nu,Viên Tẩy Vệ Sinh Giày Thể Thao
Giay Dep Nu,"Giày thể thao nữ đế êm nhẹ, thoáng khí đế cao su đúc, chống trơn trượt hạn chế mòn – GNU2062"
Giay Dep Nu,"Giày thể thao nữ phong cách cá tính, thoáng khí, đế cao su đúc, chống trơn trượt hạn chế mòn  - gnu2061"
Giay Dep Nu,Chai Xịt Khử Mùi Giày Công Nghệ NANO 260ml
Giay Dep Nu,Giày Sandal Nữ Da Bò Thật BIGGBEN Cao Cấp SDN85
Giay Dep Nu,Giày Sandal Nữ Da Bò Thật BIGGBEN Cao Cấp SDN84
Giay Dep Nu,Combo Dép Đi Trong Nhà Thu Đông Đế Chống Thấm Chất Nỉ Nhung Thiết Kế Sang Trọng Cho Nam Và Nữ- Hàng Loại 1- Chính Hãng MINIIN
Giay Dep Nu,Giày búp bê nữ BIGGBEN da bò cao cấp BB87
Giay Dep Nu,Giày sandal nữ kẹp BIGGBEN da bò thật cao cấp SDN67
Giay Dep Nu,Giày Búp Bê Nữ Da Bò BIGGBEN Cao Cấp BB75
Giay Dep Nu,Dép Cao Gót Nữ BIGGBEN Cao Cấp DCG32
Giay Dep Nu,Bộ 2 cặp lót giày 4D bảo vệ gót chân và chống tuột gót giày (loại bầu) - buybox - BBPK54
Giay Dep Nu,Giày Sandal Nữ Đế Xuồng BIGGBEN Da Bò Thật SDN38 - 38
Giay Dep Nu,Lót Giày Tăng Chiều Cao 2 Lớp Không Khí Nguyên Bàn Winwinshop88 (5 cm) - Đen
Giay Dep Nu,"Giày Sandal nữ kiểu dáng mới chống trơn, trượt – GSDN08"
Giay Dep Nu,"Giày thể thao nữ, giày chạy bộ đế êm nhẹ, thoáng khí đế cao su đúc, chống trơn trượt hạn chế mòn  – GNU2084"
Giay Dep Nu,Giày cao gót BASSIC 8P PABNO PN22014
Giay Dep Nu,"Giày thể thao nữ chất liệu da mềm mại, phong cách cá tính năng dộng – GNU2043A"
Giay Dep Nu,"Giày nữ sandal cao gót 3cm da mềm Trường Hải 2 màu đen, kem CG125"
Giay Dep Nu,"Giày sandal nữ da bò đế xuồng 8cm Trường Hải 3 màu đen, trắng, đỏ SD145"
Giay Dep Nu,Dép Nữ Da Bò Thật BIGGBEN Cao Cấp DNQN57
Giay Dep Nu,Lót Giày Thể Thao Chất Liệu Cao Su Non Mềm Êm LGN2022
Giay Dep Nu,Giày Thể Thao Biti's Nữ DSW066800
Giay Dep Nu,Giày Cao Gót Nữ BIGGBEN Da Bò Thật Cao 5 Phân GCG13
Giay Dep Nu,Giày Sandal Nữ The Bily 02W Quai Chéo Đôi - Màu Đen BL02WD
Giay Dep Nu,Giày Sneaker Vải Nữ DINCOX C20 Nữ Tính Sang Trọng Black
Giay Dep Nu,Giày búp bê nữ BIGGBEN da bò cao cấp BB99
Giay Dep Nu," Lót giày chống rộng, chống rớt gót cao cấp, bảo vệ chân khi mang giày - PK04"
Giay Dep Nu,"Dép chiếu Hương Quế DCQ-49 với nguyên liệu thân thiện môi trường (sợi chiếu, bột quế, sợi đay)"
Giay Dep Nu,Dép Nữ BIGGBEN Da Bò Thật DNQN20
Giay Dep Nu,"Giày lười thể thao nữ đế êm nhẹ, thoáng khí đế cao su đúc, chống trơn trượt hạn chế mòn – GNU2095"
Giay Dep Nu,"Dép Đi Trong Nhà Bằng EVA Kiểu Mới Dành Cho Cặp Đôi – Ấm Áp, Tiện Lợi và Thoải Mái - HÀNG CHÍNH HÃNG MINIIN"
Giay Dep Nu,Giày Sục Đạp Gót Mules Vải Sneaker Unisex Tăng Chiều Cao 4cm DINCOX E10 Dark Navy
Giay Dep Nu,Giày Đế Xuồng Nữ BIGGBEN Da Bò Thật Cao 7 Phân SDX73
Giay Dep Nu,Dép Bitis nữ (35-40)
Giay Dep Nu,Giày Sandal Nữ Da Bò Thật BIGGBEN Cao Cấp SDN100
Giay Dep Nu,Dép Nữ Da Bò Thật BIGGBEN Cao 5 Phân DNQN55
Giay Dep Nu,"Giày búp bê đế bằng da bò trơn Trường Hải da mềm GBB120 có 2 màu đen, trắng"
Giay Dep Nu,"Giày búp bê trơn da bò mũi vuông Trường Hải có 2 màu xanh ,đen GBB115"
Giay Dep Nu,Giày Sandal Nữ Da Bò Thật BIGGBEN Cao Cấp SDN88
Giay Dep Nu,Dép Cao Gót Nữ BIGGBEN Da Bò Cao 4 Phân DCG61
Giay Dep Nu,"Dép chiếu Hương Quế DCQ-38 có lớp chiếu tỏa ra hơi ấm, hương thơm nhẹ giúp kích thích các huyệt đạo trong lòng bàn chân"
Giay Dep Nu,Giày Búp Bê Nữ Da Bò BIGGBEN Cao Cấp BB109
Giay Dep Nu,Giày búp bê nữ đế xuồng da bò BIGGBEN BB93
Giay Dep Nu,Boot nữ cổ cao cá tính da xịn gót cao 8P || PABNO PN643 || BH 12 Tháng
Giay Dep Nu,Dép Nữ BIGGBEN Da Bò Thật DNQN21
Giay Dep Nu,Giày Sandal Nữ BIGGBEN Da Bò Thật SDN20
Giay Dep Nu,"Lót giày sức khỏe Spenco Total Support Original 46-695 hỗ trợ nâng vòm, dùng cho giày thể thao, giày tây, giày lười"
Giay Dep Nu,Giày Sandal Nữ Da Bò Thật BIGGBEN Cao Cấp SDN120
Giay Dep Nu,Dép bít đầu Biti's cao cấp nữ (35-39)
Giay Dep Nu,"DÉP LÀO XỎ NGÓN EVA cao cấp siêu bền, siêu nhẹ, chống trơn trượt, Form SIZE LỚN CHÂU ÂU"
Giay Dep Nu,Dép Nữ Da Bò Thật BIGGBEN Cao Cấp DNQN59
Giay Dep Nu,Giày Nữ Búp Bê BIGGBEN Da Bò Thật Cao Cấp BB66
Giay Dep Nu,Giày Sandal Nữ Đế Xuồng BIGGBEN Da Bò Cao Cấp SDX11
Giay Dep Nu,Dép Sục Nữ Da Bò Thật BIGGBEN Cao 3 phân SBN45
Giay Dep Nu,Dép Nữ Da Bò Thật BIGGBEN Cao Cấp DNQN51
Giay Dep Nu,Giày Búp Bê Nữ Hỡ Mũi Da Bò Thật BIGGBEN Cao 5 Phân BB127
Giay Dep Nu,Dép Sục Nữ Da Bò Thật BIGGBEN Cao 5 phân SBN43
Giay Dep Nu,Giày Búp Bê Nữ Da Bò BIGGBEN Cao Cấp BB122
Giay Dep Nu,Sandal Biti's nữ
Giay Dep Nu,Giày Sandal Cao Gót Da Bò BIGGBEN SDCG67
Giay Dep Nu,Giày búp bê nữ da bò BIGGBEN cao cấp BB93
Giay Dep Nu,Dép Sục Nữ Da Bò BIGGBEN Cao Cấp SBN36
Giay Dep Nu,Dép Sục Nữ BIGGBEN Da Bò Cao Cấp SBN33
Giay Dep Nu,Sục nữ da bò  TRƯỜNG HẢi da mềm mại không bong tróc đế cao su chồng mòn êm ái BMN0361 CÓ SIZE LỚN
Giay Dep Nu,Giày Sandal Nữ Đế Xuồng BIGGBEN Da Bò Thật SDX14
Giay Dep Nu,Sunzin - 2 cặp lót giày( 4 chiếc) cực êm chân chống tuột gót chống trầy gót chân và giúp giảm size giày bị rộng dùng mang giày cao gót giày búp bê
Giay Dep Nu,Dép Nữ BIGGBEN Da Bò Thật DNQN12
Giay Dep Nu,"Giày thể thao nữ đế êm nhẹ, thoáng khí đế cao su đúc, chống trơn trượt hạn chế mòn  – GNU2102"
Giay Dep Nu,Dép Sục Nữ Da Bò Thật BIGGBEN Cao Cấp SBN57
Giay Dep Nu,Giày Sandal Nữ Da Bò Thật BIGGBEN Cao Cấp SDN114
Giay Dep Nu,Giày Búp Bê Bé Gái Kiểu Dáng Dễ Thương – GBB9029
Giay Dep Nu,Giày sandal Nữ Da Bò Thật BIGGBEN Cao Cấp SDN79
Giay Dep Nu,Giày Cao Gót Da Bò Thật BIGGBEN Gót 7 Phân SDCG78
Giay Dep Nu,Giày Búp Bê Nữ Da Bò Thật BIGGBEN Cao 5 Phân BB123
Giay Dep Nu,Dép Cao Gót Nữ Da Bò BIGGBEN Cao 4 Phân DCG53
Giay Dep Nu,"Dép chiếu Hương Quế DCQ-50 làm từ lụa tơ tằm - vải cotton - lớp đế cao su xốp cho đôi chân thơm, mát và khô thoáng - Xanh"
Giay Dep Nu,Dép Xuồng Nữ BIGGBEN Cao Cấp DX15
Giay Dep Nu,Giày Sandal Nữ BIGGBEN Da Bò Thật SDN44 - 38
Giay Dep Nu,Giày Sandal Kẹp Nữ BIGGBEN Da Bò Thật SDN31
Giay Dep Nu,"Giày thể thao nữ đế êm nhẹ, thoáng khí đế cao su đúc, chống trơn trượt hạn chế mòn  – GNU2081"
Giay Dep Nu,Máy sấy giày Lumias SD1 Hàng chính hãng
Giay Dep Nu,Giày sục nữ gót vuông 3cm Trường Hải mũi vuông da mềm SN155
Giay Dep Nu,"Giày thể thao nữ đế êm nhẹ, thoáng khí đế cao su đúc, chống trơn trượt hạn chế mòn – GNU1007"
Giay Dep Nu,Dép Nữ Da Bò Thật BIGGBEN Cao Cấp DNQN55
Giay Dep Nu,Giày Cao Gót Nữ Công Sở Da Bò Thật BIGGBEN GCG9
Giay Dep Nu,Giày Cao Gót Nữ BIGGBEN Da Bò Thật Cao 5 Phân GCG12
Giay Dep Nu,Giày Sandal Nữ The Bily 02W Quai Chéo Đôi - Màu Xám BL02WX
Giay Dep Nu,Dép nhựa siêu nhẹ Bitis nữ
Giay Dep Nu,GIÀY SKECHERS GIÀNH CHO  NỮ màu xám nhạt
Giay Dep Nu,Giày sandal nữ kẹp da bò thật cao cấp BIGGBEN SDN65
Giay Dep Nu,Giày Búp Bê Nữ Da Bò BIGGBEN Cao Cấp BB76
Giay Dep Nu,Dép bít mũi nữ Trường Hải đế xuồng cao 4cm da bò thật mềm mại BM177
Giay Dep Nu,"Dép chiếu xỏ ngón Hương Quế DKS-10 làm từ lụa tơ tằm - vải cotton - lớp đế cao su xốp cho đôi chân thơm, mát và khô thoáng"
Giay Dep Nu,Dép Nữ BIGGBEN Da Bò Thật Cao Cấp DNQN06
Giay Dep Nu,Dép Nữ BIGGBEN Da Bò Thật DNQN03
Giay Dep Nu,Giày Sandal Nữ Cao Gót Huy Hoàng HT7058 - Xanh (Size
Giay Dep Nu,"Giày thể thao nữ, giày chạy bộ đế êm nhẹ, thoáng khí đế cao su đúc, chống trơn trượt hạn chế mòn  – GNU2089"
Giay Dep Nu,"Dép nữ xixitiao mềm nhẹ giá rẻ, dép đi trong nhà phong cách dễ thương mẫu mới"
Giay Dep Nu,Giày Búp Bê Bé Gái Kiểu Dáng Dễ Thương – GBB9036
Giay Dep Nu,"Kem Sáp Tẩy Trắng, Vệ Sinh Giày, Túi Da, Bàn Ghế Đa Năng Không Dùng Nước - HÀNG CHÍNH HÃNG MINIIN"
Giay Dep Nu,Giày búp bê da bò mũi tròn Trường Hải đính nơ xinh da mềm mại GBB110
Giay Dep Nu,Dép chiếu mang trong nhà Hương Quế
Giay Dep Nu,Giày búp bê nữ da bò cao cấp BIGGBEN BB120
Giay Dep Nu,Giày Sandal Cao Gót Da Bò BIGGBEN SDCG68
Giay Dep Nu,Giày Cao Gót Nữ Công Sở Da Bò BIGGBEN GCG8
Giay Dep Nu,Giày Sandal Cao Gót Da Bò BIGGBEN Cao 5 Phân SDCG60
Giay Dep Nu,Giày búp bê nữ BIGGBEN da bò cao cấp BB79
Giay Dep Nu,Dép chiếu Hương Quế DCQ-50 làm từ lụa tơ tằm - vải cotton - lớp đế cao su xốp cho đôi chân thơm - mát và khô thoáng - Đỏ
Giay Dep Nu,Dép Xỏ Ngón Nữ BIGGBEN Da Bò Thật Cao Cấp DXN05
Giay Dep Nu,Dép Sabo Nữ BIGGBEN Da Bò Thật Cao Cấp SBN07
Giay Dep Nu,"Bộ 2 chai xịt khử mùi giày dép, mũ bảo hiểm 120ml Hando"
Giay Dep Nu,"Cặp lót giày khử mùi hôi chân cho nam và nữ , vải lưới đàn hồi thông hơi thoáng khí giúp khử mùi  hiệu quả bảo vệ bàn chân , luôn  sạch sẽ  và  khô ráo"
Giay Dep Nu,Giày Sneaker Vải Canvas Nam Nữ E12 Cream Thời Trang Dincox
Giay Dep Nu,Giày Cao Gót BIGGBEN Da Bò Thật Cao 5 Phân SDCG92
Giay Dep Nu,Dép Cao Gót Nữ BIGGBEN Da Bò Cao 4 Phân DCG71
Giay Dep Nu,Giày Đế Xuồng Nữ BIGGBEN Da Bò Thật Cao 9 Phân SDX48
Giay Dep Nu,Giày sandal nữ đế xuông cao 9cm da bò thật màu trắng Trường hải SD146 FORM NHỎ HƠN 1 SIZE
Giay Dep Nu,Giày Đế Xuồng Nữ BIGGBEN Da Bò Thật Đế Cao 5cm SDX42
Giay Dep Nu,Giày Sneaker Vải Nữ DINCOX C20 Nữ Tính Sang Trọng Off/White
Giay Dep Nu,Sandal Bitis nữ
Giay Dep Nu,Giày Sandal Nữ BIGGBEN Da Bò Thật SDN56
Giay Dep Nu,Giày Sandal Nữ Da Bò BIGGBEN Cao Cấp SDCG49
Giay Dep Nu,Dép cao su Nữ 5 quai nhỏ
Giay Dep Nu,Giày nữ hoa văn Huy Hoàng da bò màu nâu đất HT7949
Giay Dep Nu,Giày Sandal Cao Gót BIGGBEN Da Bò Thật SDCG37
Giay Dep Nu,Dép Nữ BIGGBEN Da Bò Thật DNQN01
Giay Dep Nu,Giày Sandal Nữ Cao Gót Huy Hoàng HT7060 - Nude (Size
May Anh,"Camera Wifi Full Color IMOU IPC-S31FEP (Cruiser SE+ 3MP), đèn và còi cảnh báo, đàm thoại 2 chiều - Hàng chính hãng"
May Anh,Camera IP Wifi TP-Link Tapo C200 / Tapo C70 Full HD 1080P Giám sát An Ninh - Hàng Chính Hãng
May Anh,KEY Dẫn Đường Ô Tô Xe Hơi Trực Tuyến VIETMAP LIVE PRO (Bản Quyền 1 NĂM) - hàng chính hãng
May Anh,"Ống nhòm một mắt Monocular nhìn xa 35 lần, Ống Nhòm Cực Nét, Ống Nhòm Ban Đêm Cực Nét - Hàng chính hãng / Hàng nhập khẩu"
May Anh,"Camera wifi trong nhà EZVIZ H6C G1 4K Sắc nét, AI nhận diện người, thú cưng - hàng chính hãng"
May Anh,"Máy Chụp Ảnh Mini Kèm Thẻ 512G T Retro Kỹ Thuật Số CCD 4K Cho Học Sinh – Nhỏ Gọn, Thời Trang, Chụp Siêu Nét- HÀNG CHÍNH HÃNG MINIIN"
May Anh,"Camera wifi Yoosee Ngoài Trời 20MPX 4 Mắt 3 Màn Hình Kép Q10-28 Phiên Bản Mới 2025,Đêm Có Màu, Đàm Thoại Hai Chiều, Chống Nước Nhựa IP66, Hàng Nhập Khẩu"
May Anh,Thẻ Nhớ Micro Sd Yoosee 32GB- 64GB -128GB Class 10 90M/s - Hàng Chính Hãng
May Anh,"Camera Yoosee 2 MẮT KÉP Trong Nhà 10MPX Xoay 360 Độ, Xem Đêm Có Màu, Có Đàm Thoại, Bảo Hành 12 Tháng, Hàng Nhập Khẩu"
May Anh,"Camera Yoosee 3 Mắt Máy Bay Độc Lập Siêu Sắc Nét, Đêm Có Màu, Đàm Thoại Hai Chiều, Chống Nước Nhựa IP66, Hàng Nhập Khẩu"
May Anh,"Thẻ Vietmap Live Pro Chính Hãng 2025, cảnh báo tốc độ, camera phạt nguội dùng trên điện thoại, Android.box, Màn hình Ô Tô - Hàng chính hãng"
May Anh,"Camera trong nhà TP-Link Tapo TC60 - Full HD, Đàm thoại 2 chiều, Phát hiện chuyển động - HÀNG CHÍNH HÃNG"
May Anh,Camera IP Wifi Trong Nhà EZVIZ C6N 1080p - Hàng Chính Hãng
May Anh,"Camera Wifi Ezviz 2 Mắt Ngoài Trời H9C 3K 6MP/10MP, quay 360 độ, đàm thoại 2 chiều - Hàng chính hãng"
May Anh,"Camera Wifi IMOU 2 Mắt Ngoài Trời S7XP Cruiser Dual 6MP/10MP, quay 360 độ, đàm thoại 2 chiều - Hàng chính hãng"
May Anh,1kg gói hút ẩm dùng cho thực phẩm  - hàng chính hãng
May Anh,"Camera Wifi EZVIZ H3C 2MP Có Màu Ban Đêm, H3C 1080P Mic thu âm - Hàng Chính Hãng"
May Anh,"(Mẫu 2024) Camera 4G Yoosee 2 MẮT XEM 2 MÀN HÌNH 5.0MPX xoay 360 độ, xem đêm có màu, hỗ trợ đàm thoại 2 chiều - hàng chính hãng"
May Anh,Camera Wifi TP-Link Tapo C220 Độ Phân Giải 2K QHD Quay/Quét 360 Độ Giám Sát An Ninh - Hàng Chính Hãng
May Anh,Camera Wifi TP-Link Tapo C200 / C210 Smart IR Full HD 1080P - Hàng Chính Hãng
May Anh,Camera Wifi Yoosee 2 Mắt Xem 2 Màn Hình Cùng Lúc Ngoài Trời - Hàng Nhập Khẩu
May Anh,"Camera Wifi imou A42P 4MP 2K, Ranger 2 A22 Xoay 360 độ - Imou C22 đàm thoại 2 chiều - hàng chính hãng"
May Anh,"Camera Wifi EZVIZ H8C 4MP 2K, Quay Quét 360 Độ, Đàm Thoại 2 Chiều, Ghi Hình Màu Ban Đêm- Hàng Chính Hãng"
May Anh,Camera wifi Ezviz C6N không dây xoay 360 độ đàm thoại 2 chiều - Hàng chính hãng
May Anh,100gr (một ít) gói hút ẩm các loại 1/2/3 gram tiện dùng cho việc bảo quản và hút ẩm trong gia đình nhãn hiệu MAX DESI hàng chính hãng
May Anh,"Chân Đế Camera Xoay 360 Phù Hợp Với Camera C6N Chân Đế L Camera A22 Chân Đế Dome Camera Imou Vitacam,  - Hàng nhập khẩu"
May Anh,"Camera IP Wifi trong nhà EZVIZ C6N 4M 2K, xoay 360 độ ezviz C6N Full HD, đàm thoại 2 chiều - Hàng chính hãng"
May Anh,Bộ Pin NP-FZ100 2500mAh + Sạc Beston Dùng Cho Máy Ảnh Sony a7m4 a7m3 A7c A7R3 A7R4 A7R4 7RM3 A9M2 A7S3 a6600 - Hàng nhập khẩu
May Anh,Bộ Pin EN-EL14 1500mAh + Sạc Beston Dùng Cho Máy Ảnh Nikon D3100 D3200 D3300 D3400 D5100 D5200 D5300 D5500 D5600 P7000 - hàng nhập khẩu
May Anh,Camera IP Wifi Ngoài Trời EZVIZ H3 5MP Độ Phân Giải 3K Siêu Nét Tích Hợp AI Nhận Diện Vẫy Tay Chào - Có Màu Ban Đêm - Đàm Thoại 2 Chiều - Hàng Chính Hãng
May Anh,Camera IP 360 độ 1080P TP-Link Tapo C200 Trắng - Hàng chính hãng
May Anh,Camera IP Wifi TP-Link Tapo C200 Full HD 1080P Giám sát An Ninh - Hàng Chính Hãng
May Anh,"Camera Hành Trình, Hành Động Thể Thao SJCAM SJ4000 AIR 4K WIFI"
May Anh,Ulanzi U-40 - Combo Tay Cầm Cho Vlogger- Hàng chính hãng
May Anh,Vỉ 5 Viên Pin CR2032 Panasonic ( CR-2032/5BE x 1 Vỉ ) Lithium 3 V
May Anh,Thẻ Nhớ SDXC SanDisk Extreme Pro U3 V30 1133X 64GB 170MB/s - Hàng Chính Hãng
May Anh,Gói hút ẩm đa dụng loại 20gr - 300gr - Hàng chính hãng
May Anh,Đồng hồ đo Áp suất lốp Ô tô
May Anh,Camera hành trình 70mai M310 Ghi hình 2K (QHD) Góc quay rộng 130° (Cam trước) - Hàng chính hãng
May Anh,"Adapter sạc nguồn 2 đầu 5V -2A, 9V-2A và 12V-2A dùng cho Tivi box, Camera IP, đèn led và các thiết bị điện tử khác - Hàng chính hãng"
May Anh,Camera IP 360 Độ 2MP TP-Link Tapo TC70 - Hàng Chính Hãng
May Anh,"Camera Wifi Ngoài trời TP-Link Tapo C520WS - Độ phân giải 2K 4MP, Chống chịu thời tiết IP66, Có màu ban đêm - Hàng chính hãng"
May Anh,"Camera Wifi Ezviz 2 Mắt Trong Nhà H7C 2K 8MP, quay 360 độ, có màu ban đêm, đàm thoại 2 chiều - Hàng chính hãng"
May Anh,"Camera Wifi EZVIZ H3C 4MP 3K - H3C 3M, Có Màu Ban Đêm, Đèn Cảnh Báo - Hàng Chính Hãng"
May Anh,"Camera WiFi Yoosee 2 Mắt Ngoài Trời, Xem 2 Màn Hình Cùng Lúc, Giám Sát Ngoài Trời Chống Nước IP66 - Hàng nhập Khẩu"
May Anh,"Camera WiFi TP-Link Tapo C510W An Ninh Quay/Quét 360 Độ, Chống Nước - Hàng Chính Hãng"
May Anh,Camera WiFi Tp-link Tapo C200 An Ninh Gia Đình  - Hàng Chính Hãng
May Anh,Camera WiFi AI TP-Link Tapo C225 An Ninh Gia Đình Quay/Quét - Hàng Chính Hãng
May Anh,"CAMERA WIFI IMOU IPC A42P IMOU 4M 2K SIÊU NÉT, ĐÀM THOẠI 2 CHIỀU, XOAY 360 ĐỘ - HÀNG CHÍNH HÃNG"
May Anh,CAMERA WIFI IMOU TRONG NHÀ C22EP 1080P ĐÀM THOẠI 2 CHIỀU - HÀNG CHÍNH HÃNG
May Anh,Camera Wifi Trong Nhà Ngoài Trời PTZ EZVIZ Quay Quét 355 độ Tích Hợp Ai - Có Màu Ban Đêm - Hàng Chính Hãng
May Anh,Camera WiFi Ngoài Trời TP-Link Tapo C320WS 4MP - Hàng Chính Hãng
May Anh,ULANZI VL120 RGB (2500-9000K) - HÀNG CHÍNH HÃNG - Đèn LED đổi màu RGB | 20 hiệu ứng | Pin Lithium 3100mAh
May Anh,Camera IP wifi trong nhà IMOU Ranger 2 2MP/4MP - Hàng Chính Hãng
May Anh,Camera TP-Link Tapo C310 Wi-Fi An Ninh Ngoài Trời 3MP - Hàng Chính Hãng
May Anh, Kính hiển vi  bỏ túi đa năng MICROBRITE PLUS MM-300 (Phóng đại 60-120x) - Hàng chính hãng
May Anh, Kính hiển vi bỏ túi cao cấp Carson MicroFlip MP-250 (Phóng đại 100x -250x) có đèn tia cực tím UV kiểm tra tiền - Hàng chính hãng
May Anh, Túi hút ẩm đa dụng loại 100gr - 100gr - Hàng chính hãng
May Anh,Gói hút ẩm đa dụng loại 2gr - 100g - Hàng chính hãng
May Anh,"Camera IP HIKVISION DS-2CD1021G0-I 2MP có POE hồng ngoại 30 mét ,.-Hàng chính hãng"
May Anh,"Camera Xiaomi Wifi 360 Mi Home Security Độ Phân Giải Full HD 1080P Đàm Thoại 2 Chiều Cảm Biến Chuyển Động, Chế Độ Chống Trộm - Hàng chính hãng"
May Anh,Camera WiFi Ngoài Trời TP-Link Tapo C320WS Độ Phân Giải 2K QHD - Hàng Chính Hãng
May Anh,"Nguồn Adapter 12V 2A; 3A; 5A; 6A Cho Đèn Led, Camera - Hàng Chính Hãng"
May Anh,"Camera IP Trong nhà Tapo C212 - Quay quét 360, Độ phân giải 2K 3MP, Đàm thoại 2 chiều, Có hồng ngoại ban đêm - HÀNG CHÍNH HÃNG"
May Anh,"Camera Ezviz Dùng sim 4G H8C 3MP 2K, Cảnh báo AI, đàm thoại 2 chiều, Có màu ban đêm - Hàng chính hãng"
May Anh,"Camera Wifi IMOU 2 Mắt S2XEP Ranger Dual 6MP/10MP, quay 360 độ, có màu ban đêm, đàm thoại 2 chiều - Hàng chính hãng"
May Anh,Gói hút ẩm (tổng 200g)  gồm các gói nhỏ 1/2/3g thương hiệu MAX DESI hàng chính hãng
May Anh,"Camera WiFi TP-Link Tapo C510W / C520WS An Ninh Quay/Quét 360 Độ, Chống Nước - Hàng Chính Hãng"
May Anh,"[[MẪU NÂNG CẤP] Camera Wi-fi EZVIZ H1C/C1HC Trong Nhà, FHD 1080P, Góc Rộng Cố Định, Đàm Thoại Hai Chiều, Nén Video H265 - Hàng Chính Hãng"
May Anh,"Camera IP Yoosee PTZ Ngoài Trời 2 Màn Hình 5MPX Xem Đêm Có Màu, Hỗ Trợ Đàm Thoại 2 Chiều Xoay 360 Độ - Hàng Chính Hãng"
May Anh,"Camera Wifi Ngoài Trời EZVIZ H8 Pro 2K 3K Siêu Nét, Màu Ban Đêm - Hàng chính hãng"
May Anh,"Pin sạc CR2 BESTON 300mAh dùng cho máy ảnh, camera, thiết bị đo, đèn pin, ống nhòm - Hàng chính hãng"
May Anh,"Camera Wifi EZVIZ H8C 3MP 2K, Quay Quét 360 Độ, Đàm Thoại 2 Chiều, Ghi Hình Màu Ban Đêm- Hàng Chính Hãng"
May Anh,"Camera WiFi EZVIZ H8 3K - Độ Phân Giải 5MP, Bao Phủ Toàn Cảnh 360 Độ, Phát Hiện Con Người, Đàm Thoại 2 Chiều - HÀNG CHÍNH HÃNG"
May Anh,1 Kg (200 gói) hút ẩm loại 5gr nhãn hiệu MAX DESI hàng chính hãng
May Anh,"Camera Wifi Trong Nhà EZVIZ C6N 1080P QUAY 360 độ, đàm thoại 2 chiều - hàng chính hãng"
May Anh,Bộ Pin LP-E6 2000mAh + Sạc Beston Dùng Cho Máy Ảnh Canon EOS 60D 70D 80D 90D 6D 7D 5D Mark IV 5DSR - Hàng nhập khẩu
May Anh,Camera Wifi Trong Nhà EZVIZ C6N 4MP 2K Quay Quét 355 độ - Đàm thoại 2 chiều - Hàng Chính Hãng
May Anh,Thẻ nhớ SDXC Sandisk Ultra 64GB upto 100MB/s UHS-I (cho máy ảnh) - Hàng chính hãng
May Anh,ULANZI MT-09 - HÀNG CHÍNH HÃNG - Chân Tripod mini dành cho GoPro 8/7/6/5
May Anh,Camera Wifi TP-Link Tapo C310 3MP An Ninh Ngoài Trời - Hàng Chính Hãng
May Anh,Camera IP Dome hồng ngoại 2.0 Megapixel HIKVISION DS-2CD1123G0E-I(L) - HÀNG CHÍNH HÃNG
May Anh,Máy Ảnh Sony ZV-1 - Chính Hãng
May Anh,"Gói hút ẩm Secco silica gel 100gr  - 1kg(10 gói) - bảo quản thiết bị điện tử, máy ảnh không ẩm móc - Chính hãng - Vải trắng - Chữ to xanh 2 mặt."
May Anh, Túi hút ẩm đa dụng loại 50gr - 1Kg - Hàng chính hãng
May Anh,Thẻ Nhớ SD Ultra Sandisk 64GB Class 10 - 48MB/s - Hàng Chính Hãng
May Anh,Camera IP Wifi Trong Nhà EZVIZ C6N 1080p (CS-C6N) - Hàng Chính Hãng - KHÔNG
May Anh,Camera IP Xiaomi Smart Camera C300 360 độ - 2K Hàng Chính Hãng
May Anh,"Camera Yoosee Ngoài Trời F50 3 MẮT MÁY BAY ĐỘC LẬP, Xoay 3 Mắt Cùng Lúc Đa Chiều, Đầy Đủ Tính Năng, Hàng Nhập Khẩu"
May Anh,"Camera Hành Trình Ô Tô 70mai A500S - 1944P, GPS, Cảnh Báo Va Chạm - Hàng chính hãng"
May Anh,Chân giá đỡ máy chụp ảnh/ quay phim Tripod 3366 + Giá đỡ điện thoại - Hàng chính hãng
May Anh,"Camera Wifi Ezviz C6C 8M - 4K Siêu Rõ Nét, Quay Quét 360 độ , Đàm thoại 2 chiều, Có màu ban đêm, Phát hiện người AI - hàng chính hãng"
May Anh,"Camera Năng Lượng Mặt Trời 4G Không Dây NetCAM STL4G, Chất lượng video HD 4MP, Dùng Sim 4G, Dung lượng pin 8000mAh - Hàng Chính Hãng"
May Anh,Camera Wifi TP-Link Tapo C211 Độ Phân Giải 2K UHD Quay Quét 360 Độ - Hàng Chính Hãng
May Anh,"Camera Yoosee Wifi 2 Mắt Ngoài Trời 2 Màn Hình 5MP Xem Đêm Có Màu, Hỗ Trợ Đàm Thoại 2 Chiều Xoay 360 Độ - Hàng Nhập Khẩu"
May Anh,"Camera EZVIZ TY1 2MP Full HD, Đàm Thoại Hai Chiều - HÀNG CHÍNH HÃNG"
May Anh,"Camera Yoosee 3 Râu 5.0Mpx 11 Led Góc Rộng Siêu Nét Full Hd Hồng Ngoại Quay Đêm, Đàm Thoại 2 Chiều Full Box Hàng Chính Hãng"
May Anh,CAMERA WIFI IMOU NGOÀI TRỜI IPC-S42FP-IMOU 4MP 2K CÓ MÀU BAN ĐÊM - ĐÀM THOẠI 2 CHIỀU - HÀNG CHÍNH HÃNG
May Anh,Camera Wifi Imou Bullet 2 pro (2MP) I Phát hiện con người I Tích hợp đèn còi I Đàm thoại I Hàng chính hãng
May Anh,Camera Wifi Trong Nhà EZVIZ TY1 Full HD 1080P Quay Quét 355 độ - Đàm Thoại 2 Chiều - Hàng Chính Hãng
May Anh,"Camera IMOU Cue 2, Camera Wifi độ phân giải 2 megapixel, đàm thoại 2 chiều, phát hiện người bằng AI thông minh - Hàng Chính Hãng"
May Anh,"ULANZI MT-33 - HÀNG CHÍNH HÃNG - Chân Tripod bạch tuộc dành cho Máy ảnh và Điện thoại, Ballhead xoay 360°"
May Anh,"Thẻ nhớ SanDisk Ultra SDHC, SDUNR 32GB, C10, UHS-I, 100MB/s_SDSDUNR-032G-GN3IN - Hàng Chính Hãng"
May Anh,Pin CR2 Panasonic Lithium Photo Power 3V chính hãng vỉ 1 viên
May Anh,Máy chụp ảnh cao cấp mini dành cho bé yêu tặng kèm thẻ nhớ 32G - Hàng nhập khẩu
May Anh,Camera Wi-Fi TP-Link Tapo C200 1080P (2MP) An Ninh Gia Đình Có Thể Điều Chỉnh Hướng - Hàng Chính Hãng
May Anh," 1 Kg hạt hút ẩm silica gel (hạt trắng, rời) kèm 10 túi vải - Hàng chính hãng"
May Anh,1 Kg chống ẩm hạt xanh đậm tặng kèm 10 túi vải - Hàng chính hãng
May Anh,"Chân máy (Tripod) máy ảnh, điện thoại Weifeng WT-3642B - Hàng Nhập Khẩu"
May Anh,Thẻ Nhớ SD SanDisk Ultra Class 10 32GB - 48MB/s - Hàng Chính Hãng
May Anh,"Balo máy ảnh, balo camera chống nước NATOLI, nhiều ngăn đựng laptop đi du lịch Chính hãng BST Durable Premium Camera Backpack B29"
May Anh,"Camera wifi trong nhà TP-Link Tapo C220 - Độ phân giải 4K 2MP, Đàm thoại 2 chiều, Quay quét 360 độ - HÀNG CHÍNH HÃNG"
May Anh,"[Hàng hot ] Camera Wifi Ngoài Trời Xoay 360° Tenda CH3 Độ Phân Giải 1080P/2MP đàm thoại 2 chiều, ban đêm có màu - Hàng chính hãng"
May Anh,"Camera wifi Imou C32SP/C32EP 3M Hình ảnh rõ nét, tích hợp còi báo động, lưu trữ đến 256gb - Hàng chính hãng"
May Anh,Camera WiFi TP-Link Tapo C500 An Ninh Quay/Quét Ngoài Trời - Hàng Chính Hãng
May Anh,Camera Wifi Trong Nhà EZVIZ C6N 2M FHD 1080P Quay 355 độ - Đàm thoại 2 chiều - Hàng Chính Hãng
May Anh,"Ống nhòm nhìn ngày, đêm BARSKA NVX-700 (Phóng đại 9x) - Hàng Chính Hãng"
May Anh,Ulanzi MT-09 - Tripod Tích Hợp Gậy Selfie Cho GoPro Và Action Camera - Hàng chính hãng
May Anh,Pin Panasonic CR 1632 -Hàng chính hãng
May Anh,Pin D Carbon Panasonic R20UT/2S chính hãng
May Anh,Balo máy ảnh Think Tank PhotoTurnstyle 20 V2.0 Blue Indigo - Hàng Chính Hãng
May Anh,Camera HD-TVI Trụ Hồng Ngoại 2MP HIKVISION DS-2CE16D0T-IRP - Hàng Chính Hãng 
May Anh,Ống Nhòm Ngày Fomei 8-24x50 ZCF New - Hàng chính hãng
May Anh,Camera IP Wifi Ngoài Trời EZVIZ C3TN 3MP 2K Color Night Vision Tích Hợp Ai - Có Màu Ban Đêm - Đàm Thoại 2 Chiều - Hàng Chính Hãng
May Anh,"Camera Wifi ngoài trời 3MP IMOU IPC-F32P, Tầm nhìn ban đêm 30m, Tích hợp mic - Hàng chính hãng"
May Anh,Camera Hành Trình Xe Ô Tô WDR X600 FULL HD 1080P - Hàng Nhập Khẩu
May Anh,"Bịch hút ẩm , bịch chống ẩm loại lớn 50/100/200g (tổng đói gói 500g) thương hiệu MAX DESI hàng chính hãng"
May Anh,Hohem Isteady X2 / Hohem ISteady X3 SE / Hohem ISteady X3 - Gimbal | Tay cầm chống rung có remote điều khiển từ xa dùng cho smartphone - Hàng Chính Hãng
May Anh,Camera Yoosee PT năng lượng mặt trời CG19-46 (Solar PT Camera 4.0MPx) - Hàng chính hãng
May Anh,"Camera IP Ngoài Trời Ezviz H3 2K 3MP - Phát hiện chuyển động thông minh, độ sắc nét cao, có màu ban đêm, vỏ hợp kim nhôm chống chịu thời tiết, chống nước IP 67 - Hàng chính hãng "
May Anh,"200 gram túi hút ẩm loại vừa 5/10/20/50 gr dùng để bảo quản tủ quần áo, tủ giày, gia dụng, thiết bị điện tử, bảo quản thực phẩm nhãn hiệu MAX DESI hàng chính hãng"
May Anh,"Adapter - Nguồn Tổng 12V Dùng cho camera Hikvision, Dahua, KBvision, Camera IP, đèn Led"
May Anh,Camera Yoosee Bóng Đèn Thế Hệ Mới 8 Led 5.0Mp Góc Rộng Siêu Nét Full Hd Hồng Ngoại Quay Đêm Hàng Chính Hãng
May Anh,Bộ Pin NP-FW50 2000mAh + Sạc Beston Dùng Cho Máy Ảnh Sony a6100 a6300 a6500 a7m2 r2 s2 a5100 NEX-C3 NEX-C7 a33 a37 a55 - Hàng nhập khẩu
May Anh,Camera IP Wifi Ngoài Trời EZVIZ C3TN 2MP Full HD 1080P Tích Hợp Mic Thu Âm - Chống Ngược Sáng - Hàng Chính Hãng
May Anh,"CAMERA WIFI EZVIZ C1C-B 1080P NHỎ GỌN, siêu nét, Đàm thoại 2 chiều - Hàng chính hãng"
May Anh,Thẻ nhớ SDHC Sandisk Ultra 16GB upto 80MB/s UHS-I (cho máy ảnh) - Hàng chính hãng
May Anh,Camera wifi ngoài trời 3.0 có màu ban đêm Tenda CT6 chính hãng
May Anh,Camera wifi trong nhà Ezviz C1C-B 2MP đàm thoại 2 chiều - Hàng chính hãng
May Anh,Ulanzi Giá Đỡ Ba Chân Ulanzi MT-34 Di Động Xoay 360 Độ Với Ốc Vít 1 / 4 Inch Cho Máy Ảnh - Hàng nhập khẩu
May Anh,Camera EZVIZ C1C-B 1080P – Camera IP Wifi trong nhà thông minh Chính hãng Nhà An Toàn
May Anh,Camera IP 1080P Xiaomi Mi Home Magnetic Mount QDJ4065GL Trắng - Hàng Chính Hãng
May Anh,Bộ Sạc Nhanh Panasonic  BQ CC55 (Smart Quick Charger ) Kèm 4 Pin Eneloop AA BK3MCCE 2000 mah Hàng Chính Hãng
May Anh,Camera IP WIFI IMOU RANGER 2 IPC - A22EP Full HD 1080P - Hàng Chính Hãng
May Anh, Ống nhòm cao cấp Carson Tracker TZ-821 - Hàng chính hãng
May Anh,Ổ cứng camera HDD WD Purple 2TB - Hàng Chính Hãng
May Anh,Ống Nhòm Ngày Fomei 7x50 ZCF - Hàng chính hãng
May Anh,Chân Máy Ảnh Tripod Weifeng 3520 - Hàng Nhập Khẩu
May Anh,Bộ pin sạc PanaSonic Eneloop 2550 Mah (Made in Japan) - Hàng chính hãng
May Anh,"Ulanzi JJ03 - Tripod Đa Năng 3 Trong 1, Vòng Nam Châm MagSafe, Bluetooth Remote Và Xoay 360 Độ Cho Điện Thoại - Hàng chính hãng"
May Anh,Đầu ghi EZVIZ IP không dây 8 kênh CS-X5S(8W)  4 kênh EZVIZ X5S 4W - hàng chính hãng
May Anh,Camera ngoài trời Xiaomi Outdoor Camera CW300 - GiaPhucStore | Hàng Chính Hãng
May Anh,"Camera WiFi TP-Link Ngoài trời Tapo C510W / C520WS - Độ phân giải 2K, Quay Quét 360 Độ, Chống Nước, Báo động âm thanh - HÀNG CHÍNH HÃNG"
May Anh,"Ulanzi CapGrip - Kẹp Điện Thoại Cầm Tay Kết Hợp Điều Khiển Bluetooth Chụp Hình, Quay Phim - Hàng chính hãng"
May Anh,Balo đựng máy ảnh cao cấp mẫu mới thời trang - T0383
May Anh,Camera Wifi Trong Nhà Xoay 360 IMOU RANGER A2 4MP Sắc Nét - Hàng chính hãng
May Anh,"Camera Wifi Ngoài Trời IMOU F22P, F22FP 2MP Chống Nước, Có Mic Thu Âm - Hàng chính hãng"
May Anh,Balo chuyên dụng đựng máy ảnh - BL014
May Anh,Bộ Pin LP-E17 1040mAh + Sạc Beston Dùng Cho Máy Ảnh Canon EOS M3 EOS M5 EOS M5 EOS 750D EOS 760D EOS 800D EOS 77D EOS RP - Hàng nhập khẩu
May Anh,Camera IP Wifi Ngoài Trời EZVIZ C3TN 2MP 1080P Color Night Tích Hợp Mic Thu Âm - Có Màu Ban Đêm - Hỗ Trợ Thẻ Nhớ Lên 256G - Hàng Chính Hãng
May Anh,Camera Wifi TP-Link Tapo C210 Độ Phân Giải 3MP Lưu trữ 256GB Giám Sát An Ninh - Hàng Chính Hãng
May Anh,"(Loại Tốt) Chân Giá Đỡ KhoNCC-KLM-Tripod3366 Hàng Chính Hãng Cho Máy Chụp Ảnh, Điện Thoại, ActionCam - (Nhiều màu)"
May Anh,"Camera IP Wifi Imou IPC-F22FP-IMOU Full HD 1080P,lắp ngoài trời - Hàng Chính Hãng"
May Anh,Camera An Ninh Không Thấm Nước EZVIZ CS - CV228 C4W  A0-3C2WFR (1080P) (2.8mm)   - Hàng chính hãng
May Anh,"Chân Máy Ảnh Weifeng WT-3560 (1,7m) - Hàng Nhập Khẩu"
May Anh, Kính thiên văn cao cấp Carson AIM MTEL-50 - Hàng chính hãng
May Anh,Camera wifi Yoosee chuẩn 3 râu 11 LED Full HD - hàng chính hãng
May Anh,"Ulanzi MT-65 - Chân Đế Di Động Điều Khiển Từ Xa Bluetooth Dành Cho Máy Ảnh, Điện Thoại, Tải Trọng 8 Kg - Hàng chính hãng"
May Anh,"Emeet TD303 - Tripod Mini Dành Cho Webcam, Điện Thoại, Chiều Cao Tối Đa 31cm - Hàng chính hãng"
May Anh,"Magic Arm R094 - Kẹp Đa Năng, Xoay 360 Cho Máy Ảnh, Gopro- hàng nhập khẩu"
May Anh,Pin CR123 Energizer Lithium 3V dùng cho máy ảnh (vỉ 1 viên) - Hàng chính hãng
May Anh,"Camera wifi AI thông minh Ezviz H6 5MP 3K siêu nét, xoay 360 Độ, Đàm thoại 2 chiều - hàng chính hãng"
May Anh,Camera Wifi TP-Link Tapo C212 Độ Phân Giải 2K QHD Quay/Quét 360 Độ Hỗ Trợ Cổng LAN - Hàng Chính Hãng
May Anh,Camera Hikvision IP Wifi Ngoài Trời DS-2CV2021G2-IDW Đàm Thoại 2 Chiều - Hàng chính hãng
May Anh,"Camera Xiaomi MI Home Security C400 (BHR6619GL) - Bảo mật thông minh với độ rõ nét 2,5K - Hàng chính hãng"
May Anh,1 Kg gói hút ẩm loại 1/2/3/5/10/20/50/100/200/500/1000 gram đa dụng nhãn hiệu MAX DESI hàng chính hãng
May Anh,[12.12 Tặng đế] Camera Wifi Imou Ranger A2 (4MP) I Phát hiện con người I Xoay toàn cảnh 360 I Đàm thoại I Hàng chính hãng
May Anh,"Camera IMOU A1, Camera Xoay 360, AI Phát hiện người, màng trập riêng tư 2MP - Hàng Chính Hãng"
May Anh,Camera IP Wifi Trong Nhà EZVIZ TY1 1080p - Hàng chính hãng
May Anh,Túi đeo máy ảnh Think Tank Vision 13 - Hàng chính hãng
May Anh,Bộ Sạc Nhanh Panasonic BQ CC55 Kèm 8 Pin Eneloop ( 4 Pin AA 2000 mAH + 4 Pin AAA 800 mAh ) Made In Japan - Hàng Chính Hãng
May Anh,Bộ Sạc Pin Panasonic K - KJ51 Kèm 02 Pin Eneloop 2000 mah Hàng Chính Hãng
May Anh,Bộ Sạc Kèm 4 Pin AA 2000mAh Chính Hãng Panasonic - Hàng Chính Hãng
May Anh,Ống Nhòm Một Mắt Fomei 10x25 MONO BEATER - Hàng chính hãng
May Anh,Camera ngoài trời TP-Link Tapo Outdoor Home Security Wifi 4MP 2K C320WS - Hàng chính hãng
May Anh,"Camera IP Wifi EZVIZ H7C Dual - 2 Camera 4MP + 4MP Quay quét 360 Độ, Gọi Điện Hai Chiều - Hàng Chính Hãng"
May Anh,"Camera Ezviz Pin Sạc EB8 2K dùng Sim 4G, Tặng Kèm Tắm Pin NLMT, định vị GPS, có màu ban đêm - Hàng chính hãng"
May Anh,"Camera IP Wifi IMOU Cruiser S42FP 4MP S22FP Quay 360 độ, Cruiser SE S41FP 4M, S21FP Có Màu Đêm - hàng chính hãng"
May Anh,"Camera Wi-fi EZVIZ H8 PRO 2K & 3K, Quay Quét 360 Độ Ngoài Trời, Ghi Hình Màu Ban Đêm, Đàm Thoại 2 Chiều - Hàng Chính Hãng"
May Anh,Camera IP Wifi Ezviz TY1 Quét 360 Độ Hồng Ngoại Đêm Lên Đến 10M Đàm Thoại Hai Chiều Theo Dõi Chuyển Động - Hàng Chính Hãng
May Anh,Bộ Pin LP-E8 1800mAh + Sạc Beston Dùng Cho Máy Ảnh Canon EOS 550D 600D 650D 700D Kiss X4 X5 X6i - Hàng nhập khẩu
May Anh,CAMERA WIFI TRONG NHÀ EZVIZ TY1 4MP 2K QUAY QUÉT 360 ĐỘ - ĐÀM THOẠI 2 CHIỀU - HÀNG CHÍNH HÃNG
May Anh,Combo Camera Wi-fi EZVIZ C8C 2MP Ngoài Trời Kèm Thẻ Nhớ  32GB/64GB - Hàng Chính Hãng
May Anh,Bộ Kit camera Wifi HIKVISION NK42W0H(D) (4 CAMERA + 1 Đầu ghi ) - Hàng chính hãng
May Anh,"Camera IP Wifi trong nhà đàm thoại 2 chiều Yoosee 3 Râu, công nghệ mới 3.0 Full HD 1080P New 2020  - Hàng chinh hãng"
May Anh,Kính hiển vi Carson MS-040SP (40-400x) gắn điện thoại - Hàng chính hãng
May Anh,Camera Wifi thông minh EZVIZ C6N 1080P (CS-C6N-A0-1C2WFR) - TẶNG KÈM THẺ 32GB - HÀNG CHÍNH HÃNG
May Anh,"Bộ thu phát không dây cho camera IP dùng trong thang máy và ngoài trời  Mercury MWB505 tốc độ ( 5.8Ghz, 867Mb ) sóng 0 đến 5km  - Hàng nhập khẩu"
May Anh,"1 Kg gói hút ẩm loại 3gram, thương hiệu SECCO - Hàng chính hãng"
May Anh,Gói hút ẩm đa dụng loại 10gr
May Anh,Camera WIFI IP DELI Hàng Chính Hãng Xoay 360 Độ Đàm Thoại 2 Chiều Mắt Nhìn Hồng Ngoại Theo Dõi Phát Hiện Chuyển Động
May Anh,"Camera WIFI EZVIZ H6C 4MP - Độ Phân Giải 2K, Xoay 360 độ, Đàm Thoại 2 Chiều - Hàng chính hãng"
May Anh,Camera Wifi Ezviz CS-H3-3K 5.0MP(1J5WKFL) Phát hiện chuyển động ban đêm có màu - hàng chính hãng
May Anh,"1kg hút ẩm size nhỏ 1/2/3/5 gr rất nhiều gói nhỏ dùng cho gia đình, bảo quản thực phẩm, thiết bi điện tử, sách vở nhãn hiệu MAX DESI hàng chính hãng"
May Anh,Ống nhòm chống nước kèm bộ chuyển đổi điện thoại thông minh Carson MonoPix MP-842IS - Hàng Chính Hãng
May Anh,Camera Wifi EZVIZ C6N - HÀNG CHÍNH HÃNG
May Anh,"Hohem iSteady X - gimbal chống rung 3 trục cho điện thoại siêu nhỏ, siêu nhẹ. Hàng chính hãng"
May Anh,Micro thu âm Saramonic Blink 500 B6 hàng chính hãng.
May Anh,Camera IP EZVIZ CS-C3N ( A0-3H2WFRL / A0-3G2WFL1 ) 1080P Có Màu Ban Đêm - Hàng Chính Hãng
May Anh,DÂY MÁY ẢNH ĐEO TAY  - CHÍNH HÃNG KHẮC TÊN
May Anh,Ống nhòm một mắt zoom 7x - 21x Carson ZM-721 - Hàng chính hãng
May Anh,Chân Máy Ảnh Yunteng VCT- 668 - Hàng Chính Hãng
Phu Kien Thoi Trang,Mũ Chống Nắng Nữ – Nón Hở Chóp Thể Thao Chống Tia UV Hiệu Quả - HÀNG CHÍNH HÃNG MINIIN
Phu Kien Thoi Trang,Cài tóc băng đô nhựa gấp gọn bỏ túi tiện lợi co giãn được hot trend Tatitava
Phu Kien Thoi Trang,Combo 5 Đôi Tất Cổ Trung Cùng Màu Cotton Thương Hiệu MRM Manlywear
Phu Kien Thoi Trang,Bộ găng tay chống nắng xỏ ngón
Phu Kien Thoi Trang,Khăn lụa đa năng thời trang Hàn Quốc quàng cổ và làm phụ kiện AKL86
Phu Kien Thoi Trang,Combo 5 Đôi Tất Cổ Ngắn Cùng Màu Cotton Thương Hiệu MRM Manlywear
Phu Kien Thoi Trang,"Găng Tay Chống Nắng UPF 50+ Cho Nữ - Chống Tia UV, Chống Trượt, Dành Cho Lái Xe Máy - HÀNG CHÍNH HÃNG MINIIN"
Phu Kien Thoi Trang,30 Tờ Hình Xăm Dán Tattoo Tha Thu Từ 55 - 120 Mẫu
Phu Kien Thoi Trang,KHẨU TRANG DÂY RÚT CHỐNG NẮNG UPF50
Phu Kien Thoi Trang,khăn rằn nam bộ
Phu Kien Thoi Trang,"Khóa Cài, Khuy Gài Nới Rộng Eo Quần Không Cần May Điều Chỉnh Thắt Lưng Jean Váy Jean Cho Nam Nữ Tiện Lợi Legaxi"
Phu Kien Thoi Trang,[Một Cặp] Kính Áp Tròng Australia Cận Thị Không Màu Mediclear 3 Tháng + Khay Đựng
Phu Kien Thoi Trang,"Nón Tai Bèo Kaki vành nhỏ (có 3 màu), có dây quai chống bay nón, vành rộng che nắng tốt"
Phu Kien Thoi Trang,Combo 5 Đôi Tất Nam Vớ Nam Cổ Ngắn Sợi Cotton Mix Màu
Phu Kien Thoi Trang,"Dây đeo mắt kính giữ gọng kính, chơi thể thao chống rơi kính Trượt Chất Liệu Nhựa Silicon, Ôm Sát Vòng Đầu Phiên Bản Nâng Cấp Chơi Thể Thao Sports"
Phu Kien Thoi Trang,Dây lưng thắt lưng nam mặt khóa tự động hợp kim cao cấp phong cách cá tính
Phu Kien Thoi Trang,"Móc Cài Tai Silicon Siêu Dẻo, Giúp Giữ Gọng Kính Không Bị Tuột Khi Chạy, Nhảy, Chơi Thể Thao, Màu Đen, Trong Suốt"
Phu Kien Thoi Trang, Set mũ len kèm khăn ống lót lông cho nam nữ siêu ấm
Phu Kien Thoi Trang,"Dây đeo mắt kính giữ gọng kính, chơi thể thao chống rơi kính K02"
Phu Kien Thoi Trang,"RÈM CHE NẮNG, CHẮN NẮNG CÁCH NHIỆT, CHỐNG TIA UV"
Phu Kien Thoi Trang,"Thắt lưng nam, dây nịt nam da bò thật nguyên tấm Bụi Leather L110 - Khóa tự động, nhiều mặt khóa tùy chọn - Bảo hành 12 tháng"
Phu Kien Thoi Trang,khẩu trang/nón chống nắng bằng lụa lạnh thoáng khí bảo vệ toàn diện chống tia UV
Phu Kien Thoi Trang,"Khẩu trang y tế 5 lớp N95+ KHÁNH AN KAN95+ kháng khuẩn màng lọc ngăn 95% bụi mịn nhỏ hơn 2.5 micromet và 99% tia UV, có đệm xốp không bám hơi kính"
Phu Kien Thoi Trang,Kính Viễn Thị Lão Đọc Sách Lắp Sẵn Độ Gọng Khoan Không Viền Cho Người Trung Niên Già Lớn Tuổi Ông Bà Cha Mẹ Bạc Đen
Phu Kien Thoi Trang,Băng đô giữ tóc vải mịn Song An Eco TB07
Phu Kien Thoi Trang,Găng tay Nonstop chống nắng UPF50+ kem đen Zigzag GLV01004
Phu Kien Thoi Trang,"Khẩu trang vải Azumikichi màu đen, khẩu trang thời trang cao cấp sang trọng"
Phu Kien Thoi Trang,"Thắt lưng nam, dây nịt nam da bò thật nguyên tấm Bụi Leather L111 - Khóa tự động, nhiều mặt khóa tùy chọn - Bảo hành 12 tháng"
Phu Kien Thoi Trang,Khẩu trang chống nắng UPF50+ Black Zigzag MAS00117
Phu Kien Thoi Trang,Thắt lưng nam dù chiến thuật mặt nhựa bền mạnh mẽ cá tính 203915 m
Phu Kien Thoi Trang,"Găng Tay Đi Phượt Hở Ngón 5.11 U890, Găng Tay Phượt, Tập Gym, Thể Thao Đa Năng  - HÀNG CHÍNH HÃNG"
Phu Kien Thoi Trang,Trâm cài tóc bằng sừng bò Châu Phi (HH601) đục khắc hình dễ thương - Đủ kiểu dáng
Phu Kien Thoi Trang,"Máy làm sạch mắt kính , đồ trang sức dùng sóng siêu âm cỡ nhỏ thiết kế di động sử dụng tại nhà hàng chất lượng cao"
Phu Kien Thoi Trang,Set 2 đôi quần tất Nhật SABRINA Heat Top tạo nhiệt công nghệ mới Stretch Thermo (SB601)
Phu Kien Thoi Trang,Băng Đô Cài Tóc Tai Mèo
Phu Kien Thoi Trang,Combo 5 Đôi Tất Hài(Lười) Cùng Màu Cotton Thương Hiệu MRM Manlywear
Phu Kien Thoi Trang,Kẹp tóc nơ voan kim tuyến dễ thương KAH162
Phu Kien Thoi Trang,Bộ dây cột tóc phong cách Hàn quốc 3 món khác nhau+ Tặng kèm hình dán ngộ nghĩnh
Phu Kien Thoi Trang,Nón cao bồi mũ phớt cao bồi nam nữ phong cách Mỹ dona22041904
Phu Kien Thoi Trang,"Combo 5 Đôi Tất Vớ Thể Thao Nam Cổ Ngắn, Sợi Cotton Cao Cấp Chống Hôi Chân, Chống Phồng Rộp Chân, Chống Trượt, Co Giãn 4 Chiều Thương Hiệu MRM FASHION"
Phu Kien Thoi Trang,"Hộp 24 dây thun buộc tóc,cột tóc nhiều kiểu"
Phu Kien Thoi Trang,Mặt Khóa Thắt Lưng Cá Sấu Chuẩn 3.5 cm. Kim Loại Đúc + Khóa Tự Động
Phu Kien Thoi Trang,"Nón rộng vành gấp gọn chống nắng, chống tia UV DN20rv02"
Phu Kien Thoi Trang,Cột tóc scrunchies màu xanh lục ánh kim sang trọng size trung lớn
Phu Kien Thoi Trang,Combo 5 Đôi Tất Nam Vớ Nam Cổ Ngắn Sợi Cotton Cùng Màu
Phu Kien Thoi Trang,Kẹp tóc đuôi ngựa đính đá sang trọng - Kẹp tóc đuôi ngựa hoa hồng - Kẹp tóc đuôi ngựa ngọc trai
Phu Kien Thoi Trang,"Thắt Lưng Nam Vải Dù US ARMY, Dây Nịt Vải Dù Bền Chắc, Khóa Hợp Kim Siêu Bền Cao Cấp- HÀNG CHÍNH HÃNG"
Phu Kien Thoi Trang,"Kẹp tóc sau đính đá mẫu mới, kẹp tóc búi sau hoa đính đá sang trọng mẫu mới"
Phu Kien Thoi Trang,"Khăn Choàng Cổ Nam Nữ Unisex Chất Len Cashmere Cao Cấp Mềm Mịn, Khăn Len Quàng Cổ 70x200cm"
Phu Kien Thoi Trang,"Combo 5 Đôi Tất Vớ Thể Thao Nam Cổ Dài, Sợi Cotton Cao Cấp Chống Hôi Chân, Chống Phồng Rộp Chân, Chống Trơn Trượt Co Giãn 4 Chiều Thương Hiệu MRM FASHION - CM"
Phu Kien Thoi Trang,Gọng kính titanium LS9002 nửa khung thời trang nam cao cấp siêu nhẹ siêu bền OURESS
Phu Kien Thoi Trang,[CHỌN MÀU- 1 CẶP]-Găng tay lông hình thú cao cấp hình gấu- Găng tay giữ ấm khi đi du lịch/ chống nắng khi lái xe- Găng tay hở ngón mềm mịn
Phu Kien Thoi Trang,"Kính Râm, Kính Mát Nam Nữ Mắt Phi Công Tráng Gương Gọng Khoan Hàn Quốc - BLUE LIGHT SHOP"
Phu Kien Thoi Trang,Combo 5 Đôi Tất Nam Vớ Nam Cổ Dài Sợi Cotton Cùng Màu
Phu Kien Thoi Trang,TẤT / VỚ LƯỜI / HÀI TRƠN LOGO ROUTINE nhiều màu UNISEX FREESIZE - 10S22SOC003 | LASTORE MENSWEAR
Phu Kien Thoi Trang,"Thắt Lưng Nam Cao Cấp Vải Dù Bền Bỉ, Mặt Khóa Tự Động U859 US ARMY Phong Cách Lính Mỹ -HÀNG CHÍNH HÃNG"
Phu Kien Thoi Trang,Khăn choàng thêu đa năng phong các vintage dễ thương SKC52
Phu Kien Thoi Trang,"Combo 5 đôi quần tất dứa siêu mỏng, siêu bền freesize"
Phu Kien Thoi Trang,Bờm cài tóc nam - nữ màu đen bằng sắt siêu bền
Phu Kien Thoi Trang,Kính râm Nam nhựa Mắt vuông basic (ĐEN)
Phu Kien Thoi Trang,Nón khẩu trang chống nắng UPF50+ xám Zigzag MAS00308 size
Phu Kien Thoi Trang,Bộ Năm Cặp Kính Áp Tròng Trong Suốt Dùng 1 ngày Eye Secret- 7.Năm độ 
Phu Kien Thoi Trang,Cột tóc giả tạo hình búi tóc dễ dàng HD124
Phu Kien Thoi Trang,Vớ tất lười nữ Basic ELLE EBW LINER010
Phu Kien Thoi Trang,Combo 5 đôi tất hài chống trơn trượt Hàn Quốc (Giao Màu Ngẫu Nhiên)
Phu Kien Thoi Trang,"Dây Lưng Vải Nam U689 US ARMY Phong Cách Lính, Mặt Khóa Hợp Kim Thép Không Ghỉ Sáng Bóng-HÀNG CHÍNH HÃNG"
Phu Kien Thoi Trang,"Tất cổ cao nữ bèo nhún, vớ bèo nhún nữ cổ cao màu trơn basic thời trang Vintage Hàn Quốc"
Phu Kien Thoi Trang,Thắt Lưng Da Thật Bản Nhỏ 2cm Aaa Jeans
Phu Kien Thoi Trang,Combo 2 Mắt Kính Bảo Hộ Mắt
Phu Kien Thoi Trang,"Găng tay băng lụa xỏ ngón chống nắng Rhino S102, tất tay nam nữ, chống tia UV, chống bụi, UPF50+, Hàng chính hãng"
Phu Kien Thoi Trang,Thùng 300 chiếc khẩu trang 4D khẩu trang KF94 tiêu chuẩn Hàn Quốc
Phu Kien Thoi Trang,Mũ Nón len nữ nam beret lưỡi trai 2 lớp dệp kim thời trang Hàn Quốc màu trắng DN19121640
Phu Kien Thoi Trang,"Mũ lưỡi trai - nón trơn unisex nam nữ chống nắng phong cách đơn giản, trẻ trung"
Phu Kien Thoi Trang,"Hộp 5 đôi tất vớ đi giày tây nam công sở cổ cao MRM Manlywear, sợi cotton organic cao cấp thoáng khí, chống hôi chân"
Phu Kien Thoi Trang,"Hộp 5 đôi tất vớ nam cổ ngắn MRM Manlywear - mix màu, chất liệu sợi cotton êm chân, mềm mại thoáng mát, chống hôi chân"
Phu Kien Thoi Trang,"Kính Lão, Kính Viễn 2 Tròng Gọng Khoan Sang Trọng Vừa Dùng Đi Đường Vừa Dùng Đọc Sách, Chống tia Uv400, Chống Lóa - BLUE LIGHT"
Phu Kien Thoi Trang,"Trâm cài tóc bằng gỗ Cẩm Lai/Trắc (Đủ kiểu dáng) HH600 - phong cách cổ trang, điêu khắc sang chảnh HOT TREND cho nữ  - HAHANCO"
Phu Kien Thoi Trang,"Khẩu trang băng lụa chống nắng cao cấp Rhino S251, khẩu trang nam nữ, chống tia UV, chống bụi, UPF50+, Hàng chính hãng"
Phu Kien Thoi Trang,"Bộ dụng cụ tua vít đa năng sửa kính, mắt kính"
Phu Kien Thoi Trang,Khăn lụa vuông trơn mầu basic dễ thương AKL85
Phu Kien Thoi Trang,Kẹp tóc ngọc trai - kẹp tóc sau - kẹp tóc đỉnh
Phu Kien Thoi Trang,Dây Đai Half Belt Thắt Lưng Dây Nịt Quần Thun Co Giãn Không Khoá LeGaXi
Phu Kien Thoi Trang,Thắt lưng nam da bò AT Leather - P142
Phu Kien Thoi Trang,Khăn vuông lụa sang trọng
Phu Kien Thoi Trang,"Tất Vớ Lười Nam Nữ UNISEX Air Seven AS-PI101 Trắng, Đen, Xanh đen, Xám"
Phu Kien Thoi Trang,"Quạt Kẹp Bình 12V, Có 3 Tốc Độ Gió Khác Nhau, Loại CN B3, Cánh 30cm gió mạnh."
Phu Kien Thoi Trang,Vớ Quần tất Nhật Bản dòng Shape vỏ xanh có áp lực nén da đẹp và săn chắc hơn dùng hàng ngày chống nắng
Phu Kien Thoi Trang,Kính Viễn Thị Lão Đọc Sách Lắp Sẵn Độ Gọng Nhựa Dẻo Nhẹ Cho Người Trung Niên Già Lớn Tuổi Ông Bà Cha Mẹ Đen Nhám
Phu Kien Thoi Trang,"Găng tay hở ngón rằn ri  đa năng, với  lớp cao su ở mu bàn tay  giúp  bảo vệ đôi tay của bạn .Găng tay nam thể thao dành cho phượt thủ  , thể thao , dã ngoại tiện lợi"
Phu Kien Thoi Trang,Lô cuốn tóc - bộ 3 cái
Phu Kien Thoi Trang,Găng Tay Bao Tay Ống Chống Nắng Cao Cấp Unisex Sport Chống Trượt Hở Ngón
Phu Kien Thoi Trang,Bộ 2 Kẹp Tóc Nơ Nhỏ Xinh Xắn Thời Trang Hàn Quốc
Phu Kien Thoi Trang,"KHẨU TRANG chống tia UV, KHẨU TRANG chống nắng UPF 50+"
Phu Kien Thoi Trang,Thắt lưng nam da bò nguyên chất mặt khóa tự động hợp kim cao cấp
Phu Kien Thoi Trang,[T10] Combo 5 đôi tất nam cổ cao thể thao Hàn Quốc vớ nam cao cấp co giãn 4 chiều
Phu Kien Thoi Trang,Cài tóc bảng nhỏ 1 cm - cài tóc nam nữ - cài tóc đơn giản
Phu Kien Thoi Trang,"Mũ Tròn Miki Thêu Chữ SEE YOU K007_PY, Nón Tròn Thêu Phong Cách Đơn Giản. Mũ Tròn Cool Ngầu. Nam Nữ Mang Đều Đẹp"
Phu Kien Thoi Trang,"Găng tay giữ ấm mùa đông chống gió, kháng nước mưa Rhino G101 Bao tay thể thao cảm ứng điện thoại đi xe máy, xe đạp lót nỉ cho nam nữ,  bảo hộ đi phượt"
Phu Kien Thoi Trang,Mũ Lông Cừu Tai Gấu Kèm Khăn Quàng Cổ và Găng Tay Ấm Áp Ulzzang Hàn Quốc
Phu Kien Thoi Trang,Vớ Cổ Ngắn Dệt Trơn Dành Cho Nữ Thương Hiệu ELLE Basic EBW NOSHOW05
Phu Kien Thoi Trang,"Kính Râm, Kính Mát Nam Cơn Ao Tròng Thủy Tinh - Hàng Cao Cấp Fullbox Phụ Kiện"
Phu Kien Thoi Trang,"Thắt Lưng Co Giãn U863 US ARMY, Mặt Khóa Truyền Thống Chất Liệu Thép Sáng Bóng Không Ghỉ Thiết Kế Thời Trang, Dùng Cho Cả Nam Và Nữ- HÀNG CHÍNH HÃNG"
Phu Kien Thoi Trang,Thắt Lưng Vải Nam Phong Cách Lính U669 Mặt Khóa Hợp Kim Thép Không Ghỉ Sáng Bóng-Hàng chính hãng
Phu Kien Thoi Trang, Kẹp Tóc Càng Cua Hàn Quốc Dễ Thương Với Thiết Kế Tinh Tế KT18
Phu Kien Thoi Trang,Kẹp tóc sau - kẹp tóc ngọc trai
Phu Kien Thoi Trang,Kẹp tóc cầu vòng loại dài
Phu Kien Thoi Trang,"Combo 3 Đôi Tất Vớ Thể Thao, Vớ Đá Banh, Vớ Chạy Bộ Cổ Dài, Sợi Cotton Cao Cấp Chống Hôi Chân, Chống Phồng Rộp, Chống Trơn Trượt, Co Giãn 4 Chiều Mrm Manlywear - MM"
Phu Kien Thoi Trang,Combo 5 Đôi Tất Nam Vớ Nam Cổ Dài Sợi Cotton Mix Màu
Phu Kien Thoi Trang,"Combo 10 Đôi Tất Vớ Nam Cổ Dài Lịch Lãm, Sang Trọng, Sợi Cotton Khử Mùi, Chống Hôi Chân, Sợi Co Giãn Tốt Mang Rất Thoải Mái- Mrm Fashion CM"
Phu Kien Thoi Trang,Kẹp tóc ngọc trai - kẹp gấp sau tóc
Phu Kien Thoi Trang,Combo 10 Đôi Tất Nam Chống Hôi Chân Thời Trang
Phu Kien Thoi Trang,Combo 6 Quần tất da nữ siêu dai và mịn
Phu Kien Thoi Trang,30 Tờ Hình Xăm Dán Tattoo Xăm Nước Tha Thu
Phu Kien Thoi Trang,Găng Tay Bao Tay Ống Chống Nắng Cao Cấp Unisex
Phu Kien Thoi Trang,"Tất - Vớ Nam Cổ Ngắn Basic Cao Cấp Nhiều Màu Dệt Từ Sợi Tre - Kháng Khuẩn, Thấm Hút, Thoáng Mát, Ngăn Mùi gấp 4 lần tất thường"
Phu Kien Thoi Trang,"Khăn Lau Kính Nano Hộp 100 Miếng Khăn Giấy Chống Bám Hơi Nước, Chống Mờ Sương, Mồ Hôi, Chống Nhờn - Hàng Loại 1"
Phu Kien Thoi Trang,Gọng kính cận 1905 nhựa dẻo ultem thời trang nam nữ mắt kính OURESS
Phu Kien Thoi Trang,Dụng cụ che mắt ngủ - Đen
Phu Kien Thoi Trang,Dây Đai Nịt Thắt Lưng Giữ Áo Sơ Mi Thẳng Khi Đóng Thùng Loại Quấn Bụng LeGaXi
Phu Kien Thoi Trang,Nón mũ beret nam nữ giữ ấm vải nỉ 2 lớp dona23122502
Phu Kien Thoi Trang,Mũ len nam nón len nam 2 lớp tặng khăn choàng cổ y hình nhiều mẫu đẹp dona231201401
Phu Kien Thoi Trang,"Thắt Lưng Nam Vải Dù US ARMY Mặt Khóa Truyền Thống, Phong Cách Cổ Điển Mặt Khóa Hợp Kim Thép Chống Ghỉ Cao Cấp -HÀNG CHÍNH HÃNG"
Phu Kien Thoi Trang,"Găng Tay Cảm Ứng, Bao Tay Phượt Du Lịch Dã Ngoại US ARMY Dành Cho Cả Nam Và Nữ-HÀNG CHÍNH HÃNG"
Phu Kien Thoi Trang,10 - 20 đôi Tất nữ mỏng giấy cổ ngắn Hàn Quốc
Phu Kien Thoi Trang,"Găng Tay Cảm Ứng Du Lịch Dã Ngoại US ARMY, Bao Tay Chống Nắng Dành Cho Cả Nam Và Nữ- HÀNG CHÍNH HÃNG"
Phu Kien Thoi Trang,"SET 13 KIM BĂNG GHIM CÀI QUẦN ÁO, THU NHỎ EO, CÀI KHĂN MŨ SANG CHẢNH"
Phu Kien Thoi Trang,Mũ phớt nam trung niên vải dạ MNA07
Phu Kien Thoi Trang,"Khăn Lau Kính Nano Hộp 100 Miếng Giấy Lau Kính Chống Bám Hơi Nước, Lau Sạch Vân Tay Bụi Bẩn"
Phu Kien Thoi Trang,"KHẨU TRANG MẶT NẠ CHE GÒ MÁ, CHỐNG TIA CỰC TÍM UPF50+ MÃU MỚI"
Phu Kien Thoi Trang,Quần tất Nhật SABRINA Tough chống xước siêu dai bền đẹp dùng 4 mùa
Phu Kien Thoi Trang,Combo 5 đôi Vớ nam công sở chất liệu sợi Modal
Phu Kien Thoi Trang,Lọ nước lau xịt kính chuyên dụng - Kính mắt Apark
Phu Kien Thoi Trang,Nón mũ len khăn choàng nam thời trang Hàn Quốc don22010402
Phu Kien Thoi Trang,"Quần tất 3D lót lông,lót nỷ siêu dày đẹp, siêu ấm(màu đen và cát cháy)"
Phu Kien Thoi Trang,Mũ len trùm đầu kèm khăn ống choàng cổ ấm áp cho nam nữ
Phu Kien Thoi Trang,Găng tay ống chống nắng UPF50+ xám Zigzag GLV00202
Phu Kien Thoi Trang,Thắt lưng nam da bò AT Leather M4K35-06
Phu Kien Thoi Trang,mũ lưỡi trai trơn đơn giản trẻ trung
Phu Kien Thoi Trang,"Nón trơn, nón kết Unisex"
Phu Kien Thoi Trang,Dây Thun Cột Tóc
Phu Kien Thoi Trang,"Thắt lưng nam vải dù, Dây lưng nam lính mỹ"
Phu Kien Thoi Trang,Thắt Lưng Nam AT Leather P103 - Đen
Phu Kien Thoi Trang,"Găng tay, bao tay mùa đông lót lông cừu Rhino G701 giữ ấm, chống gió"
Phu Kien Thoi Trang,Dây thắt lưng 3.5 lớp da bò thân thắt lưng da bò lớp đầu tiên cao cấp
Phu Kien Thoi Trang,Hộp 100 Dây Cột Tóc Co Giãn Chống Trượt Hàn Quốc Nhiều Màu Sắc
Phu Kien Thoi Trang,Kẹp tóc con bướm pha lê solid - Kẹp tóc càng cua con bướm phong cách Hàn Quốc - Kẹp tóc đẹp cho lady
Phu Kien Thoi Trang,Thun cột tóc nhựa màu
Phu Kien Thoi Trang,Trâm Cài Áo Nữ Quà Tặng Hoa Đính Đá Trang Nhã Sang Trọng (Kèm Hộp)
Phu Kien Thoi Trang,Cột tóc scrunchies hoa voan đẹp mẫu mới size trung
Phu Kien Thoi Trang,"Bi Lăn Tay Hạt Gỗ Hương 5cm ( video , hình thật )"
Phu Kien Thoi Trang,Kẹp búi tóc Hàn Quốc đính đá cao cấp sang trọng - cặp tóc tổ chim đính đá sang trọng ( giao màu ngẫu nhiên như hình )
Phu Kien Thoi Trang,Set 3 Đôi Vớ Lười Dành Cho Nam Thương Hiệu ELLE EBM LINER020
Phu Kien Thoi Trang,"Thắt Lưng Nam Vải Dù Mặt Khóa Hợp Kim Thép Đúc Liền Khối A989 US ARMY, Dây lưng lính mỹ -HÀNG CHÍNH HÃNG"
Phu Kien Thoi Trang,Khăn mùi xoa nữ / khăn tay nữ cao cấp Christian Hàn quốc - nhập khẩu chính hãng Hàn Quốc
Phu Kien Thoi Trang,Set 100 chun buộc tóc Hàn quốc trộn màu
Phu Kien Thoi Trang,Kính râm trẻ em mắt tròn thầy bói cho bé
Phu Kien Thoi Trang,"Combo 3 Đôi Tất Vớ Thể Thao, Vớ Đá Banh, Vớ Chạy Bộ Cổ Ngắn, Sợi Cotton Cao Cấp Chống Hôi Chân, Chống Phồng Rộp Chân, Chống Trượt Co Giãn 4 Chiều Mrm Manlywear - MM"
Phu Kien Thoi Trang,Kẹp tóc sau - kẹp tóc hoa hồng xanh
Phu Kien Thoi Trang,"NÓN PHỚT CAO BỒI, MŨ PHỚT CAO BỒI NAM NỮ DN20032813"
Phu Kien Thoi Trang,Băng đô thể thao nam nữ
Phu Kien Thoi Trang,Vỉ 3 Kẹp Tóc Càng Cua PASTEL 3 Chấu Loại Xịn MP120.3
Phu Kien Thoi Trang,Set 10 đôi tất gấu nữ người lớn cổ ngắn - Tặng túi
Phu Kien Thoi Trang,"Mũ nón len bere nữ, Nón bere thời trang dn19111305"
Phu Kien Thoi Trang,Combo 10 Đôi Tất Lười Đi Giày Lười Búp Bê TH01 Siêu Kute
Phu Kien Thoi Trang,Combo 3 Đôi Tất Hài(Lười) Cùng Màu Cotton Thương Hiệu MRM Manlywear
Phu Kien Thoi Trang,Cài Tóc Tai Mèo Dễ Thương
Phu Kien Thoi Trang,Kẹp Tóc 022
Phu Kien Thoi Trang,"Combo 2 đôi găng tay chống nắng nam nữ, chống tia UV (Đen)"
Phu Kien Thoi Trang,"Đèn sân vườn năng lượng mặt trời cảm biến chuyển động, cảm biến ánh sáng tự động bặt tắt, đèn mặt trời"
Phu Kien Thoi Trang,Mũ Lưỡi Trai Kaki Nam Nữ Kiểu Dáng Nón Kết Thời Trang Cao Cấp Nón Lưỡi Trai Nam Nữ Vải NÓN LƯỠI TRAI NAM
Phu Kien Thoi Trang,Bộ 5 đôi tất bàn chân nam Co dãn 4 chiều(free size) Hàn Quốc
Phu Kien Thoi Trang,"Dây đeo mắt kính giữ gọng kính, chơi thể thao chống rơi kính Sports"
Phu Kien Thoi Trang,"Khăn Lau Kính Nano Hộp 100 Miếng Khăn Giấy Chống Bám Hơi Nước, Chống Mờ Sương, Mồ Hôi, Chống Nhờn - Hàng Loại 1 - Chính Hãng MINIIN"
Phu Kien Thoi Trang,"[CHỌN MÀU]-Khăn choàng cổ chất liệu vải dạ, giữ ấm- họa tiết sọc gân nổi cao cấp sang trọng 200x70cm"
Phu Kien Thoi Trang,Nón kết vải nhung vá mỏ kết 2 màu độc đáo thêu số 1985 Xin shang
Phu Kien Thoi Trang,"Nón kết trơn, mũ lưỡi trai trơn đơn giản cho cả nam và nữ - LT670"
Phu Kien Thoi Trang,Set 3 Kẹp tóc càng cua trong suốt loại đẹp
Phu Kien Thoi Trang,"Mũ lưỡi trai nhung nam nữ, nón lưỡi trai thêu chữ M phong cách Ulzzang form unisex - M"
Phu Kien Thoi Trang,"Găng tay chơi game Mobile - Chống mồ hôi tay, tăng độ nhạy cảm ứng"
Phu Kien Thoi Trang,Kẹp búi tóc hình cầu Hàn Quốc Sulli store
Phu Kien Thoi Trang,Tua Vít Vặn Kính Tại Nhà- Tua Vít Vặn Ốc Kính Dụng Cụ Sửa Kính Nhỏ Gọn Siêu Tiện Lợi
Phu Kien Thoi Trang,Mũ lưỡi trai Hàn Quốc mẫu mới
Phu Kien Thoi Trang,Kẹp tóc kim loại trang trí tóc phong cách Vintage
Phu Kien Thoi Trang,Mũ Len Nam Đẹp Nón Len Nam Thời Trang Hàn Quốc DONA201222101
Phu Kien Thoi Trang,Tất Da Chân Combo 10 Đôi Tất Vớ Hàn Quốc
Phu Kien Thoi Trang,Cài áo thời trang hình hoa đính đá cao cấp (GC10)
Phu Kien Thoi Trang,Combo 5 Cặp Tất Đi Giày Búp Bê Cho Nữ TH01 Siêu Hot Hit
Phu Kien Thoi Trang,Thắt Lưng Nam BIGGBEN Da Đà Điểu Thật Cao Cấp BN1
Phu Kien Thoi Trang,Găng Tay Chống Nắng Xỏ Ngón - Màu ngẫu nhiên
Phu Kien Thoi Trang,Kẹp tóc càng cua hoa hồng vải lụa nhiều màu sang trọng
Phu Kien Thoi Trang,Tất nam cổ trung hộp 5 đôi kháng khuẩn cao cấp đóng hộp 5 màu thiết kê đa dạng Tất vớ nam công sở
Phu Kien Thoi Trang,Kẹp tóc càng cua 2 lớp đính hột xoàn xịn - Kẹp tóc thời trang Hàn Quốc cao cấp
Phu Kien Thoi Trang,Kẹp tóc kim loại hình học - kẹp tóc tam giác - kẹp tóc gợn sóng phong cách vintage - kẹp tóc càng cua thời trang mẫu mới phong cách Hàn Quốc
Phu Kien Thoi Trang,"KÌM BẤM CÚC, BẤM KHUY ÁO QUẦN TIỆN LỢI (HÀNG ĐẸP ĐÓNG VỈ) KÈM 50 KHUY"
Phu Kien Thoi Trang,Thắt lưng nam da bò nguyên chất mặt khóa tự động hợp kim cao cấp phong cách cá tính
Phu Kien Thoi Trang,"Kính Râm, Kính Mát Nam Nữ Độc Lạ Mắt To Cá Tính Mắt Vàng, Xanh Ngọc, Chống Tia UV - BLUE LIGHT"
Phu Kien Thoi Trang,kính mát nam titanium siêu nhẹ siêu thời trang 199031
Phu Kien Thoi Trang,Set 10 Khuy Cài Áo Mini Trang Trí
Phu Kien Thoi Trang,Kẹp Tóc Càng Cua 5 Răng
Phu Kien Thoi Trang,"Nón beret nam mũ mỏ vịt người lớn, nón bê rê nam trơn không thêu logo, chất liệu vải kaki 2 lớp bền đẹp - Hạnh Dương"
Phu Kien Thoi Trang,Khăn Choàng Lụa Hàng Châu Cao Cấp Sang Trọng 180x90 cm
Phu Kien Thoi Trang,bờm tóc sắt sóng màu đen (giá 1 cái )
Phu Kien Thoi Trang,"Kính Chống Ánh Sáng Xanh Không Độ Từ Điện Thoại, Máy Tính, Chống Mỏi Mắt Tròn Gọng Kim Loại Hàn Quốc - KÍNH XINH SHOP"
Phu Kien Thoi Trang,Mũ len lót lông kem khăn len lót lông chụp cổ mũ của đàn ông mùa đông Hàn Quốc sóng len mũ dày đan mũ mùa thu và đội mũ mùa đông MS57
Phu Kien Thoi Trang,Cột tóc srunchies mẫu mới màu hồng phấn đẹp
Phu Kien Thoi Trang,Bờm tóc hình gợn sóng kim loại cho nam và nữ ảnh thật
Phu Kien Thoi Trang,Khăn lụa vuông basic dễ phối đồ AKL90 (70x70cm
Phu Kien Thoi Trang,COMBO 10 KHẨU TRANG VẢI CHỐNG BỤI NGẪU NHIÊN BYKT001
Phu Kien Thoi Trang,Sét 40 dây buộc tóc tròn cao cấp xuất Nhật HD12 hộp giấy sang trọng
Phu Kien Thoi Trang,Combo 5 Đôi Tất (Vớ) Lười Xù Nam Cổ Ngắn Nam12.001 (Freesize)
Phu Kien Thoi Trang,Sạc nhanh 67W Xi..ao..m.i Chân tròn chuẩn Mi Turbo Charge - dành cho sạc Xi..ao..m.i - Bảo hành 12 Tháng
Phu Kien Thoi Trang,"Hộp Kim Chỉ May Đồ Đa Năng Tiện Dụng 55 Món Phụ Kiện May Vá, Hộp Kim Chỉ Gia Đình Tiện Dụng"
Phu Kien Thoi Trang,"Set 10 Đôi Tất Nữ, Vớ Nữ Hình Gấu Brown Kèm Túi Đựng Siêu Xinh"
Phu Kien Thoi Trang,Trâm cài tóc bằng sừng hàng VIP màu đen (HH602B) đục khắc hình dễ thương/đủ loại kiểu dáng
Phu Kien Thoi Trang,"Nón lính đầu bằng có đuôi tăng giảm size, phong cách sĩ quan quân đội AS - Hạnh Dương"
Phu Kien Thoi Trang,"Khẩu Trang Chống Tia Uv, Khẩu Trang Chống Nắng Upf 50+ - Unisex Nam Nữ Đều Thích Hợp- Vải Mềm Mát Thoáng Khí"
Phu Kien Thoi Trang,"Quần tất siêu rẻ. Tất đi rất thật chân, mềm mịn nhẹ"
Phu Kien Thoi Trang,Lens 1 ngày trong suốt Angel Eyes cho mắt nhạy cảm có độ cận từ 0 đến 10 độ chống ánh sáng xanh
Phu Kien Thoi Trang,"Nón kết Hello my friend mũ lưỡi trai nữ đẹp thời trang, chất liệu vải cotton thoáng mát, khóa xịn cao cấp"
Phu Kien Thoi Trang,"Gọng Kính Cận, Kính Giả Cận Olive Nam Nữ Mắt Vuông Nhựa Dẻo Nhẹ"
Phu Kien Thoi Trang,Cà vạt nữ thắt sẵn bản nhỏ 6*26cm- cavat vạt thắt sẵn
Phu Kien Thoi Trang,Dây nịt nam Đông Hải - NITKMPU380
Phu Kien Thoi Trang,"Combo 5 đôi Tất vớ cổ ngắn, chất liệu cotton FREEMAN [SOC20"
Phu Kien Thoi Trang,Kính râm Mắt vuông oversize thời trang cao cấp cho Nam + Tặng tuavit Kính Xinh mini
Phu Kien Thoi Trang,Vớ tất cổ cao ORGANIC dành cho nữ ELLE EL WM05
Phu Kien Thoi Trang,Combo 12 dây buộc tóc nữ dễ thương (có hộp)
Phu Kien Thoi Trang,Dây thắt lưng nữ Huy Hoàng bản lớn nhiều màu HT5138-39-40-41-42-43-44-45
Phu Kien Thoi Trang,Sét dây buộc tóc bản to Hộp giấy đen sang trọng
Phu Kien Thoi Trang,Mũ Tai Bèo Bucket Trơn
Phu Kien Thoi Trang,Bộ 5 Đôi Vớ Nam Modal Công Sở Donakein 7MM5D5M04
Phu Kien Thoi Trang,"Khăn BANDANA, Khăn Turban Hiphop Nam Nữ Màu Sắc Trẻ Trung Năng Động"
Phu Kien Thoi Trang,"Khăn trùm kín mặt chống nắng, chống tia UV khi đi xe dành cho cả nam và nữ Rimix Khăn trùm đầu Ninja Fullface đi phượt (Màu đen) KHẨU TRANG TRÙM KIỂU NINJA"
Phu Kien Thoi Trang,"Hộp 100 Khăn Lau Kính Nano, Chống Bám Hơi Nước, Chống Bụi Bẩn - Khăn Lau Kính Nano Hộp 100 Miếng Giấy Lau Kính Chống Bám Hơi Nước, Lau Sạch Vân Tay Bụi Bẩn"
Phu Kien Thoi Trang,"Lens trong suốt cận Angel Eyes Cosmo có độ từ 0 đến 15 độ, dòng kính áp tròng cận trong suốt có độ phù hợp mọi nhu cầu"
Phu Kien Thoi Trang,Bờm cài tóc thắt bím kèm tóc mái 2in1 dễ thương
Phu Kien Thoi Trang,Kẹp càng cua ghim cặp tóc cặp tóc Hàn Quốc nơ nàng thơ
Phu Kien Thoi Trang,"Thắt Lưng Dây Nịt Nam Vải Dù US ARMY, Phong Cách Sang Trọng Cổ Điển Mặt Khóa Hợp Kim Thép Chống Ghỉ Cao Cấp -HÀNG CHÍNH HÃNG"
Phu Kien Thoi Trang,"Găng Tay Chống Nắng Đi Phượt Siêu Co Giãn Cho Nam,Nữ -  Fullbox Ngăn Tia UV Bảo Vệ Da - Hàng Loại 1 - Chính Hãng MINIIN"
Phu Kien Thoi Trang,Cài tóc pha lê kim cương sang trọng - bờm tóc pha lê - quà tặng cho bạn gái
Phu Kien Thoi Trang,"Kính Giả Cận Chống Ánh Sáng Xanh, Chống Mỏi Mắt, Gọng Kính Cận Nam Nữ Mắt Tròn Không Độ Hàn Quốc"
Phu Kien Thoi Trang,Kẹp Tóc Càng Cua Nhỏ Gọn 3 Răng Làm Từ Nhựa Bền Bỉ Cho Nữ
Phu Kien Thoi Trang,Đầu khóa thắt lưng ATD07 - khóa tự động
Phu Kien Thoi Trang,Mũ len kèm khăn choàng cổ giữ ấm thời trang mùa đông cho nam nữ
Phu Kien Thoi Trang,"Nón jean nam nữ rách 2 bên cá tính, phong cách bụi và hiện đại, đường may chắc chắn, khóa gài cao cấp chống gỉ sét - Hạnh Dương"
Phu Kien Thoi Trang,Dây buộc tóc - Scrunchies hoa thêu mẫu mới hàng đẹp HD63
Phu Kien Thoi Trang,Búi tóc giả làm dụng cụ búi tóc MS16 tặng kẹp tóc cúc họa mi xinh xắn
Phu Kien Thoi Trang,Combo 30 tờ hình xăm dán tatoo thời trang nhiều mẫu
Phu Kien Thoi Trang,QUẦN TẤT HM SIÊU DAI
Phu Kien Thoi Trang, Khẩu trang chống nắng UPF50+ Blue Depths Zigzag MAS00110
Phu Kien Thoi Trang,Nón khẩu trang chống nắng UPF50+ tím  Zigzag MAS00302 size
Phu Kien Thoi Trang,Combo 3 Đôi Vớ Nữ Kẻ Sọc Donakein 9F3D3M03 - Trắng (Free Size)
Dong Ho Va Trang Suc,Dây cho Redmi Watch 5/ 4/ MI Band 8 Pro/ 9 Pro - Chất silicone (DMI5)
Dong Ho Va Trang Suc,Dây cho Huawei Watch GT6/ GT5 41mm/ GT5 Pro 42mm/ Oppo Watch X2 mini (DT5-18)
Dong Ho Va Trang Suc,Lắc Tay Con Mèo Siêu Cute - Đến Với Thế Giới Của Những Chú Mèo Dễ Thương
Dong Ho Va Trang Suc,Dây đeo Amazfit GTR 4/ 3/ 3 Pro/ 2/ 2e/ Active/ Active 2/ Edge/ GTS 4/ 3/ 2/ Bip 6/ 5/ 3/ 3 Pro/ Redmi Watch 5 Active/ 5 Lite/ Bip U/ Cheetah/ Balance (D165)
Dong Ho Va Trang Suc,Dây đồng hồ cho Garmin Forerunner 570/ 165/ 265/ 265S/ 255/ 255S/ 245/ 645/ Vivoactive 6/ 5/ 4/ 3/ 2S/ 3S/ 4S/ Venu 3/ 2/ 2S (D165)
Dong Ho Va Trang Suc,Dây Thép cho Redmi Watch 5/ 4 (DTMI4)
Dong Ho Va Trang Suc,Dây Redmi Watch 5/ 4/ Band 8 Pro/ Band 9 Pro (DMI4)
Dong Ho Va Trang Suc,Dây đeo cho Garmin Forerunner 570/ 165/ 265/ 265S/ 255/255S/ 245/ 645/Vivomove/ Vivoactive 3/4/ 5/ 6/ 2S/3S/4S/ Venu 2/3/ SQ2 (DC)
Dong Ho Va Trang Suc,Dây đeo cho Redmi Watch 3 Active (DMI3A)
Dong Ho Va Trang Suc,"Pin CR2032 Hàng Nhật Bản Cao Cấp, Pin Chìa Khoá Xe Máy, Ô tô, PC [Viên Rời"
Dong Ho Va Trang Suc,Dây đồng hồ cho Redmi Watch 3 (DMI3)
Dong Ho Va Trang Suc,Dây đeo dành cho Garmin Forerunner 570/ 165/ 55/ 645/ 255/ 245/ Venu 2/ SQ 2/ SQ/ Vivoactive 6/ 5/ 4/ 3 (DB)
Dong Ho Va Trang Suc,Dây đeo cho Xiaomi Watch 2 Pro/ S1/ S1 Active/ S3/ S4/ Mi Watch (DN)
Dong Ho Va Trang Suc,Pin Maxell Nhật Bản SR920SW / 371 / G6 Hàng Chính Hãng Made in Japan
Dong Ho Va Trang Suc,Dây da đồng hồ nam nữ 14/16/18/20/22/24mm tặng kèm chốt và dụng cụ tháo lắp giá rẻ
Dong Ho Va Trang Suc,"Pin LR41 / AG3 / L736F Maxell Nhật Bản 1,5V Vỉ 10 Viên"
Dong Ho Va Trang Suc,Dây thun ĐEN dẻo phối vòng tay hạt lu thống  Size dây ĐEN 2mm  Nữ đã có hạt lu thống thì đây chính là sợi dây thun phối với hạt lu thống đeo xinh ạ
Dong Ho Va Trang Suc,Dây đeo cho Garmin Forerunner 570/ 165/ 55/ 245/ 255/ 645/ Venu 2/ SQ 2/ SQ/ Vivoactive 5/ 4/ 3 (DG)
Dong Ho Va Trang Suc,Hộp đồng hồ xoay . Hộp đựng đồng hồ cơ quay tự động bọc da PU cao cấp
Dong Ho Va Trang Suc,"10 Viên Pin Cúc Áo LR44 - AG13 - L1154 Vinnic 1,5V"
Dong Ho Va Trang Suc,"Dây đeo Xiaomi Mi Watch - Dây thép, khóa nam châm"
Dong Ho Va Trang Suc,Vòng tay sừng trâu đen phong thuỷ (BH612B) Tâm Linh - Bình An - Tài Lộc - Bracelet of HAHANCO
Dong Ho Va Trang Suc,"Dây Da Đồng Hồ Nam, 100% Da Bò Thật, Kiểu Dáng Vintage Phẳng Mỏng, Mặt Lót Chống Thấm Mồ Hôi, Tích Hợp Lớp Gia Cố Chống Giãn Đặc Biệt, Phụ Kiện Khóa và Chốt Bằng Thép Không Gỉ 316L - Thương Hiệu SAIGIO"
Dong Ho Va Trang Suc,Bàn xoay điện 6 chấu lên cót đồng hồ cơ khí
Dong Ho Va Trang Suc,Bộ trang sức nạm đá BHB67
Dong Ho Va Trang Suc,Bông tai hoa sát tai ngọc trai đính đá
Dong Ho Va Trang Suc,Pin Đồng hồ đeo tay Maxell SR621SW 1.55V 364 vỉ 5 viên
Dong Ho Va Trang Suc,"Dây đồng hồ da bò trơn, mềm Italy nhiều size tặng chốt và dụng cụ tháo lắp"
Dong Ho Va Trang Suc,Pin Đồng hồ đeo tay Maxell SR626SW 1.55V 377
Dong Ho Va Trang Suc,Nhẫn nam nữ titant bản nhỏ không đen 1 hạt đá đơn giản
Dong Ho Va Trang Suc,Dây Đồng Hồ Lưới Thép Không Gỉ Dây MESH Cao Cấp
Dong Ho Va Trang Suc,Dây chuyền nam tính thời trang vĩnh viễn không đen
Dong Ho Va Trang Suc,Vòng tay gốm thời trang Simple style VGOM21
Dong Ho Va Trang Suc, Mặt dây chuyền Phật Bà Quan Thế Âm Ruby tự nhiên kiểm định
Dong Ho Va Trang Suc,Bông tai nam độc lạ
Dong Ho Va Trang Suc,Dây đồng hồ thép không gỉ dây mesh cao cấp YE-008
Dong Ho Va Trang Suc,Đồng hồ đeo tay Omega C503 Máy cơ hàng chính hãng
Dong Ho Va Trang Suc,Dây cho Garmin Fenix 8/ 7/ 7S/ 6/ 6S/ 5/ 5S/ 3/ Quatix 7/ Instinct 2/ 2S/ Forerunner 970/ 965/ 955/ 945/ 935/ 745 (DGM4)
Dong Ho Va Trang Suc,Dây cho Huawei Watch Fit 3/ Fit 4/ Fit 4 Pro - Chất Nylon (DNFIT3)
Dong Ho Va Trang Suc,"Nhẫn Nam, Nữ, Chất liệu đá Thạch Anh Thật, đẹp xuất sắc"
Dong Ho Va Trang Suc,Dây đeo cho Amazfit GTR 4/ 3/ 3 Pro/ 2/ 2e/ Active/ GTS 4/ 3/ 2/ 2 mini/ 4 mini/ Bip 6/ Bip 5/ Bip 3/ Bip 3 Pro/ Bip U/ Redmi Watch 5 Active/ 5 Lite/ Cheetah/ Befit (DC)
Dong Ho Va Trang Suc,"Cuộn Dây Thun CO GIÃN màu Vàng xỏ vòng hạt chuỗi Dây này là dây thun chuyên xỏ vòng chuỗi màu Vàng, có đủ màu .. Anh Chị đang đeo chuỗi muốn thay dây khác cho vòng thì đặt cuộn Thun chỉ này nhé"
Dong Ho Va Trang Suc,Đồng Hồ Trẻ Em Thể Thao Cao Cấp Chính hãng MR 8212 - KHÔNG VÔ NƯỚC (Kèm video)
Dong Ho Va Trang Suc,Dây Đồng Hồ Da Cá Sấu Đen Size 14/16/18/20/22/24/26mm - Dây Đeo Da Cá Sấu Thật 100% - Bảo Hành 12 Tháng
Dong Ho Va Trang Suc,Vỉ 5 Viên Pin SR616SW / 321 Maxell Nhật Bản 1.55V Đồng Hồ Đeo Tay
Dong Ho Va Trang Suc,Vỉ 5 Viên Pin Đồng Hồ SR626SW / 377 Maxell Nhật Bản 1.55V Cho Đồng Hồ Đeo Tay
Dong Ho Va Trang Suc,Vỉ 5 Viên Pin SR621SW / 364 Maxell 1.55V Cho Đồng Hồ Đeo Tay
Dong Ho Va Trang Suc,Pin CR1620 Maxell 3V Hàng Chính Hãng Made in Japan 1 Viên
Dong Ho Va Trang Suc,Dây đeo cho Apple Watch series 11/ 10/ 9/ 8/ 7/ 6/ 5/ 4/ 3/ SE/ Ultra/ Ultra 2/ Ultra 3 49mm (DAWB)
Dong Ho Va Trang Suc,Dây đeo Huawei Watch GT6/ GT5/ GT4 46mm/ GT3 42/ 46mm/ GT Runner/ GT Runner 2 (DG)
Dong Ho Va Trang Suc,Nhẫn nữ đơn giản - Nhẫn nam nữ nhẫn cặp titan đơn giản trái tim
Dong Ho Va Trang Suc,"10 Viên Pin Maxell LR44 AG13 L1154 Cúc Áo 1,5V Nhật Bản"
Dong Ho Va Trang Suc,Dây đồng hồ da bò Vintage Bụi Leather D111 - Da thật khâu tay thủ công cao cấp - Bảo hành 12 tháng
Dong Ho Va Trang Suc,Dây đeo cho Samsung Watch Active 1/ 2/ Watch 46mm (DSK)
Dong Ho Va Trang Suc, Nhẫn nam nữ thời trang hợp kim titan khảm đen cực đẹp
Dong Ho Va Trang Suc,Dây Da Thay Thế Dành Cho Đồng Hồ Fossil Casio Samsung Huawei Da Bò Thật Dây Handmade
Dong Ho Va Trang Suc,Nhẫn nữ titan không đen bản nhỏ one love
Dong Ho Va Trang Suc,Vòng điều hòa huyết áp nhật bản cao cấp
Dong Ho Va Trang Suc,Vòng cổ dây chuyền titan thép không gỉ hot trend giới trẻ mẫu mới
Dong Ho Va Trang Suc,Bông tai nam châm đính đá nhiều màu lựa chọn
Dong Ho Va Trang Suc,Vòng tay nam cá tính
Dong Ho Va Trang Suc,Dây chuyền nam
Dong Ho Va Trang Suc,"Vòng mã não, size 50mm"
Dong Ho Va Trang Suc,SỢI DÂY TRÒN  NỮ ĐEO CỔ VỚI MẶT PHẬT CÁC LOẠI KHOEN CHẮC ĐẸP 
Dong Ho Va Trang Suc,Dây Da Đồng Hồ Đủ Size - Tặng kèm Chốt và Dụng cụ thay dây
Dong Ho Va Trang Suc,Sợi Dây To Nam Đeo Cổ Với Mặt Phật Các Loại Khoen Chắc Đẹp Dài 24cm Dây Dầy 4mm
Dong Ho Va Trang Suc,Bông Tai Khuyên Tròn Winwinshop88 BT233 (12mm) – Bạc
Dong Ho Va Trang Suc,"Vòng tay phong thủy đá Mắt Hổ Vàng Nâu/đen size 12 li loại 5A vip, phong thủy mệnh Thổ Kim"
Dong Ho Va Trang Suc,Dây đeo cho Amazfit T-Rex 3/ T-Rex 2 (DREX3)
Dong Ho Va Trang Suc,Dây da cho Redmi Watch 5/ 4/ MI Band 8 Pro/ Band 9 Pro - Dây da + Silicone (DDMI5)
Dong Ho Va Trang Suc,Dây đeo Samsung Watch 7/ FE/ 6/ 6 Classic/ 5/ 5 Pro/ 4/ 4 Classic/ 3 41/ 45mm/ Active 2/ Active/ Gear S3 (D165)
Dong Ho Va Trang Suc,Dây đeo cho Huawei Watch 5/ 4/ 4 Pro/ 3/ 3 Pro/ GT6/ GT4/ GT5/ GT3/ GT3 Pro/ GT2/ Buds/ GT/ GT Runner/ GT2e (DC)
Dong Ho Va Trang Suc,"Cuộn Dây Thun CO GIÃN màu Nâu chuyên xỏ vòng đeo tay hạt chuỗi  Dây này là dây thun chuyên xỏ vòng chuỗi màu Nâu, có đủ màu Anh Chị đang đeo chuỗi muốn thay dây khác cho vòng thì đặt cuộn Thun chỉ này nhé"
Dong Ho Va Trang Suc,Ốp bảo vệ cho Redmi Watch 3 Active/ Lite - Chất PC + kính cường lực (OCLMI3A)
Dong Ho Va Trang Suc,Dây đồng hồ Da Cá Sấu Đen Size 12/13/14/15/16/17/18/19/20/21/22/23/24/25/26mm - Dây Đeo Da Cá Sấu Thật 100% - Bảo Hành 12 Tháng
Dong Ho Va Trang Suc,"Dây đeo cho Miband 8/ Miband 9/ Miband 10 - Dây thép, khóa nam châm (DTMB8)"
Dong Ho Va Trang Suc,Đồng Hồ Thể Thao Cao Cấp MR 8222 Chính Hãng KHÔNG VÔ NƯỚC Đồng Hồ Điện Tử Dành Cho Bé Trai Bé Gái
Dong Ho Va Trang Suc,Vòng tay trang sức đính đá sang trọng cho nữ
Dong Ho Va Trang Suc,Pin CR2032 Nhật Bản Hàng Cao Cấp 3V Date 2032
Dong Ho Va Trang Suc,Dây Da Đồng Hồ Size 18mm 20mm 22mm Da Bò [Tặng Hộp Gỗ + Phụ Kiện
Dong Ho Va Trang Suc,Lắc tay kiêm lắc chân cánh bướm
Dong Ho Va Trang Suc,"Dây Đồng Hồ Da Bò Cao Cấp, Kiểu Dáng Cổ Điển - Chỉ Trắng, Mặt Lót Chống Thấm Mồ Hôi, Tích Hợp Lớp Gia Cố Chống Giãn Đặc Biệt, Phụ Kiện Khóa và Chốt Bằng Thép Không Gỉ 316L - Hàng Chính Hãng SAIGIO"
Dong Ho Va Trang Suc,"Dây đồng hồ Huy Hoàng da bò size 16, 18, 20 màu trắng, cam, kem, tím nhạt HT8119-20-21-22"
Dong Ho Va Trang Suc,"Dây Da Đồng Hồ Cổ Điển, 100% Da Bò Thật, Kiểu Dáng Phẳng Mỏng, Mặt Lót Chống Thấm Mồ Hôi, Tích Hợp Lớp Gia Cố Chống Giãn Đặc Biệt, Phụ Kiện Khóa và Chốt Bằng Thép Không Gỉ 316L - Hàng Chính Hãng SAIGIO"
Dong Ho Va Trang Suc,"Dây Da Đồng Hồ Cổ Điển, Chất Liệu Da Bò Thật 100%, Mặt Lót Chống Thấm Mồ Hôi, Khóa Bằng Thép Không Gỉ 316L, Nhiều Màu, Nhiều Size - Hàng Chính Hãng SAIGIO"
Dong Ho Va Trang Suc,Dụng Cụ Vam Mở Nắp Lưng Đồng Hồ Đeo Tay Đơn Giản - Dụng Cụ Sửa Chữa Đồng Hồ
Dong Ho Va Trang Suc,Dây Da Đồng Hồ Size 18mm 20mm 22mm Da Bò thật
Dong Ho Va Trang Suc,Pin Đồng hồ đeo tay Maxell SR920SW 1.55V 371 vỉ 5 viên
Dong Ho Va Trang Suc,3 CUỘN THUN CO GIÃN XỎ VÒNG TAY BẰNG ĐÁ MÀU TRẮNG NÂU ĐEN
Dong Ho Va Trang Suc,Dây Da Đồng hồ Cá sấu Xuất Khẩu [Tặng kèm Hộp gỗ và Dụng cụ
Dong Ho Va Trang Suc,Nhẫn nam nhẫn nữ nhẫn cặp vonfram
Dong Ho Va Trang Suc,Bông tai nam kẹp vành không cần bấm lỗ có nhiều mẫu lựa chọn
Dong Ho Va Trang Suc,Đồng Hồ Nam Casio MW-240-1EVDF Dây Nhựa  - Mặt Kính Nhựa
Dong Ho Va Trang Suc,Dây chuyền nam mạ Vàng 24k nam tính D14
Dong Ho Va Trang Suc,Nhẫn mặt trăng đá - tone bạc s925 - nhẫn thời trang Hàn Quốc.
Dong Ho Va Trang Suc,Đồng Hồ Nam Casio Điện Tử W-218H-3AVDF (43mm)
Dong Ho Va Trang Suc,Dây đeo cho Samsung Watch 5/ 5 Pro/ 4/ 4 Classic/ 3/ Active/ Active 2/ Gear S3 (DD)
Dong Ho Va Trang Suc,Đồng Hồ Thể Thao Cao Cấp MR 8215 Chính Hãng KHÔNG VÔ NƯỚC Đồng Hồ Điện Tử Dành Cho Bé Trai Bé Gái
Dong Ho Va Trang Suc,Pin Renata SR621SW 364 Thuỵ Sĩ Viên Rời Cho Đồng Hồ Đeo Tay
Dong Ho Va Trang Suc,Dây Đeo Đồng Hồ Size Nữ 12mm 14mm 16mm 18mm Da Bò Mềm
Dong Ho Va Trang Suc,Dây đeo cho Apple Watch series 11/ 10/ 9/ 8/ 7/ 6/ 5/ 4/ 3/ SE/ Ultra/ Ultra 2 / Ultra 3 (DAWB)
Dong Ho Va Trang Suc,"Dây Da Đồng Hồ Cao Cấp - Sang Trọng, Chất Liệu Da Bê EPSOM Thuộc Thảo Mộc - Nhập Khẩu Từ Châu Âu, Mặt Lót Chống Thấm Mồ Hôi, Tích Hợp Lớp Gia Cố Chống Giãn Đặc Biệt và Chốt Thông Minh, Kiểu Dáng Cổ Điển Phẳng Mỏng"
Dong Ho Va Trang Suc,GHẾ ĐẾ GIỮ SỬA CHỮA ĐỒNG HỒ
Dong Ho Va Trang Suc,Bộ dụng cụ tháo nhổ lắp kim đồng hồ chuyên nghiệp
Dong Ho Va Trang Suc,Gói gioăng đáy đồng hồ dùng trong sửa chữa đồng hồ
Dong Ho Va Trang Suc,Dây Đồng Hồ Cao Su Mềm Chống Nước Thay Thế Cho Đồng Hồ Đeo Tay
Dong Ho Va Trang Suc,Nhẫn nữ đính đá thạch anh tím
Dong Ho Va Trang Suc,Đồng Hồ Nam SRwatch SG1071.1202TE - Sapphire - 40mm - Quartz (Pin) - Dây kim loại
Dong Ho Va Trang Suc,Đồng hồ Casio nam dây da MTP-VT01L-1BUDF (40mm)
Dong Ho Va Trang Suc,Vòng tay nữ mã não đỏ may mắn nhiều kích thước VT31A
Dong Ho Va Trang Suc,Dây đồng hồ da bò chống nước cao cấp YE-009
Dong Ho Va Trang Suc,Dây đeo cho Miband 8/ Miband 9/ Miband 10 - Mijobs (DMJ8)
Dong Ho Va Trang Suc,Pin Renata 377 SR626SW Thuỵ Sĩ Viên Rời Cho Đồng Hồ Đeo Tay
Dong Ho Va Trang Suc,Dây Đeo Đồng Hồ Thép Không Gỉ Đúc Đặc Có Đầu Bo Cong Size 20mm 22mm
Dong Ho Va Trang Suc,"Dây Đồng Hồ Da Bò Cao Cấp, Kiểu Dáng Cổ Điển - Phẳng Mỏng - Chỉ Trắng, Mặt Lót Chống Thấm Mồ Hôi, Tích Hợp Lớp Gia Cố Chống Giãn Đặc Biệt, Phụ Kiện Khóa và Chốt Bằng Thép Không Gỉ 316L - Hàng Chính Hãng SAIGIO"
Dong Ho Va Trang Suc,Dây đeo cho Huawei Watch
Dong Ho Va Trang Suc,Dây đồng hồ nam da đà điểu Bụi Leather D104 - Da thật khâu tay thủ công cao cấp - Bảo hành 12 tháng - Nâu café
Dong Ho Va Trang Suc,Dây đồng hồ nam da cá sấu đốt tre Bụi Leather D103 - Hàng khâu tay thủ công cao cấp - Bảo hành 12 tháng
Dong Ho Va Trang Suc,"Dây Da Đồng Hồ Cao Cấp - Sang Trọng, Chất Liệu Da Bê EPSOM Nhập Khẩu Từ Pháp, Tiêu chuẩn Châu Âu, Mặt Lót Chống Thấm Mồ Hôi, Tích Hợp Lớp Gia Cố Chống Giãn Đặc Biệt và Chốt Thông Minh Mới Nhất - Hàng Chính Hãng SAIGIO"
Dong Ho Va Trang Suc,(TẶNG KÈM CHỐT VÀ DỤNG CỤ THAY DÂY) Dây đồng hồ kim loại đúc đặc size 19mm 21mm
Dong Ho Va Trang Suc,Máy treo tường Đồng hồ Nhật
Dong Ho Va Trang Suc, Khuyên Tai Nam Không Cần Bấm Lỗ - Bông Tai Kẹp Titan
Dong Ho Va Trang Suc,Combo 6 đôi bông tai nụ thời trang nữ xinh đẹp cho bạn gái
Dong Ho Va Trang Suc,Pin Đồng Hồ Maxell Nhiều Kích cỡ Vỉ 5 viên
Dong Ho Va Trang Suc,Vòng tay nam
Dong Ho Va Trang Suc,Đồng hồ nam Casio F-200W-2BDF dây nhựa
Dong Ho Va Trang Suc,Nhẫn Nữ Đính1 Viên Đá Chìm Chất Liệu Thép Titan Ko Rỉ Ko Dị Ứng TT 0411
Dong Ho Va Trang Suc,Bộ trang sức 4 món kiểu bi mạ vàng 18k
Dong Ho Va Trang Suc,Bông tai nam châm
Dong Ho Va Trang Suc,Dây da đồng hồ nam nữ da bò thật dập vân cá sấu bền đẹp
Dong Ho Va Trang Suc,Bông tai nam Titan cao cấp chonmua365
Dong Ho Va Trang Suc,Dây đeo đồng hồ da bò màu nâu  Size 14/15/16/17/18/19/20/21/22/23/24/25/26mm - Dây đồng hồ da bò Thật 100% - Bảo Hành 12 Tháng
Dong Ho Va Trang Suc,Dây đeo dành cho Huawei Watch GT6/ GT5/ GT4/ GT3/ GT5 Pro/ GT3 Pro/ 5/ 4/ 4 Pro/ 3/ 3 Pro/ GT2/ GT Runner/ Oppo Watch X2 mini - Chất Nylon (DN)
Dong Ho Va Trang Suc, Dây đồng hồ da bò nhiều size màu nâu bạc HJ8114-28-42
Dong Ho Va Trang Suc,"Dây Đồng Hồ 20mm Thép Lưới Nam Châm Cho Đồng Hồ Samsung Galaxy Watch Active 2, Active, Galaxy Watch 42mm"
Dong Ho Va Trang Suc,Dây đeo Huawei Watch 5/ 4/ 4 Pro/ 3/ 3 Pro/ GT6/ GT5/ GT4/ GT3/ GT2/ GT2e/ GT2 Pro/ GT (DG)
Dong Ho Va Trang Suc,Dây đồng hồ cho Samsung Watch 3/ Watch 4/ Watch 4 Classic/ 5/ 5 Pro/ 6/ 6 Classic/ 7/ FE (DSK)
Dong Ho Va Trang Suc,Dây Da Đồng Hồ Daniel Sheffield Tặng kèm Hộp gỗ
Dong Ho Va Trang Suc,Khuyên tai bông tai quả tạ cúc tròn không gỉ unisex hot trend giới trẻ
Dong Ho Va Trang Suc,Dây đồng hồ kim loại inox đúc 5 hạt đúc đặc đầu ôm và đầu bằng
Dong Ho Va Trang Suc, Tặng HộpVòng Tay Chuỗi Tràng Hạt 108 6mm Trầm Tốc Việt - Trầm Hương Tự Nhiên
Dong Ho Va Trang Suc,Dây Đồng Hồ Size 20mm Khóa Nam Châm Lưới Thép Thép Không Gỉ
Dong Ho Va Trang Suc,Đồng Hồ Nam Casio Dây Da MTP-1370L-1AVDF
Dong Ho Va Trang Suc,Bộ 2 bông tai nam inox khuyên tròn 14mm BT233
Dong Ho Va Trang Suc,Dây đeo cho Amazfit Active/ Active 2/ GTR mini/ GTR 4/ 3/ 3 Pro/ 2/ 2e/ 1/ GTS 4/ 3/ 2/ 2e/ 4 mini/ 2 mini/ Bip 3/ 3 Pro/ Bip U/ Bip 6/ Bip 5/ Redmi Watch 5/ Cheetah (DN)
Dong Ho Va Trang Suc,Dây Đồng Hồ Đeo Tay Daniel_Watch Da Bò Màu Nâu Đậm Tặng Kèm Hộp Gỗ và Phụ kiện
Dong Ho Va Trang Suc,Dây đeo cho Garmin Forerunner 570/ 165/ 55/ 645/ 255/ 245/ Venu 2/ SQ 2/ SQ/ Vivoactive 6/ 5/ 4/ 3 (DN)
Dong Ho Va Trang Suc,Dây Đeo Đồng Hồ Da Bò Thật Hai Mặt Size 21mm 19mm 24mm Tặng Kèm Hộp Chốt Dụng cụ
Dong Ho Va Trang Suc,Vòng đeo tay gỗ Tây Tạng cho Nam và Nữ - T0214
Dong Ho Va Trang Suc,"Combo Vòng tay phong thủy gỗ Đàn Hương tự nhiên Ấn Độ, Kèm HỘP GỖ CUNG HỶ lót lụa"
Dong Ho Va Trang Suc,Dây đồng hồ dành cho AW Da bò thật khâu tay thủ công cao cấp  D106 - Đen
Dong Ho Va Trang Suc,"Dây đeo Xiaomi Miband 6, Mi band 5 - chính hãng Mijobs"
Dong Ho Va Trang Suc,Tovit thay dây Hublot và thay dây đồng hồ
Dong Ho Va Trang Suc,Đồng Hồ Unisex Casio MQ-24-7B2 Dây Nhựa
Dong Ho Va Trang Suc,"(KHUYẾN MẠI GIÁ CỰC SHOCK) Dây da đồng hồ cực mềm, dây chống nước chính hãng Italy đủ size 12 đến 20mm"
Dong Ho Va Trang Suc,CHIẾC VÒNG TAY TỲ HƯU NỮ ĐÁ CẨM THẠCH  MÀU XANH LÁ SIZE 10MM  NỮ MỆNH MỘC VÀ HỎA Ạ
Dong Ho Va Trang Suc,Dây Thép Đồng Hồ 2 Trong 1 Thép Đặc Không Gỉ [Tặng Chốt + Dụng cụ tháo lắp
Dong Ho Va Trang Suc,Combo bộ trang sức bi mạ 18k cao cấp H575
Dong Ho Va Trang Suc,Nhẫn nữ đính đá xanh biển
Dong Ho Va Trang Suc,Cài áo hoa
Dong Ho Va Trang Suc,Đồng Hồ Thông Minh AMA Q19 có Camera Kép Xoay 360 Chống thấm nước Chuẩn IP 67 Hàng nhập khẩu
Dong Ho Va Trang Suc,Dây đeo dành cho Huawei Watch Fit 2 (DFIT2)
Dong Ho Va Trang Suc,Vòng đeo tay chuỗi hạt 108 hạt gỗ đỏ hồng phong thủy niệm Phật
Dong Ho Va Trang Suc,Dây đeo cho Amazfit GTR 4/ 3/ 3 Pro/ GTR 2/ 2e/ GTR 42/ 47mm/ Redmi Watch 5 Active/ 5 Lite (DG)
Dong Ho Va Trang Suc,"Dây Đồng Hồ Da Bò Cao Cấp, Kiểu VINTAGE THREAD Phẳng Mỏng, Mặt Lót Chống Thấm Mồ Hôi, Tích Hợp Lớp Gia Cố Chống Giãn Đặc Biệt, Phụ Kiện Khóa và Chốt Bằng Thép Không Gỉ 316L - Hàng Chính Hãng SAIGIO"
Dong Ho Va Trang Suc,Dây đeo Samsung Watch 3/ Active 2 40/ 44mm/ Watch 46mm (DG)
Dong Ho Va Trang Suc,Dây đồng hồ dành cho AW da đà điểu D109 - Da thật khâu tay thủ công cao cấp
Dong Ho Va Trang Suc,Dây đeo Samsung Watch 4/ Watch 4 Classic (DGNT)
Dong Ho Va Trang Suc,Dây đeo Samsung Watch 3/ Active 1/ 2/ 46mm (DSG)
Dong Ho Va Trang Suc,Vòng tay gỗ Bách Xanh cổ thụ (BH622) Có mùi thơm ngọt - vân gỗ đẹp - Mang lại tài lộc bình an - Bracelet of HAHANCO
Dong Ho Va Trang Suc,Bông tai khuyên tai tròn nam châm basic không cần bấm lỗ unisex
Dong Ho Va Trang Suc,Đồng Hồ Đeo Tay Nữ Chính Hãng Casio LW-204-1ADF Dây Nhựa
Dong Ho Va Trang Suc,Dây Da Đồng hồ Cá sấu Xuất Khẩu
Dong Ho Va Trang Suc,Combo 10 vòng tay silicon chú giải thoát Mật Tông
Dong Ho Va Trang Suc,Nhẫn chỉ trơn khắc 9999 mạ 24k cao cấp
Dong Ho Va Trang Suc,Bông Tai Nam Hình Tròn Chất Liệu Thép Titan Không Rỉ TT 0956 - 1 Cặp
Dong Ho Va Trang Suc,Bông tai nam cá tính mạnh
Dong Ho Va Trang Suc,Đồng hồ nam dây da Casio MTP-1381L-7AVDF
Dong Ho Va Trang Suc,"Đồng hồ nam chính hãng Lobinni LB16003G-D1 hàng mới 100%,Kính sapphire ,chống xước,chống nước,mặt trắng vỏ vàng hồng dây da nâu xịn, thép không gỉ 316L,Đồng hồ cơ (Automatic) bảo hành 24 tháng, Mới 100%,thiết kế thể thao trẻ trung và sang trọng"
Dong Ho Va Trang Suc,Nhẫn titan nam - Nhẫn nam inox trơn nhiều màu cao cấp thời trang thép không gỉ trangsucpt
Dong Ho Va Trang Suc,Đồng Hồ Trẻ Em Cao Cấp Chính Hãng MR 8217 Chính Hãng Không Vô Nước Đồng Hồ Điện Tử Thể Thao Cho Bé Trai Bé Gái
Dong Ho Va Trang Suc,Dây đồng hồ da bò nhiều size màu nâu đen HJ8112-26-40
Dong Ho Va Trang Suc,Pin Đồng Hồ Renata 371- SR920SW- Vỉ 1 Viên
Dong Ho Va Trang Suc,Đồng Hồ Nam Casio MTP-V002GL-7B2 Dây Da
Dong Ho Va Trang Suc,"Dây Chuyền Nữ Bạc Đính Đá Diamond Cao Cấp - DC0000009 - Vòng Cổ Nữ S925 Họa Tiết Sang Chảnh, Quý Phái"
Dong Ho Va Trang Suc,Bông tai hoa cúc
Dong Ho Va Trang Suc,Dây đồng hồ thép đúc không gỉ cao cấp YE-003
Dong Ho Va Trang Suc,Vòng tay hoa khô màu xanh ngọc
Dong Ho Va Trang Suc,Đồng hồ nam dây nhựa Casio MW-240-2BVDF
Dong Ho Va Trang Suc,Đồng hồ nam dây kim loại Casio MTP-V001D-1BUDF
Dong Ho Va Trang Suc,Bộ 2 bông tai nam inox khuyên tròn 10mm BT233
Dong Ho Va Trang Suc,Vòng tay Handmade Ba hạt đá 5 mệnh ngũ hành Ancarat VT13
Dong Ho Va Trang Suc,"Dây Thép cho MI Band 8 Pro/ Band 9 Pro/ Redmi Watch 5/ 4 - Dây Thép, khóa nam châm (DTB8P)"
Dong Ho Va Trang Suc, Vòng cổ dài hình chiếc lá đính hạt lấp lánh cho nữ
Dong Ho Va Trang Suc,"Vòng tay Cuff không đen, không rỉ - Lắc Tay Cặp Đôi Nam Nữ Titan"
Dong Ho Va Trang Suc,Vỉ 5 Viên Pin SR927SW / 395 / G7 Maxell Nhật Bản 1.55V Đồng Hồ Đeo Tay
Dong Ho Va Trang Suc,Pin Maxell Nhật Bản SR920SW / 371 / G6 (Viên Lẻ) Hàng Chính Hãng Made in Japan
Dong Ho Va Trang Suc,Pin Đồng Hồ Renata 364- SR621SW- Vỉ 1 Viên
Dong Ho Va Trang Suc,Dây đeo Huawei Watch 5/ 4/ 4 Pro/ 3/ 3 Pro/ GT6/ GT5/ GT4/ GT3/ GT2/ GT (DGT)
Dong Ho Va Trang Suc,GIÁ HỦY DIỆT Dây đồng hồ HUBLOT nam lót da lộn Xám Tối Case 42 size dây 19 - 25 - 22
Dong Ho Va Trang Suc,Đồng hồ Unisex Casio MQ-24-1ELDF dây nhựa
Dong Ho Va Trang Suc,VÒNG ĐÁ MẮT HỔ ĐEN XANH 16ly 13 Viên NAM Mệnh THUỶ mệnh MỘC Đá Tự Nhiên 
Dong Ho Va Trang Suc,Đồng hồ nữ dây nhựa Casio LW-200-7AVDF
Dong Ho Va Trang Suc,Vòng cổ choker tattoo V48
Dong Ho Va Trang Suc,Bông Tai Khuyên Tròn Winwinshop88 BT233 (16mm) – Bạc
Balo Va Vali,"Túi chống sốc, bao chống sốc dành cho macbook laptop máy tính mỏng gọn nhẹ chống nước - Hàng chính hãng"
Balo Va Vali,Túi Pickleball Tennis JOLA balo thể thao nhiều màu dung tích lơn nhiều ngăn balo để vợt chống thấm SIZE 56cm
Balo Va Vali,"Móc Khóa Zip Kéo Thay Thế Bằng Nhựa Kim Loại Có Thể Tháo Rời Cho Balo Túi Xách, Vali, Áo Khoác, Quần"
Balo Va Vali,"Balo cầu lông chống nước để vợt Pickleball Tennis Badminton, ba lo thể thao đựng giày dụng cụ Sport Bag 47*19*31CM phong cách siêu đẹp"
Balo Va Vali,"Cặp Đựng Tài Liệu, Cặp Đựng Laptop 15.6 Inch, Túi Đeo Vai Công Sở Cao Cấp, Thời Trang Lịch Lãm"
Balo Va Vali,Túi chống sốc laptop surface chống nước kèm ví đựng sạc chuột dáng dọc
Balo Va Vali,"Bộ 8 Bọc Cao Su Bánh Xe Vali Silicone Bảo Vệ Giảm Tiếng Ồn, Chống Mài Mòn Cho Vali Hành Lý Phụ Kiện"
Balo Va Vali,Túi Chống Sốc Cho Laptop 2 Ngăn Không Thấm Nước - Hàng Chính Hãng
Balo Va Vali,Túi Thể Thao Đeo Hông Đeo Bụng Dùng Cho Chạy Bộ Tập Thể Dục
Balo Va Vali,"Sét 3 túi đựng mỹ phẩm trong suốt mẫu mới, sét 3 túi mỹ phẩm washbag - Hàng chính hãng"
Balo Va Vali,"Túi xách túi chống sốc cho laptop 14inh -15,6 inh và 16.1 inh cao cấp phong cách mới"
Balo Va Vali,Vali Khung Nhôm Vân Nhám Chống Trầy Xước NiceVilla Size 20inch-24inch-29inch
Balo Va Vali,Balo Laptop 17.3 inch SimpleCarry A-City 2 - Hàng Chính Hãng
Balo Va Vali,"Balo Nữ Cao Cấp Teement, Balo Hàn Quốc Dây Kéo Trước Nhiều Ngăn Chứa Cho Nữ, Vải Oxford Chống Thấm, Nhiều Ngăn Rộng Rãi Tiện Dụng, Balo Đi Chơi, Du Lịch, Dã Ngoại - Hàng Chính Hãng"
Balo Va Vali,"Túi xách túi chống sốc cho laptop 15,6 inh-16.1 inh và 17.3 inh cao cấp phong cách mới"
Balo Va Vali,Túi Đựng Mỹ Phẩm Du Lịch Có Móc Treo Nhiều Ngăn Tiện Lợi Deli - Túi Đựng Đồ Cá Nhân Đồ Trang Điểm Đa Năng Chống Thấm Nước - VS641
Balo Va Vali,Vali Vải Cao Cấp Khóa Kéo Mở Rộng Size 20/24/28 Inch
Balo Va Vali,"Vali khung nhôm khóa sập size 20/24, bịt 4 góc kim loại KS-051"
Balo Va Vali,Vali Du Lịch NiceVilla Size 20 & 24 Inch
Balo Va Vali,Túi Chống Sốc Laptop 13 inch 14 inch 15 inch 17inch HARAS TC001
Balo Va Vali,"Túi Chống Sốc Laptop Cao Cấp Teement , Lót Trong Dày, Chống Xước, Chống Thấm Nước, Công Nghệ Giảm Chấn Bảo Vệ Laptop, Chống Va Đập Máy Tính An Toàn Hiệu Quả, Dành Cho Laptop ,13,14,15,15.6inch - Hàng Chính Hãng"
Balo Va Vali,Vali NiceVilla Nhựa Dẻo PP Chống Sốc Chống Va Đập Size 20inch & 24inch & 28inch
Balo Va Vali,"Balo Nam, Nữ Công Sở Đa Năng Teement, Đựng Vừa Laptop - Macbook - Máy Tính Xách Tay, Chất Liệu Vải Cao Cấp Chống Thấm Nước, Chống Xước, Có Cổng Sạc USB Tiện Lợi - Hàng Chính Hãng"
Balo Va Vali,"Túi chống sốc macbook và laptop 15 và 15,6 inh cao cấp lót dày, công nghệ giảm chấn bảo vệ laptop, chống va đập máy tính an toàn hiệu quả"
Balo Va Vali,Balo laptop nam thông minh đa năng cao cấp phong cách mới
Balo Va Vali,"Bao da, Túi đựng Nillkin Versatile Laptop Sleeve Water Ripple 14inch 16inch dành cho Macbook Air / Macbook Pro 13 / Surface Laptop / Laptop 13.3inch / Macbook Pro 16 / Laptop 16inch / Laptop Asus / Dell XPS  - Hàng Nhập Khẩu"
Balo Va Vali,"Túi chống sốc cho macbook, laptop, surface tặng kèm ví đựng sạc chuột"
Balo Va Vali,"Bao da, túi da, cặp da chống sốc cho macbook, laptop"
Balo Va Vali,Vali Kéo Du Lịch Size 20inch KS-T01 - Bảo Hành 5 Năm
Balo Va Vali,Lọ chiết dung dịch - nước hoa tiện dụng size lớn 8ml (Chọn mầu)
Balo Va Vali,"Bao đeo tay điện thoại chạy bộ, thể thao Rimix RM5506"
Balo Va Vali,"Size 20 Size 22 Túi Trùm Chống Xước Cho Vali Cao Cấp Áo bọc, bao bọc vali trong suốt chống trầy xước khi vận chuyển"
Balo Va Vali,"Túi chống sốc bao chống sốc dành cho máy tính, laptop, surface - Hàng chính hãng"
Balo Va Vali,"Túi bao da chống sốc dành cho máy tính, macbook, laptop, ipad, surface kiêm tấm lót di chuột chống nước - Hàng chính hãng"
Balo Va Vali,"Balo học sinh sinh viên Yonnex , sức chứa lớn, phom cứng cáp, chống thấm nước, balo thể thao cầu lông tennis pickleball nhiều màu size lớn 47cm"
Balo Va Vali,"Vali Kéo Cao Cấp Xbags Titan XB6103 20 Inch Nhỏ Gọn, Nhiều Ngăn, Sang Trọng, Chống Va Đập, Tiện Dụng Du Lịch Công Tác!"
Balo Va Vali,"Túi Chống Sốc Laptop Cao Cấp Vải Trơn Mịn Nhiều Màu Sắc 14 Inch - 15 Inch, Chống Thấm Nước"
Balo Va Vali,"Cặp Laptop Chống Sốc Cao Cấp Thời Thượng, Túi Chống Sốc Đựng Laptop 15.6 Inch, Chống Thấm, Chống Trầy, Bảo Vệ An Toàn Cho Máy Tính"
Balo Va Vali,SET 2 Vỏ Bọc Thẻ Căn Cước Công Dân PVC Bán Trong Suốt Đựng CCCD Bằng Lái Xe Thẻ Ngân Hàng Card ATM
Balo Va Vali,Vỏ Bọc Hộ Chiếu PVC Bao Passport Cover Chống Bụi Bẩn Trong Suốt Có Ngăn Đựng Thẻ Tiện Lợi
Balo Va Vali,"Hộp Đựng Bàn Chải , Kem Đánh Răng Du Lịch MUDU-Chính Hãng ( Màu ngẫu nhiên)"
Balo Va Vali,Thẻ Hành Lý Name Tag Vali Du Lịch Móc Treo Cặp Sách Balo Cho Bé Đánh Dấu Ghi Tên Dễ Thương
Balo Va Vali," Vali Kéo Khung Nhôm Khóa Sập Chống Bể Vỡ, Chống Trầy Xước Size 20inch & 24inch & 28inch"
Balo Va Vali,Vali Nhựa 20 Inch Khóa Số TSA MR VUI 206 - tại Balonation.vn
Balo Va Vali,Túi Nhựa Dây Rút Đựng Đồ Du Lịch Chống Nước
Balo Va Vali,"Áo bọc vali trong suốt, nhiều size- CHỌN SIZE- Bao trùm vali chống trầy xước đủ cỡ 18- 20-22-24-26-28-30 inch -Hàng chính hãng"
Balo Va Vali,"Áo Bọc Vali Trong Suốt, Màu Đen - Bao Trùm Vali Chống Trầy Xước Đủ Cỡ 20-22-24-26-28,29 inch"
Balo Va Vali,"Vali Du Lịch Nhựa PP01 Cao Cấp, Vali Kéo Chống Va Đập Size 20/24/28, Bảo Hành 5 Năm"
Balo Va Vali,"Vali Hộp Kéo Thời Trang Siêu To, Chống Va Đập KS-P37 Size 20"
Balo Va Vali,Túi đeo hông Nam Nữ AOLIKES A-CW002
Balo Va Vali,"Vali Nhựa LUG Aber S20/S24/S28 MHL010 Nhựa ABS hạn chế trầy xước, Khóa số bảo mật an toàn"
Balo Va Vali,"Balo Thời Trang Nam Cao Cấp Tement, Cá Tính, Phong Cách Độc Đáo, Tiện Lợi, Chất Liệu Vải Cao Cấp Chống Thấm, Chống Xước, Đựng Vừa Laptop 15,6 Inch - Hàng Chính Hãng"
Balo Va Vali,Balo nữ sinh đi học đi chơi đi làm không thấm nước cao cấp phong cách hàn quốc
Balo Va Vali,"Balo Nam Chống Thấm Nước, Chống Xước, Chống Trộm, Thoáng Khí  Phong Cách Thời Trang  Besti BTY01 Chất Liệu Vải Cao Cấp Oxford - Hàng Chính Hãng"
Balo Va Vali,"Túi đựng mỹ phẩm, đồ trang điểm đi du lịch trong suốt, chống thấm nước tiện dụng - HENRYSA"
Balo Va Vali,"Balo Vải Bố Canvas Tote Dù Nhẹ Nhiều Ngăn Đựng Laptop Chống Sốc Chống Nước Màu Đen Thời Trang Hàn Quốc Nam Nữ Sinh Viên, Học Sinh Đi Học, Công Sở Đi Làm, Du Lịch - Hàng Chính Hãng"
Balo Va Vali,"Túi Đựng Đồ Cá Nhân Du Lịch , Túi Đựng Mỹ Phẩm Kiểu Hàn Quốc  Mẫu Mới - MP002"
Balo Va Vali,(HOT TREND) Balo da cao cấp - Balo nữ thời trang YUUMY YBA4 - balo da bò bền đẹp
Balo Va Vali,"TÚI XÁCH, CẶP XÁCH CHỐNG SỐC CHO MACBOOK, SURFACE, LAPTOP CÓ DÂY ĐEO VAI CHỐNG NƯỚC"
Balo Va Vali,"Túi Đựng Giày Dép Du Lịch KUNBE 3 Ngăn, Chất Liệu Chống Thấm Nước, Túi Để Giày Thể Thao Đa Năng Có Móc Gài Tay Kéo Vali Tiện Lợi - Hàng Loại 1 Dày Dặn"
Balo Va Vali,"Balo nam thời trang cao cấp phong cách mới 15,6"
Balo Va Vali,"[KHÓA GÀI]-Dây đai cố định và bảo vệ vali an toàn mẫu đôi 2m, màu ngẫu nhiên+ Tặng kèm thẻ đeo hành lý ngẫu nhiên"
Balo Va Vali,Ba lô thông minh đa năng cao cấp nam công suất lớn tích hợp sạc usb tiện dụng chứa laptop 14 đến 17 inh
Balo Va Vali,BAO DA CHỐNG SỐC CHO MICROSOFT SURFACE PRO 7
Balo Va Vali,Túi bọc bảo vệ vali -Áo vỏ bọc vali - Summer
Balo Va Vali,Túi bọc bảo vệ vali -Áo vỏ bọc vali - Around-Vuông
Balo Va Vali,"Cặp Tài Liệu Chống Sốc Cho Laptop, Túi Đeo Vai Đựng Máy Tính Xách Tay, Cặp Công Sở"
Balo Va Vali,"Túi Đựng Laptop Wi WU Minimalist Bag Pro 2, chất liệu vải, chống nước - Hàng chính hãng"
Balo Va Vali,"Túi Bảo Quản Giày Size Lớn Bằng Vải Không Dệt, Chống Bụi, Chống Ố Vàng Khi Phơi, Mang Đi Du Lịch, Miệng Túi Có Dây Rút Tiện Lợi Khi Sử Dụng"
Balo Va Vali,"Cặp Đựng Chống Sốc Cao Cấp Teement, Chống Nước, Chống Xước, Dành Cho Laptop 13,14,15.6icnh - Hàng Chính Hãng"
Balo Va Vali,"[SIZE NHỠ] Túi trống du lịch thể thao cỡ nhỡ đựng đồ đi chơi, đi làm, đi dã ngoại"
Balo Va Vali,Túi Đựng Mỹ Phẩm Vãi Lưới Thoáng Khí TRAVELBAG - Hàng chính hãng
Balo Va Vali,"CẶP DA, TÚI DA ĐEO CHÉO CHỐNG SỐC, CẶP ĐỰNG MÁY TÍNH, LAPTOP, SURFACE SIÊU CHỐNG NƯỚC"
Balo Va Vali,"Túi chống sốc laptop máy tính xách tay, túi đeo chéo công sở nam nữ cặp đựng laptop sang trọng chống nước"
Balo Va Vali,"Túi Đựng Giày Dép Du Lịch Cỡ Lớn 3 Ngăn KUNBE Chất Liệu Chống Thấm Nước, Túi Để Giày Thể Thao Đa Năng Có Móc Gài Tay Kéo Vali Tiện Lợi"
Balo Va Vali,"Balo Laptop Nam Nữ , BaLô Công Sở, Chống Sốc, Chống Thấm Nước, Đi Chơi, Du Lịch"
Balo Va Vali,"Balo Thời Trang Cho Nữ, Cặp Xách Học Sinh, Sinh Viên NiceVilla NV01"
Balo Va Vali,Túi xách du lịch nam thể thao cao cấp phong cách mới
Balo Va Vali,"Set 8 Túi Đựng Đồ Du Lịch Cho Vali KUNBE Phiên Bản Cao Cấp Chất Liệu Dày Dặn, Siêu Tiện Lợi"
Balo Va Vali,"[VIDEO]- Túi đựng mỹ phẩm, đồ trang điểm chất liệu nhung cao cấp, phong cách Hàn Quốc-CHỌN MẪU- Túi đựng đồ cá nhân du lịch travel -MẪU MỚI"
Balo Va Vali,"Túi Xách Du Lịch Đa Năng Cao Cấp Teement, Có Ngăn Đựng Giày Riêng Biệt, Ngăn Chống Thấm Nước - Hàng Chính Hãng"
Balo Va Vali,Balo nữ sinh đi học đi chơi đi làm không thấm nước cao cấp phong cách mới
Balo Va Vali,"Túi đựng mỹ phẩm du lịch WashBag DẠNG HỘP có quai xách mini trong suốt, Túi đựng đồ trang điểm makup chống nước - Chính Hãng"
Balo Va Vali,"Túi Chống Sốc Laptop Teement TM01 2 Ngăn Có Quai Xách Đứng, Vân Da Mịn Chất Liệu Da Chống Thấm Nước Bảo Vệ Cho Macbook, Laptop, 13 Inch, 14 Inch, 15 Inch, 15.6 Inch- Hàng Chính Hãng"
Balo Va Vali,Combo 10 Thẻ Ghi Nhớ Nhãn Tag Name Gắn Móc Chìa Khóa Đánh Dấu Hành Lý Vali
Balo Va Vali,Túi chống sốc bao da ipad laptop macbook surface kiêm giá đỡ tản nhiệt kèm ví đựng sạc chuột
Balo Va Vali,"Túi Đựng Đồ Cá Nhân Du Lịch , Túi Đựng Mỹ Phẩm Kiểu Hàn Quốc 2021 - MP001"
Balo Va Vali,"Balo nam thời trang vải canvas  phong cách mới- đi làm, đi học,đi chơi,đựng laptop (15,6"")"
Balo Va Vali,"Balo, Cặp, Túi đựng laptop Chống sốc Lót Lông mềm mịn - Chống nước - Chống xước - Cao cấp , Kích cỡ 15.6 inch"
Balo Va Vali,Túi đựng văn kiện giấy tờ tài liệu văn phòng đa năng gấp gọn du lịch Mai Lee - Hàng chính hãng
Balo Va Vali,BAO DA CHỐNG SỐC CHO SURFACE PRO CAO CẤP
Balo Va Vali,"Túi đựng Macbook Air, Pro cao cấp 13.3 inch Chống Sốc 2 Ngăn (ghi xám) - Hàng Chính Hãng"
Balo Va Vali,"Balo Laptop 15.6 Inch Hasun HS 654 chất vải trượt nước dày dặn, bền bỉ - Hàng Chính Hãng"
Balo Va Vali,Ba Lô Nam Thời Trang Phong Cách Hàn Quốc  TLG 208193
Balo Va Vali,"Túi đựng mỹ phẩm hoa văn Brahma Flamingo-Giao màu , họa tiết ngẫu nhiên - Hàng chính hãng"
Balo Va Vali,"Gối Chữ U Kê Cổ Vải Nhung Mềm Mại Chống Đau Mỏi Vai Gáy Cho Dân Văn Phòng, Lái Xe, Du Lịch"
Balo Va Vali,Găng tay tắm Cơ Thể tế bào chết Bao tay tẩy da chết Loại Xịn (1 đôi) có móc treo
Balo Va Vali,"(Xả Hàng) Bao tay tắm tẩy tế bào chết, dây tắm chà lưng, bông tắm tẩy da chết tạo bọt (chọn mẫu theo phân loại)"
Balo Va Vali,Balo laptop nam 17.3 inh đa chức năng cao cấp phong cách ca tính mới
Balo Va Vali,Hộp Đựng Bàn Chải Kem Đánh Răng Có Thể Làm Cốc Nước Súc Miệng Tiện Lợi Đi Du Lịch - Hộp ĐỰng Bàn Chải Du lịch Đa Năng - Hàng Chính Hãng MINIIN
Balo Va Vali,"Balo Du Lịch Loại Lớn Xbags Travel XB1001 Đựng Laptop 17 Inch, Chống Nước Hiệu Quả, Nhiều Ngăn Rộng Rãi, Cá Tính Trẻ Trung!"
Balo Va Vali,"Túi chống sốc bao chống sốc cho laptop, surface máy tính chống nước mỏng gọn nhẹ - Hàng chính hãng"
Balo Va Vali,Balo American Tourister Grayson Backpack 1 AS
Balo Va Vali,"Dây Đai Vali Chữ X, Dây Ràng Hành Lý, Dây Buộc Túi Giỏ Cặp Balo Thùng Vào Vali Bảo Vệ Đồ Đạc Co Giãn Đi Du Lịch Máy Bay Legaxi"
Balo Va Vali,"Túi chống sốc laptop máy tính surface, bao chống sốc laptop mỏng gọn nhẹ"
Balo Va Vali,Vali Thời Trang Nhựa Dẻo PP Nicevilla Size 20inch & 24inch
Balo Va Vali,Túi xách du lịch thời trang nam /nữ cao cấp phong cách mới
Balo Va Vali,Balo Yuumy ( Thời trang nữ cỡ trung basic - Balo da Seasand YBA51 )
Balo Va Vali,"Túi xách túi chống sốc cho macbook và laptop 15,6 và 16.1 inh và 14.1 inh cao cấp phong cách mới"
Balo Va Vali,"Túi Đựng Phụ Kiện Công Nghệ Chống Nước, Chống Sốc Cao Cấp – Chọn Màu - Túi Bảo Vệ Phụ Kiện Điện Thoại Máy Tính Bảng Laptop Tai Nghe Cáp Sạc Củ Sạc Pin Dự Phòng Chính Hãng Dododios"
Balo Va Vali,"Túi Đeo Wiwu Pioneer Handle Bag Dành Cho Laptop, Ultrabook Chất Liệu Vải Cao Cấp, Độ Bền Cao - Hàng Chính Hãng"
Balo Va Vali,Túi chống sốc laptop - túi đựng laptop 14inch - 15.6in 0131
Balo Va Vali,"Túi Đựng Bảo Vệ Phụ Kiện Công Nhệ Cao Cấp Chống Nước , Túi Du Lịch , Túi Công Sở Văn Phòng"
Balo Va Vali,"Balo du lịch nam vải canvas cao cấp Dành Cho Đi Học, Dã Ngoại, Đi Phượt, Đựng Laptop (14-17"")"
Balo Va Vali,"Túi du lịch Lata ( Thời trang nam, nữ tiện lợi cỡ lớn - Túi da TR15 )"
Balo Va Vali,"Cặp xách da, túi xách da đựng macbook, laptop, surface chống nước, chống sốc - Tặng kèm ví đựng sạc, chuột"
Balo Va Vali,Túi xách du lịch thời trang HARAS HR224
Balo Va Vali,"Balo Cầu Lông Thể Thao nhiều màu hottrend, đựng giày vợt cầu lông Tenis bóng bàn Size lớn 47*19*31cm, balo học sinh sinh viên sport bag"
Balo Va Vali,Vali du lịch kéo Kingsun cao cấp Size 24inch KS-033
Balo Va Vali,"Vali Du Lịch Nancy Bamozo Nhựa PP Cao Cấp, Vali Kéo Du Lịch Chống Va Đập - Bảo Hành 5 Năm"
Balo Va Vali,"Vali Kéo LUG Aber S20/S24/S28 MHL027: Nhựa ABS Hạn Chế Trầy Xước, Khóa Số Bảo Mật An Toàn"
Balo Va Vali,Balo Đi Học Hàn Quốc Ulzzang Thời Trang Nam Nữ Deli - Phù Hợp Cho Học Sinh Cấp 2 Cấp 3 Tiểu Học Trung Học Sinh Viên Chống Nước Đựng Được Laptop Đi Chơi Du Lịch Dễ Thương Cute Nhiều Màu Cá Tính Unisex Nam Nữ
Balo Va Vali,"Túi chống sốc laptop surface, bao chống sốc laptop mỏng gọn nhẹ"
Balo Va Vali,Vali kéo Samsonite Apinex Spinner EXP
Balo Va Vali,Túi Đựng Y Tế - Túi Đựng Thuốc Cá Nhân - Túi Y Tế Du Lịch Nhỏ Gọn Mẫu Mới
Balo Va Vali,Set 7 Túi Đựng Đồ Du Lịch Cho Vali KUNBE Nhiều Kích Cỡ Đa Năng Giúp Vali Luôn Gọn Gàng Ngăn Nắp
Balo Va Vali,"Vali du lịch thời trang Bamozo 8812 size 20/24 , vali nhựa kéo được bảo hành 5 năm"
Balo Va Vali,"Túi Chống Sốc Da Kai Mẫu Đứng Dành Cho Macbook - iPad - Laptop, Surface Chống Nước Nắp Đậy Nam Châm Mẫu Nắp Đứng- Hàng chính hãng"
Balo Va Vali,TẶNG TÚI ĐỰNG GIÀY + THẺ TAG - Vali kéo i'mmaX Z1100 nhựa PC/ABS chống va đập có đủ size 20-24inch - Bảo hành 3 năm - Hàng chính hãng
Balo Va Vali,"Túi chống sốc macbook 13 và 13,3 inh cao cấp lót dày, công nghệ giảm chấn bảo vệ laptop, chống va đập máy tính an toàn hiệu quả"
Balo Va Vali,Balo laptop nam chống thấm nước cao cấp phong cách châu âu
Balo Va Vali,"Balo Du Lịch Cao Cấp Hasun HXK bền bỉ, chắc chắn - Hàng Chính Hãng"
Balo Va Vali,Vali Du Lịch Cao Cấp Size 24inch - Bảo Hành 5 Năm  KS-T01 - Đen
Balo Va Vali,"Vali Kéo Du Lịch Size 20 KS-219, Chính hãng, Bảo Hành 5 Năm"
Balo Va Vali,Balo nam thông minh đa năng cao cấp phong cách mới
Balo Va Vali,"Balo du lịch Arctic Hunter chất liệu Oxford chống nước, có cổng USB - B00120"
Balo Va Vali, Lọ chiết dung dịch nước hoa mini xịt phun sương tiện lợi
Balo Va Vali,Vali Du Lịch Macat D-ONE (47 x 33 x 23 cm) - Đỏ
Balo Va Vali,"Balo Laptop Du Lịch Thời Trang Cao Cấp SAKOS MORALE Dành Cho Laptop 15.6 Inch (15.6"")"
Balo Va Vali,"Bao da túi da cặp chống sốc, chống nước dành cho máy tính laptop, surface kèm ví đựng sạc chuột - Hàng chính hãng"
Balo Va Vali,vali du lịch  Cao Cấp Size20/24/28inch phân phối chính hãng cobi home
Balo Va Vali,Vali Nhựa Dẻo PP Nicevilla Siêu Bền Size 20inch & 24inch & 28inch
Balo Va Vali,Vali kéo Samsonite Niar Spinner EXP REC
Balo Va Vali,Hộp Đựng Y Tế Cho Gia Đình và Du Lịch Nhỏ Gọn Chống Nước và Chống Va Đập  - Túi Đựng y tế /Thuốc Nhỏ Gọn
Balo Va Vali,Vali Nhôm Nguyên Khối Khóa Sập NiceVilla 20inch-24inch-29inch
Balo Va Vali,"Túi Đựng Mỹ Phẩm, Đồ Trang Điểm Đi Du Lịch Washbag Trong Suốt Chống Thấm Nước Tiện Lợi Nhiều Kích Thước Nhiều Mẫu Chính Hãng"
Balo Va Vali,Balo đi học nam nữ thương hiệu NATOLI nhiều ngăn chống nước tốt - Basic Backpack B2
Balo Va Vali,Balo nam thông minh đa năng thời trang cao cấp 17
Balo Va Vali,Balo Yuumy ( Thời trang nữ cỡ trung nắp gập - Balo da Seasand YBA48 )
Balo Va Vali,"Ba Lô Laptop 15.6"" TARGUS Intellect Backpack - Hàng Chính Hãng"
Balo Va Vali,Balo nữ sinh thời trang cao cấp phong cách mới
Balo Va Vali,"Túi du lịch đa năng, có gài vali, ngăn đựng giày và ngăn chống nước riêng biệt, túi xách du lịch MO hi - Hàng chính hãng"
Balo Va Vali,"balo nam -ba lô nam thời trang phong cách mới (15,6"")"
Balo Va Vali,"Ba lô nam thời trang cao cấp phong cách mới (15,6"")"
Balo Va Vali,Balo Lata ( Thời trang nữ tiện lợi cỡ lớn - Balo da BAL37 )
Balo Va Vali,"Túi xách, cặp xách da đựng máy tính, macbook, laptop siêu chống sốc chống nước"
Balo Va Vali,Túi bọc bảo vệ vali -Áo vỏ bọc vali - Du Lịch Singapo
Balo Va Vali,Vali Nhôm Nguyên Khối Khóa Sập NiceVilla 20inch & 24inch $ 29inch - Bạc Bo Góc
Balo Va Vali,"Balo du lịch, balo phượt, balo leo núi thể thao phong cách mới - BEE GEE BLLN1035"
Balo Va Vali,Balo học sinh tiểu học HARAS HR339
Balo Va Vali,Vali du lịch Vali kéo cao cấp chính hãng Size 24inch  KS-218
Balo Va Vali,"[VIDEO]- Túi đựng pin sạc, dây sạc điện thoại chống nước- CHỌN MÀU-Túi Đựng Phụ Kiện Điện Thoại 2 Ngăn Lớn Cải Tiến Nhiều Ngăn Chống Nước, Chống Sốc – Túi Bảo Vệ Phụ Kiện Máy Tính Bảng Máy Ảnh Loa Sạc Sự Phòng Cáp Củ Sạc"
Balo Va Vali,Vali du lịch kéo cao cấp Size 24inch- Chất lượng cao  KS-155 - Bạc
Balo Va Vali,Túi chống sốc laptop - túi đựng laptop 14inch - 15.6in 0131A
Balo Va Vali,"Túi chống sốc đeo chéo dáng dọc Wiwu dành cho ipad, surface, macbook, laptop 12.9 inch, 13 inch"
Balo Va Vali,bao da túi chống sốc cho ipad laptop macbook kiêm giá đỡ tản nhiệt kèm ví đựng sạc chuột
Balo Va Vali,"Vali Kéo LUG Lusetti Nolan S20/S24/S28 LS802 Nhựa PP Chống Bể vỡ, Hạn Chế Trầy Xước, Khóa Số TSA Bảo Mật Cao"
Balo Va Vali,Túi chống sốc bao da laptop macbook kiêm giá đỡ tản nhiệt kèm ví đựng sạc chuột
Balo Va Vali,"Vali Kéo Vải Du Lịch SAKOS VIVIAN 6 - Size M (24inch)/ Ký Gửi (Trung) - Khóa TSA - Chống Thấm, Trượt Nước - Hàng chính hãng"
Balo Va Vali,Vali nhựa du lịch size ký gửi hành lý 24inch 60cm i'mmaX X12 màu
Balo Va Vali,"BAO DA, TÚI DA, CẶP DA CHỐNG SỐC CHO MACBOOK PRO 16 INCH"
Balo Va Vali,"Bao da, túi da, cặp da chống sốc cho macbook, laptop, surface kèm ví đựng phụ kiện"
Balo Va Vali,Túi xách du lịch Sakos Sakos M Traveller
Balo Va Vali,Khóa Móc Master Lock 4671EURDCOL (42mm)
Balo Va Vali,Balo nữ thời trang công sở cao cấp phong cách châu âu
Balo Va Vali,Converse Backpack Balo Chính Hãng
Balo Va Vali,Túi Đựng Mỹ Phẩm Du Lịch Có Móc Treo Nhiều Ngăn Tiện Lợi Deli - Túi Đựng Đồ Cá Nhân Đồ Trang Điểm Đa Năng Chống Thấm Nước - VS640
Balo Va Vali,BALO LAPTOP ĐA CHỨC NĂNG 17.3 INCH LUGBRO GAMING - Hàng Chính Hãng
Balo Va Vali,Dây Đai Vali Chữ Thập 4m Khóa Gài- Dây Buộc Vali An Toàn Chữ Thập Dây Chằng Vali Du Lịch- Dây Đai Khóa Vali 4 Chiều Dây Bảo Vệ Hành Lý Cao Cấp Dây Đai Hành Lý Đa Năng Dây Quấn Vali Chống Bung Dây Khoá Vali Chữ Thập 2 Trong 1
Balo Va Vali,Balo nữ kết hợp túi đeo vai nữ thời trang cao cấp phong cách mới
Balo Va Vali,"Túi Đeo Chéo Nam Thể Thao Xbags, Túi Tập Gym Đa Năng Chống Nước, Gọn Nhẹ Du Lịch XB6001"
Balo Va Vali,"Balo nam nữ thời trang hàng cao cấp phong cách mới 15,6"
Balo Va Vali,Balo nam thời trang cao cấp phong cách mới
Balo Va Vali,"Bao da, cặp da chống sốc, chống nước cho Surface Go, Surface Pro 3, 4, 5, 6, 7 - Hàng chính hãng"
Balo Va Vali,Balo Laptop 17 Inch HS 655 Đa Dụng
Balo Va Vali,"Balo nam vải canvas cao cấp phong cách mới 15,6"
Balo Va Vali,Balo nữ đa năng Classic Diamond - Hàng cao cấp
Balo Va Vali,ba lô du lịch kiêm túi xách du lịch cao cấp phong cách mới
Balo Va Vali,"BAO DA, TÚI DA, CẶP DA CHỐNG SỐC CHO MACBOOK PRO 16 INCH MÀU DA BÒ SIÊU SANG"
Balo Va Vali,"Balo Nam Thời Trang Du Lịch Cỡ Lớn Vải Bố Canvas Bền Chắc Phong Cách mới Dành Cho Đi Học, Dã Ngoại, Đi Phượt, Đựng Laptop (14-17"")"
Balo Va Vali,"BAO DA, TÚI DA, CẶP DA CHỐNG SỐC CHO MACBOOK, LAPTOP, SURFACE KÈM VÍ ĐỰNG PHỤ KIỆN"
Balo Va Vali,Cặp Laptop 12/14/15.6 inch MIKKOR The Levi Slim - Hàng Chính Hãng
Balo Va Vali,Balo Laptop 15.6 inch KMORE Jonah - Hàng Chính Hãng
Balo Va Vali,"Túi xách chống sốc laptop máy tính surface, túi công sở nam nữ đeo chéo cặp đựng laptop"
Balo Va Vali,Balo nam phong cách mới – BEE GEE BLTT9070
Balo Va Vali,Vali kéo Samsonite Robez Spinner EXP
Balo Va Vali,Túi chống sốc dành cho ipad cho macbook laptop surface da lộn chống nước lót lông siêu dày - Hàng chính hãng
Balo Va Vali,Vali Nhựa Khung Nhôm Khóa Sập NiceVilla
Balo Va Vali,Balo Laptop 15.6 Inch SAKOS HERO - Hàng Chính Hãng
Balo Va Vali,"BAO DA, TÚI DA, CẶP DA CHỐNG SỐC CHO MACBOOK, LAPTOP, SURFACE - MÀU HỒNG NEON"
Balo Va Vali,BAO DA CHỐNG SỐC CHO Microsoft SURFACE PRO CAO CẤP
Balo Va Vali,Combo bộ 3 balo du lịch HARAS HR242
Balo Va Vali,Túi bọc bảo vệ vali -Áo vỏ bọc vali - Ticket
Balo Va Vali,Túi Kéo Du Lịch Macat TB38
Balo Va Vali,Túi bọc bảo vệ vali -Áo vỏ bọc vali - Tem Thư
Balo Va Vali,"Balo Laptop Chống Sốc, Cặp Đựng Máy Tính Cá Nhân Đi Học, Đi Làm, Đi Chơi Có Cổng Sạc, Chống Thấm Nước"
Balo Va Vali,Vali kéo American Tourister Applite 4 Eco Spinner EXP TSA
Balo Va Vali,Balo du lịch đa chức năng hàng siêu cao cấp phong cách cá tính mới
Balo Va Vali,Balo nữ MARRANT BHM319 Da bò thật
Balo Va Vali,Túi xách/đeo chống sốc RivaCase Central Laptop Bag up to 15.6 inch 8231 - Hàng chính hãng
Balo Va Vali,Balo nữ thời trang công sở cao cấp phong cách hàn quốc
Balo Va Vali,Balo nữ thời trang công sở cao cấp phong cách mới
Balo Va Vali,Túi xách du lịch thể thao nam công suất lớn phong cách mới
Balo Va Vali,"Túi xách chống sốc, cặp đựng laptop, macbook, máy tính xách tay"
Balo Va Vali,"Ba lô du lịch thể thao nam công suất lớn phong cách mới tích hợp sạc USB tiện dụng và công nghệ chống thấm nước (15,6"") - đen xám"
Balo Va Vali,Balo dây kéo ANELLO (Phiên bản giới hạn) AT-B2261 - Màu
Balo Va Vali,Balo dây kéo ANELLO cỡ vừa AT-B0193A - Màu
Balo Va Vali,Balo Thời Trang Haras HRTK099 (43 x 30 cm) - Đen
Balo Va Vali,Khóa Vali Số Master 646 EURD
Tui Vi Nu,"Túi đeo chéo nữ thời trang, túi bánh bao chất liệu vải, túi đeo chéo nhỏ gọn HARAS TX374"
Tui Vi Nu,Túi Yuumy ( Thời trang nữ kèm phụ kiện xinh xắn size 24 - Túi đeo chéo da Glossy YN295 )
Tui Vi Nu,COMBO 10 BAO ĐỰNG THẺ CĂN CƯỚC CMND - ATM - NHÂN VIÊN - SINH VIÊN - BẰNG LÁI XE
Tui Vi Nu,Bóp ví nữ mini gấp gọn cầm tay nút bấm chữ nhật cách điệu thời trang - Hàng cao cấp
Tui Vi Nu,Túi Đeo Chéo Nữ Nhỏ Gọn Đựng Điện Thoại Đồ Dùng Đa Năng Nhỏ Gọn Thời Trang Hàn Quốc Cao Cấp (Có Hàng Sẵn)
Tui Vi Nu,Móc khóa Yuumy ( Thời trang nữ trang trí túi xách - Móc khóa da Seasand YMK22 )
Tui Vi Nu,Túi đeo chéo nữ YUUMY YN179
Tui Vi Nu,Ví nữ YUUMY YV65
Tui Vi Nu,Túi Yuumy ( Thời trang nữ đi tiệc size 19 - Túi xách da Seasand YTX24 )
Tui Vi Nu,"Túi Đeo Vai Nữ Grepaco Vải Tote Bố Canvas Cao Cấp Màu Đen Nhiều Ngăn Có Khóa Kéo Đeo Chéo Hoặc Xách Tay Đựng Phụ Kiện Đi Làm, Đi Du Lịch Thời Trang Hàn Quốc - Hàng Chính Hãng"
Tui Vi Nu,Balo Dây Rút Nam Nữ Đi Biển Tập Gym Có Ngăn Tách Đồ Khô Ướt Nhỏ Gọn Nhẹ Màu Sắc Tươi Mới - Hàng Loại 1 - Chính Hãng MINIIN
Tui Vi Nu,Túi xách nữ da thật thời trang cao cấp phong cách mới
Tui Vi Nu,Túi xách nữ vải canvas thời trang cao cấp phong cách cá tính mới
Tui Vi Nu,Túi xách nữ thời trang công sở cao cấp phong cách mới
Tui Vi Nu,Túi Vải Canvas Trung Nguyên Legend Siêu Tiện Lợi
Tui Vi Nu,Ví Yuumy (  Thời trang nữ kiểu cầm tay dáng ngắn - Ví da Mellow YV40 )
Tui Vi Nu,Túi xách nữ thời trang cao cấp phong cách châu âu
Tui Vi Nu,Túi Lata ( Thời trang nữ đi chơi size 17 - Túi đeo chéo da HN91 )
Tui Vi Nu,"túi xách ,túi đeo vai, đeo chéo nữ vải canvas cao cấp phong cách mới"
Tui Vi Nu,COMBO 20 BAO ĐỰNG THẺ CĂN CƯỚC CMND - ATM - NHÂN VIÊN - SINH VIÊN - BẰNG LÁI XE HIỆU HIER
Tui Vi Nu,Túi đeo chéo ANELLO đeo 2 kiểu vải polyester cỡ nhỏ AT-C1223 - Màu
Tui Vi Nu,"Túi đựng bình giữ nhiêt NATOLI, chất vải dày dặn có quai xách đựng ly cốc, bình nước cao cấp BST Sturdy Bottle Pouch T29"
Tui Vi Nu,Túi xách nữ thời trang công sở cao cấp phong cách cá tính mới
Tui Vi Nu,Túi Yuumy ( Thời trang nữ kiểu dáng thuyền size 21 - Túi đeo vai da Seasand YN256 )
Tui Vi Nu,Túi đeo vai nữ YUUMY YN255
Tui Vi Nu,Túi Yuumy ( Thời trang nữ phối quai xách - Túi đeo chéo da Seasand YN238 )
Tui Vi Nu,Túi Yuumy ( Thời trang nữ dây đeo điều chỉnh đa năng size 21 - Túi đeo chéo da Seasand YN236 )
Tui Vi Nu,Túi Lata ( Thời trang nữ đựng điện thoại mini - Túi đeo chéo da HN118 )
Tui Vi Nu,Túi Lata ( Thời trang nữ đi chơi size 21 - Túi đeo chéo da HN119 )
Tui Vi Nu,Túi đeo chéo nam nữ Thương hiệu NATOLI nhiều ngăn đi chơi đi học cao cấp BST Energetic CrossBag T12
Tui Vi Nu,Túi đeo vai nữ YUUMY YN178
Tui Vi Nu,"[CHỌN MẪU]-Túi xách tay thời trang nữ- Túi Tote canvas 2 lớp, họa tiết in hoa phong cách Hàn Quốc"
Tui Vi Nu,Ví nữ YUUMY YV62
Tui Vi Nu,Túi Lata ( Thời trang nữ đi chơi size 21- Túi đeo chéo da HN104 )
Tui Vi Nu,Túi xách túi đeo vai nữ thời trang cao cấp phong cách mới
Tui Vi Nu,Túi xách túi đeo vai nữ vải canvas thời trang cao cấp phong cách mới
Tui Vi Nu,Túi xách nữ 2 trong 1 thời trang cao cấp
Tui Vi Nu,Túi xách nữ thời trang cao cấp
Tui Vi Nu,Ví cầm tay nữ nắp gập cách điệu YUUMY Seasand YV55
Tui Vi Nu,"Combo 5 Túi Ví Đựng Bảo Vệ Chống Xước Thẻ ATM, Card Visit, CMND, Driver License Bằng Lái Xe Trong Suốt - Loại 1 Chính Hãng MINIIN"
Tui Vi Nu,Túi xách  túi đeo vai nữ thời trang cao cấp phong cách mới
Tui Vi Nu,Túi đeo chéo nữ thời trang cao cấp  Hàn Quốc siêu đẹp khóa cài chéo VTX024
Tui Vi Nu,Túi Vải Tote Đeo Vai Đeo Chéo Hai Màu
Tui Vi Nu,Túi Yuumy ( Thời trang nữ xếp ly sành điệu - Túi đeo vai da Seasand YN267 )
Tui Vi Nu,Túi Yuumy ( Thời trang nữ phối ngăn nắp gập mini - Túi đeo chéo da Seasand YN245 )
Tui Vi Nu,"Nút hít nam châm túi xách, Nút nam châm túi xách, Nút nam châm gắn túi mạ điện độ bền 5-8 năm"
Tui Vi Nu,Túi Yuumy ( Thời trang nữ đi làm nhiều ngăn đa năng xinh xắn - Túi xách da Seasand YTX48 )
Tui Vi Nu,Túi xách nữ thời trang công sở cao cấp phong cách dễ thương – BEE GEE TN1085
Tui Vi Nu,Túi Yuumy ( Thời trang nữ hình chữ nhật họa tiết chần chỉ size 21 - Túi đeo vai da Seasand YN211 )
Tui Vi Nu,"Ví Nữ Đựng Thẻ ATM Nhỏ Gọn MULTI, Da Bò Mềm Mại, Thiết Kế Hiện Đại Với 2 Ngăn Đựng Tiền Và 6 Ngăn Đựng Thẻ Rất Tiện Dụng, Đựng Thẻ Ngân Hàng, Danh Thiếp, Căn Cước, Hình Lưu Niệm, Dáng Đứng - Gập 2 - Hàng Chính Hãng SAIGIO"
Tui Vi Nu,Túi đeo chéo unisex thương hiệu NATOLI BST FLEX  CROSS BAG T15 chất vải canvas chống nước tốt
Tui Vi Nu,Túi xách nữ YUUMY YTX36
Tui Vi Nu,Túi Yuumy ( Thời trang nữ nắp gập dạng hộp size 21 - Túi đeo chéo da Seasand YN155 )
Tui Vi Nu,Túi Lata ( Thời trang nữ đi chơi size 19 - Túi đeo chéo da HN96 )
Tui Vi Nu,Túi xách nữ công sở cỡ lớn YUUMY YTX20
Tui Vi Nu,Túi đeo chéo đeo vai nữ cao cấp phong cách mới
Tui Vi Nu,"Ví nữ nắp lật khóa nam châm WOMEN CORK WALLET SLIM - HGcork Corkor CK273 - Nhiều màu - Vật liệu 100% da cork thực vật thuần chay từ vỏ cây sồi Bồ Đào Nha, Siêu bền, Chống cháy, Chống mốc, Chống thấm nước - Hàng chính hãng, Sản xuất Handmade bởi Nghệ nhân "
Tui Vi Nu,Túi Đeo Chéo Unisex Vải Canvas Phong Cách Hàn Quốc HARAS - HR301
Tui Vi Nu,Túi đeo vai nữ YUUMY YN253
Tui Vi Nu,"Túi xách cho phụ nữ trung niên,công sở, túi xách tặng mẹ,sang trọng có thể đeo chéo hay đeo vai sang trọng"
Tui Vi Nu,Ví Lata ( Thời trang nữ dáng cầm tay dáng dài - Ví da VN73 )
Tui Vi Nu,Túi xách nam công sở cao cấp phong cách mới
Tui Vi Nu,Túi Yuumy ( Thời trang nữ tote - Túi xách da YTX18 )
Tui Vi Nu,Túi xách đeo vai túi xách tay công sở size lớn chất đẹp NK14
Tui Vi Nu,Túi xách nữ đeo chéo phong cách châu âu hiện đại
Tui Vi Nu,Túi Yuumy ( Thời trang nữ đựng mỹ phẩm - Túi da Seasand YMP2 )
Tui Vi Nu,Túi đeo chéo nữ YUUMY YN284
Tui Vi Nu,Ví Yuumy ( Thời trang nữ cầm tay nhiều ngăn - Ví da Seasand YV110 )
Tui Vi Nu,Túi Yuumy ( Thời trang nữ mini dáng đứng - Túi đeo chéo da Seasand YN259 )
Tui Vi Nu,Ví Bóp Nữ Đẹp Cầm Tay Mini Nhỏ Gọn Thời Trang Hàn Quốc Cao Cấp
Tui Vi Nu,"Ví đựng tiền nhỏ gọn cho nữ đẹp cầm tay, ví ngắn cho nữ bỏ túi thời trang giá rẻ (Xả Hàng)"
Tui Vi Nu,Túi Yuumy ( Thời trang nữ thời trang năng động size 23 - Túi đeo chéo da Seasand YN230 )
Tui Vi Nu,Túi Yuumy ( Thời trang nữ mini vân da cá sấu - Túi đeo chéo da Verein YN199 )
Tui Vi Nu,Túi Lata ( Thời trang nữ basic - Túi đeo chéo da HN111 )
Tui Vi Nu,Ví nữ 100% da bò thật cao cấp phong cách mới
Tui Vi Nu,Ví Yuumy (  Thời trang nữ kiểu cầm tay dáng dài - Ví da Seasand YV68 )
Tui Vi Nu,Ví Lata ( Thời trang nữ dáng cầm tay dáng dài - Ví da VN67 )
Tui Vi Nu,Ví Lata ( Thời trang nữ dáng cầm tay dáng dài - Ví da VN57 )
Tui Vi Nu,Ví Nữ Da Mềm Phong Cách Đồ Da Thành Long TLG 204410
Tui Vi Nu,Ví nữ IDIGO FW2-302-51 Màu
Tui Vi Nu,Túi Lata ( Thời trang nữ đựng điện thoại mini - Túi đeo chéo da HN117 )
Tui Vi Nu,"Ví Nữ Mini, Ví Đựng Thẻ, Bóp Nữ, Nhiều Màu, Hàng Chính Hãng, Ví Nữ 100% Da Thật Cao Cấp Phong Trẻ Chung"
Tui Vi Nu,Ví Yuumy ( Thời trang nữ dáng cầm tay nhỏ gọn - Ví da Seasand YV95 )
Tui Vi Nu,"Túi Đeo Vai, Túi Đeo Hông Cao Cấp Tiện Lợi Thời Trang Nam Phong Cách Mạnh Mẽ Chất Vải Cavan Chống Nước Bền Màu-HÀNG CHÍNH HÃNG"
Tui Vi Nu,Ví Yuumy ( Thời trang nữ dáng cầm tay nhỏ gọn - Ví da Verein YV84 )
Tui Vi Nu,Túi Lata ( Thời trang nữ đi chơi size 20 - Túi đeo chéo da  HN100 )
Tui Vi Nu,Ví nữ 100% da thật cao cấp phong cách mới
Tui Vi Nu,Túi Yuumy ( Thời trang nữ đựng laptop - Túi xách da Seasand YTX28 )
Tui Vi Nu,"Túi Tote Nữ Grepaco Xách Vải Bố Canvas Cao Cấp In Chữ Đẹp Đeo Chéo Vai Có Khóa Kéo Nhiều Ngăn Dùng Đi Học, Làm Công Sở, Du Lịch Phong Cách Thời Trang Hàn Quốc - Tặng Túi Đựng Mỹ Phẩm"
Tui Vi Nu,Ví đựng thẻ thời trang cao cấp CL-022
Tui Vi Nu,Túi Yuumy ( Thời trang nữ nắp gập dáng vuông size 22 - Túi đeo chéo da Seasand YN197 )
Tui Vi Nu,Túi Yuumy ( Thời trang nữ sành điệu phối phụ kiện - Túi đeo vai da Seasand YN210 )
Tui Vi Nu,Ví Yuumy ( Thời trang nữ dáng ngắn nắp gập - Ví da Seasand YV100 )
Tui Vi Nu,Túi Lata ( Thời trang nữ dự tiệc - Túi đeo chéo da HN113 )
Tui Vi Nu,Túi Yuumy ( Thời trang nữ kiểu cầm tay size 22 - Túi da Bergen YN121 )
Tui Vi Nu,Túi đeo vai nữ thời trang cao cấp khóa cài phong cách Âu Mỹ siêu cấp Vip Pro 2021 VTX025
Tui Vi Nu,Túi Đeo Chéo Nam Da Bò Sunpolo STU101
Tui Vi Nu,Túi Vải Canvas - Pink
Tui Vi Nu,Ví Yuumy ( Thời trang nữ phối màu kèm dây đeo chéo - Ví da Seasand YV103 )
Tui Vi Nu,Túi Yuumy ( Thời trang nữ phối khóa trang trí size 18 - Túi đeo chéo da Verein YN186 )
Tui Vi Nu,Balo Yuumy ( Thời trang nữ dáng bao tử đa năng cỡ trung - Balo da Seasand YBAC3 )
Tui Vi Nu,Túi xách nam công sở da bò thật cao cấp phong cách mới
Tui Vi Nu,Túi Xách Nữ ️Túi Nữ Công Sở Thời Trang Thanh Lịch Sang Trọng Phong Cách Hàn Quốc Da Cao Cấp Chính Hãng HQ155
Tui Vi Nu,Ví Yuumy (  Thời trang nữ kiểu cầm tay dáng dài - Ví da Seasand YV72 )
Tui Vi Nu,Ví Lata ( Thời trang nữ kiểu cầm tay dáng dài - Ví da VN52 )
Tui Vi Nu,"Bóp ví nữ dài cầm tay kiểu dáng thanh lịch, thời trang, đựng vừa điện thoại màn hình lớn, thêm chức năng chống quét thẻ cực đặc biệt"
Tui Vi Nu,"Túi Đeo Vai Nữ Satchel - HGcork Corkor CK149 - Da Cork Thực Vật Siêu Bền - Hàng Chính Hãng, Sản Xuất Tại Bồ Đào Nha"
Tui Vi Nu,Ví dài cầm tay nữ da bò thật BHM8303 Ví gập ba nữ
Tui Vi Nu,"Túi Đeo Chéo Fashion Thời Trang, Túi Đeo Chéo Nam Nữ Tiện Lợi - Hàng chính hãng"
Tui Vi Nu,Túi Yuumy ( Thời trang nữ thiết kế tối giản hiện đại size 22 - Túi đeo chéo da Seasand YN221 )
Tui Vi Nu,"Ví Nữ Đựng Thẻ ATM Nhỏ Gọn SUPPLE, Da Đà Điểu Tự Nhiên Mềm Mại, Chống Xước - Chống Nhăn Tốt, Thiết Kế Hiện Đại, Ngăn Súp Lê Rộng, Đựng Được Nhiều Thẻ Ngân Hàng, Card Danh Thiếp, Căn Cước Công Dân, Dáng Đứng - Gập 2 - Hàng Chính Hãng SAIGIO"
Tui Vi Nu,Ví Lata ( Thời trang nữ dáng cầm tay dáng dài - Ví da VN62 )
Tui Vi Nu,Túi đeo vai nữ YUUMY YN156
Tui Vi Nu,Túi Lata ( Thời trang nữ đi làm cỡ trung - Túi xách da TX14 )
Tui Vi Nu,Túi xách nữ da tự nhiên thời trang công sở cao cấp phong cách mới
Tui Vi Nu,VÍ SEN 4 - CHÍNH HÃNG KHACTEN.COM
Tui Vi Nu,Túi đeo chéo da nữ mini YUUMY YN118
Tui Vi Nu,Cặp công sở Trita ( Thời trang nam - Cặp da TCA17 )
Tui Vi Nu,"Ví nữ cầm tay dáng dài YUUMY Seasand YUUMY YV47 phong cách hiện đại nhiều ngăn đựng tiền, thẻ card"
Tui Vi Nu,Ví thời trang tiện ích HARAS HR274
Tui Vi Nu,Túi Vải Tote XinhStore Hình Mèo
Tui Vi Nu,Túi đeo chéo ANELLO đeo 2 kiểu cỡ nhỏ AT-H0851 - Màu
Tui Vi Nu,Túi Yuumy ( Thời trang nữ nắp gập cách điệu - Túi đeo chéo da Seasand YN227 )
Tui Vi Nu,Túi Yuumy ( Thời trang nữ sang chảnh size 21 - Túi đeo vai da Seasand YN192 )
Tui Vi Nu,Túi xách da bò nam công sở cao cấp phong cách châu âu
Tui Vi Nu,Miếng lót ly Yuumy ( Thời trang nữ tiện lợi cỡ nhỏ - Miếng lót da Seasand YLL1 )
Tui Vi Nu,Túi Lata ( Thời trang nữ đi chơi cỡ trung - Túi đeo chéo da HN101 )
Tui Vi Nu,Túi Yuumy ( Thời trang nữ nắp gập phối quai xách size 20 - Túi đeo chéo da Seasand YN128 )
Tui Vi Nu,Túi Yuumy ( Thời trang nữ size 18 phối khóa xoay - Túi đeo chéo da Seasand YN142 )
Tui Vi Nu,Túi vải bố cao cấp LMCATION
Tui Vi Nu,Cặp công sở Trita ( Thời trang nam đa năng - Cặp da TCA12 )
Tui Vi Nu,"Túi đeo chéo ,đeo ngực nam phong cách mới"
Tui Vi Nu,Ví Đựng Thời Trang Tiện Ich HARAS V268
Tui Vi Nu,Túi Vải Canvas - But First Coffee
Tui Thoi Trang Nam,"Túi đeo ngực, đeo chéo nam da bò cao cấp BHM7592"
Tui Thoi Trang Nam,"Túi đeo chéo mini, túi đi bộ chạy bộ, túi đeo hông, túi đeo ngực, túi bao tử, balo mini nam nữ nhỏ gọn chống nước"
Tui Thoi Trang Nam,"Túi Đeo Vai, Túi Đeo Chéo Vải Nylon Cao Cấp Chống Thấm, Túi Đeo Hông Cao Cấp Nhiều Ngăn Tiện Lợi Thời Trang Nam Phong Cách Hàn Quốc"
Tui Thoi Trang Nam,"Túi Bao Tử Nam Nữ Đeo Chéo Du Lịch Tiện Ích, Vải Cao Cấp Chống Thấm, Nhiều Ngăn Đựng"
Tui Thoi Trang Nam,Túi Đeo Hông Chạy Bộ Thể Thao Chống Nước MFL78
Tui Thoi Trang Nam,Túi đeo chéo nam thời trang cao cấp phong cách mới
Tui Thoi Trang Nam,"Túi Đeo Chéo Fashion Thời Trang, Túi Đeo Chéo Nam Nữ Tiện Lợi - Hàng chính hãng "
Tui Thoi Trang Nam,Ví nam MenBense đựng card - Chính hãng 
Tui Thoi Trang Nam,Ví da EMO - Form nhỏ | Anh Tho Leather
Tui Thoi Trang Nam,Túi đeo chéo nam DA BÒ THẬT phong cách mới  - BEE GEE DCN9242
Tui Thoi Trang Nam,"Túi đeo chéo nhỏ MARRANT – BHM7350 Túi ipad mini. Da bò thật, không bong nổ. Đơn giản,, gọn nhẹ"
Tui Thoi Trang Nam,"Túi bao tử đeo hông, đeo bụng, đeo chéo nam nữ chạy bộ tập gym - Chính hãng dododios"
Tui Thoi Trang Nam,Ví nam đựng tiền đựng chìa khóa đựng thẻ đa năng 100% da bò thật cao cấp phong cách mới
Tui Thoi Trang Nam,Túi đeo chéo nam nữ AOLIKES A-CW322
Tui Thoi Trang Nam,ví nam ví nam clutch cầm tay cao cấp
Tui Thoi Trang Nam,Túi đeo chéo nam cao cấp phong cách Hàn Quốc BEE GEE – DCN9064
Tui Thoi Trang Nam,"Ví Nam Da Bò Mềm Mại ONE LINE, Size Lớn, Thiết Kế Nhiều Ngăn Để Giấy Tờ, Có Khóa Kéo, Đựng Tiền và Thẻ Tiện Dụng, Dáng Ngang - Gập 2 - Hàng Chính Hãng SAIGIO"
Tui Thoi Trang Nam,"Ví nam, bóp nam da bò Saffiano Bụi Leather V141 - Bảo hành 12 tháng"
Tui Thoi Trang Nam,"Ví nam, bóp nam da bò sáp Bụi Leather V105 - Bảo hành 12 tháng"
Tui Thoi Trang Nam,Ví Lata ( Thời trang nam đựng thẻ - Ví da Luxdeli LVN102 )
Tui Thoi Trang Nam,"Ví Nam Cao Cấp, Da Bò NAPA Láng Mịn, Mỏng Nhẹ, Size Lớn, Kiểu Cổ Điển Tinh Tế - Sang Trọng, Dáng Ngang - Gập 2, Ngăn Đựng Tiền Có Khóa Kéo, Nhiều Ngăn Để Giấy Tờ Tiện Dụng - Hàng Chính Hãng SAIGIO"
Tui Thoi Trang Nam,Túi Đeo Chéo Grepaco Nam Nữ Unisex Vải Bố Canvas Tote Chống Nước Dạng Dây Đeo Vai Xách Đa Năng Đựng Điện Thoại Tiền Đi Học Du Lịch Thể Thao Size Mini Phong Cách Thời Trang Hàn Quốc
Tui Thoi Trang Nam,Túi đeo chéo nam thời trang cao cấp
Tui Thoi Trang Nam,Túi đeo chéo nam đa năng cao cấp phong cách mới
Tui Thoi Trang Nam,Túi đeo chéo đeo ngực nam cao cấp phong cách mới
Tui Thoi Trang Nam,ví nam - ví nam cầm tay cao cấp
Tui Thoi Trang Nam,Túi đeo chéo nam cao cấp phong cách mới
Tui Thoi Trang Nam,Túi đeo chéo nam tích hợp khóa chống trộm và chống thấm nước cao cấp phong cách mới
Tui Thoi Trang Nam,Túi Trita ( Thời trang nam phối ngăn - Túi đeo chéo da RTN3 )
Tui Thoi Trang Nam,Cặp Công Sở Lata ( Thời trang nam basic - Cặp da CA31 )
Tui Thoi Trang Nam,Túi xách nam da bò công sở cao cấp
Tui Thoi Trang Nam,Túi đeo chéo nam nữ unisex du lịch thời trang Hàn quốc BEE GEE cao cấp đẹp giá rẻ - XAM
Tui Thoi Trang Nam,Ví đựng thẻ card với nút bấm tự động Marrant BHM8602
Tui Thoi Trang Nam,Ví Nam Da Bò SUNPOLO WS06D
Tui Thoi Trang Nam,"Túi Đeo Chéo Nam Oxford Cao Cấp Nhiều Ngăn Chống Thấm Nước, Túi Đeo Vai Phong Cách Thời Trang Hàn Quốc Dành Cho Người Đi Làm, Học Sinh, Sinh Viên,Người Đi Chơi, Đi Du Lịch"
Tui Thoi Trang Nam,"Túi Đeo Chéo Nam Nữ Thời Trang Trẻ Trung, Túi Đeo Vai Có Túi Bố Nhiều Ngăn Kéo Đựng Đồ Rất Tiện Lợi, Vải Oxford Chống Thấm Nước"
Tui Thoi Trang Nam,Túi đeo chéo nam đa chức năng cao cấp phong cách mới
Tui Thoi Trang Nam,"Túi Đeo Chéo Túi Bao Tử Nam Nữ Thời Trang Trẻ Trung, Túi Đựng Ipad, Túi Đeo Vai Nhiều Ngăn Kéo Đựng Đồ Rất Tiện Lợi, Vải Oxford Chống Thấm Nước - EH1001 EH1002 EH1006"
Tui Thoi Trang Nam,Túi đeo chéo nam phong cách mới – DCN9084
Tui Thoi Trang Nam,Ví nam da cá sấu đan viền bụng nhiều màu HJ92254-2711-2712-2713-2715
Tui Thoi Trang Nam,"Bóp Đứng Nam Nhỏ Gọn, Chất Liệu Da Bò PULL-UP Mềm Mại, Mỏng Nhẹ, Phong Cách Hiện Đại - Cá Tính, Size Trung, Dáng Đứng - Gập 2, Nhiều Ngăn Để Tiền Và Giấy Tờ Tiện Dụng"
Tui Thoi Trang Nam,Túi đeo chéo nam vải canvas cao cấp phong cách mới
Tui Thoi Trang Nam,"Túi Đeo Chéo Nam Thể Thao Chống Nước, Chống Xước, Chống Bám Bụi,chất Liệu Vải Oxford Thiết Kế Thông Minh, Phong Cách Hiện Đại Thời Trang Cao Cấp Besti Y03- Hàng Chính Hãng"
Tui Thoi Trang Nam,Ví da nam nữ dáng đứng NATOLI gập đôi đựng thẻ cao cấp BST Simple Vertical Wallet V3
Tui Thoi Trang Nam,Túi đeo chéo đeo ngực nam cao cấp phong cách châu âu
Tui Thoi Trang Nam,Túi Nam Đeo Chéo Da Thật SUNPOLO STU109 (Nâu)
Tui Thoi Trang Nam,"Ví nam, bóp nam da bò Saffiano Bụi Leather V126 - Bảo hành 12 tháng"
Tui Thoi Trang Nam,"Ví nam, bóp nam da bò sáp Bụi Leather V108 - Bảo hành 12 tháng"
Tui Thoi Trang Nam,Ví nam da bò cao cấp phong cách mới
Tui Thoi Trang Nam,Ví Da Epsom Dáng Đứng Handmade Lealux Epsom Wallet 3
Tui Thoi Trang Nam,"Túi Đeo Chéo Nam Thời Trang Vải Bố Canvas Cao Cấp Dạng Hộp Chống Thấm Nước, Du Lịch, Đi Học, Đi Chơi"
Tui Thoi Trang Nam,Ví nam da bò Trita ( Thời trang nam dáng ngang - Ví da RVN002 )
Tui Thoi Trang Nam,"Ví/ Bóp Nam Dáng Đứng Màu Đen Dành cho Nam Da Bò Cao Cấp, Thiết Kế Tinh Tế, Thời Trang 2020 - ORCO (Kích thước 12 cm x 9 cm)"
Tui Thoi Trang Nam,Bóp Ví Nam Da Bò Thật Teramo 3 Màu Cao Cấp V01
Tui Thoi Trang Nam,Túi đeo chéo đeo vai nam thông minh đa chức năng thời trang cao cấp phong cách mới
Tui Thoi Trang Nam,Túi đeo chéo nam 100% da bò thật cao cấp phong cách mới
Tui Thoi Trang Nam,"Ví Đựng Card Visit, ID, CCCD, Thẻ Ngân Hàng nhỏ gọn, sang trọng"
Tui Thoi Trang Nam,Túi đeo chéo nam TiMa nhiều ngăn chống nước cao cấp DTM M6
Tui Thoi Trang Nam,"Túi Đeo Chéo Nam Cavan Phong Cách Hàn Quốc, Túi Đeo Trước Ngực Chất Vải Kaki Chống Nước Nhẹ- HÀNG CHÍNH Hãng"
Tui Thoi Trang Nam,Ví nam 100% da thật thông minh siêu mỏng thời trang cao cấp phong cách cá tính
Tui Thoi Trang Nam,Túi Đeo Chéo Nam Hàng Hiệu GENCE TD09 Da Bò Mềm Cao Cấp Màu Nâu Đậm Dáng Dọc
Tui Thoi Trang Nam,Ví nam da bò Trita ( Thời trang nam dáng ngang cao cấp - Ví da RVN21 )
Tui Thoi Trang Nam,Túi đeo chéo nam vải cavans cao cấp phong cách mới
Tui Thoi Trang Nam,"Bóp Nam Cao Cấp, Chất Liệu Da Bò PULL-UP Mềm Mại, Mỏng Nhẹ, Phong Cách Hiện Đại - Cá Tính, Size Trung, Dáng Ngang - Gập 2, Nhiều Ngăn Để Tiền Và Giấy Tờ Tiện Dụng - Hàng Chính Hãng SAIGIO"
Tui Thoi Trang Nam,"Túi Đeo Chéo Ngực Cho Nam Chống Nước, Chống Xước, Chống Bám Bẩn, Nhiều Ngăn Phong Cách Thời Trang Cao Cấp Besti Y02- Hàng Chính Hãng"
Tui Thoi Trang Nam,"Ví nam, bóp nam da bò Saffiano Bụi Leather V140 - Bảo hành 12 tháng"
Tui Thoi Trang Nam,"Ví nam, bóp nam da bò sáp Mexico Bụi Leather V102 - Bảo hành 12 tháng"
Tui Thoi Trang Nam,Túi đeo ngực đeo chéo nam phong cách mới
Tui Thoi Trang Nam,Cặp Công Sở Lata ( Thời trang nam basic - Cặp da CA25 )
Tui Thoi Trang Nam,Túi đeo chéo nam hàn quốc HR227
Tui Thoi Trang Nam,Ví da nam nữ dáng ngang NATOLI gập đôi đựng thẻ cầm tay cao cấp BST Simple Horizontal Wallet V4
Tui Thoi Trang Nam,Túi đeo chéo TOMTOC (USA) Lightweight Codura Sling Bag
Tui Thoi Trang Nam,Túi Lata ( Thời trang nam công sở cỡ trung - Túi đeo chéo da TN27 )
Tui Thoi Trang Nam,Cặp da công sở da bò Mill cao cấp B102 Bụi Leather - Bảo hành 12 tháng
Tui Thoi Trang Nam,"Ví da nam, bóp da nam mini Bụi Leather V115 - Da bò Nappa cao cấp - Bảo hành 12 tháng"
Tui Thoi Trang Nam,Ví dài cầm tay da bò Mill cao cấp Bụi Leather C105 - Bảo hành 12 tháng
Tui Thoi Trang Nam,"Ví nam, bóp nam da bò Saffiano Bụi Leather V128 - Bảo hành 12 tháng"
Tui Thoi Trang Nam,"Ví nam, bóp nam da bò Nappa Bụi Leather V104 - Bảo hành 12 tháng"
Tui Thoi Trang Nam,"Ví nam, bóp nam da bò Nappa Bụi Leather V101 - Bảo hành 12 tháng"
Tui Thoi Trang Nam,ví nam da bò thật phong cách mới
Tui Thoi Trang Nam,Ví nam da bò cao cấp
Tui Thoi Trang Nam,Túi đeo chéo nam đa năng phong cách châu âu
Tui Thoi Trang Nam,Túi xách da nam công sở cao cấp phong cách hiện đại trẻ trung
Tui Thoi Trang Nam,Túi xách da nam công sở cao cấp
Tui Thoi Trang Nam,Ví card da bò Handmade AT Leather - MSC-01
Tui Thoi Trang Nam,Ví Nam HARAS V05 (12 x 2 cm) - Đen
Tui Thoi Trang Nam,"Túi Đeo Chéo, Túi Bao Tử Đa Năng, Mẫu Thể Thao Năng Động Chống Thấm Nước, Có 4 Ngăn Đựng Đồ Tiện Dụng"
Tui Thoi Trang Nam,Ví đựng thẻ (card) mini Da cá sấu thật Cao cấp cho nam nữ
Tui Thoi Trang Nam,"Bao da đựng passport, ví đựng hộ chiếu, kẹp hộ chiếu da bò handmade"
Tui Thoi Trang Nam,"Túi đeo chéo nam thời trang, Túi đeo ngực nam da bò cao cấp thời trang công sở"
Tui Thoi Trang Nam,Túi đeo chéo đeo ngực nam đa năng cao cấp phong cách mới
Tui Thoi Trang Nam,Balo Lata ( Thời trang nam cá tính cở nhỏ - Balo đeo chéo da BALC29 )
Tui Thoi Trang Nam,Túi đeo chéo nam DA cao cấp phong cách mới – BEE GEE DCN9123
Tui Thoi Trang Nam,Túi đeo ngực da cá sấu có đầu - ĐẸP Đẳng Cấp
Tui Thoi Trang Nam,Túi đeo chéo nam Jupiter Bụi Leather DC110 - Da bò thật cao cấp - Bảo hành 12 tháng
Tui Thoi Trang Nam,"Ví namecard da bò V131, ví đựng thẻ card holder da thật nhỏ gọn, thương hiệu Bụi leather chuyên đồ da thật"
Tui Thoi Trang Nam,"Ví namecard da bò V130, ví đựng thẻ da thật, khâu tay thủ công, ví mini nam đường chỉ tinh tế, thương hiệu Bụi leather chuyên đồ da thật"
Tui Thoi Trang Nam,"Ví đựng thẻ da bò sáp ngựa điên Crazyhorse V117 cao cấp, card holder da thật, đường chỉ may tinh tế, ví mini nam nhỏ gọn, đựng thẻ tiện lợi, fullbox, thương hiệu Bụi leather chuyên đồ da thật"
Tui Thoi Trang Nam,Túi Xách Cặp Da Nam Công Sở GENCE CGL08 Chất Liệu Da Bò Khóa Số Cao Cấp Màu Đen
Tui Thoi Trang Nam,"Bóp Đựng Thẻ ATM Nhỏ Gọn SUPPLE, Da Bò SMALL PEBBLE Mềm Mại - Bền Bỉ, Chống Xước - Chống Nhăn Tốt, Thiết Kế Hiện Đại, Ngăn Súp Lê Rộng, Đựng Được Nhiều Thẻ Ngân Hàng, Card Danh Thiếp, Căn Cước Công Dân, Dáng Đứng - Gập 2 – Hàng Chính Hãng SAIGIO"
Tui Thoi Trang Nam,"Ví Nam Mini Nhỏ Gọn, Da Bò Mềm Mại GENTLE, Thiết Kế Hiện Đại, Nhiều Ngăn Đựng Tiền và Thẻ Tiện Dụng, Dáng Ngang - Gập 2 - Hàng Chính Hãng SAIGIO - Màu Nâu"
Tui Thoi Trang Nam,"Ví Nam Mini Nhỏ Gọn Cao Cấp, Da Bò NAPA Láng Mịn, Thiết Kế Cổ Điển, Tinh Tế - Sang Trọng, Dáng Ngang - Gập 2, Đựng Tiền và Thẻ ATM Tiện Dụng - Hàng Chính Hãng SAIGIO"
Tui Thoi Trang Nam,Ví Nam Da Epsom Dáng Ngang Handmade Lealux Epsom Wallet 2
Tui Thoi Trang Nam,Ví Đựng Thẻ Nam Nữ Da Epsom Handmade Lealux Mini Epsom Wallet 1
Tui Thoi Trang Nam,Túi đeo chéo Sakos Juvanis
Tui Thoi Trang Nam,Ví nam 100% da bò thật cao cấp phong cách mới
Tui Thoi Trang Nam,"Túi đeo ngực,đeo chéo nam phong cách hiện đại mới"
Tui Thoi Trang Nam,VÍ SEN 1 - CHÍNH HÃNG KHACTEN.COM
Tui Thoi Trang Nam,Ví da bò nam cao cấp AT Leather 053 - Nâu
Tui Thoi Trang Nam,Túi Đeo Chéo Ipad Mikkor Betty Tablet BT004 - Xám Nhạt
Tui Thoi Trang Nam,Túi đeo chéo đeo ngực nam có khóa chống trộm chống nước cao cấp phong cách mới
Tui Thoi Trang Nam,"Túi xách đeo chéo   cho cả nam và nữ , phong cách Hàn Quốc , vải dù chống bụi , chống thấm nước , thiết kế hiện đại trẻ trung"
Tui Thoi Trang Nam,Ví nam nữ mini thông minh thương hiệu Natoli gập 3 đựng thẻ cao cấp - Futuristic Mini Wallet V8
Tui Thoi Trang Nam,Ví nam da bò Trita ( Thời trang nam dáng ngang kiểu mỏng - Ví da RVN15 )
Tui Thoi Trang Nam,Ví nam da bò Nappa hạt phối da Saffiano V111 - Bụi leather - Bảo hành 12 tháng
Tui Thoi Trang Nam,"Bóp Nam Da Bò Mềm Mại STRIPE, Size Lớn, 10 Ngăn Để Thẻ, 3 Ngăn Đựng Tiền, Dáng Ngang - Gập 2, Có Khóa Kéo, Để Vừa Các Giấy Tờ Chuyên Dụng Như Giấy Tờ Xe Máy, Bảo Hiểm"
Tui Thoi Trang Nam,Ví nam da bò Anh Tho Leather MIN-05
Tui Thoi Trang Nam,"Ví Đựng Thẻ ATM Mini, Da Bò Mềm Mại GENTLE, Da Thật 100%, Thiết Kế Hiện Đại, Nhiều Ngăn Tiện Dụng, Đựng Thẻ Ngân Hàng, Danh Thiếp, Căn Cước, Hình Lưu Niệm, Dáng Đứng - Gập 2 - Hàng Chính Hãng SAIGIO"
Tui Thoi Trang Nam,"Túi đeo chéo,đeo ngực nam đã tích hợp công nghệ 4.0"
Tui Thoi Trang Nam,Ví đựng passport da bò Huy Hoàng màu nâu HT9106
Tui Thoi Trang Nam,Túi đeo chéo nam nữ unisex thời trang Bee Gee 02 - ĐEN
Tui Thoi Trang Nam,Ví Nam At Leather AT040-Đ (11.5 x 10 cm) - Đen
Tui Thoi Trang Nam,Túi Đeo Chéo Nam HARAS HRTK127 (32 x 18 cm) - Đen
Tui Thoi Trang Nam,Ví nam DA BÒ THẬT phong cách mới  - BEE GEE VNA1014
Tui Thoi Trang Nam,Túi Đeo MIKKOR The Gibson Sling - Hàng Chính Hãng
Tui Thoi Trang Nam,"Túi Đeo Chéo KINGBAG BAMBOO vải trượt nước, nhiều ngăn tiện dụng - Hàng Chính Hãng"
Tui Thoi Trang Nam,"Túi đeo chéo nam, túi bao tử nam Mars Bụi Leather DC109 - Da bò thật cao cấp - Bảo hành 12 tháng"
Tui Thoi Trang Nam,"Ví mini nam da bò sáp ngựa điện Crazyhorse V125 cao cấp, bóp đựng thẻ da thật, đường chỉ tinh tế, ví nam nhỏ gọn dáng đứng, fullbox, thương hiệu Bụi leather chuyên đồ da thật"
Tui Thoi Trang Nam,Túi Lata ( Thời trang nam đi chơi cỡ nhỏ - Túi đeo chéo da TN20 )
Tui Thoi Trang Nam,"Ví nam, bóp nam da bò sáp Bụi Leather V106 - Bảo hành 12 tháng"
Tui Thoi Trang Nam,Ví da nam Gianni Conti Italy 1607220NAV
Tui Thoi Trang Nam,Ví nam da bò Trita ( Thời trang nam dáng ngang - Ví da RVN05 )
Tui Thoi Trang Nam,VÍ SEN ÔTÔ - CHÍNH HÃNG KHẮC TÊN
Tui Thoi Trang Nam,Ví nam da bò Lata ( Thời trang nam - Ví da thật LVN59 )
Tui Thoi Trang Nam,Ví nam da bò AT Leather NT36
Tui Thoi Trang Nam,Túi Đeo Chéo Nam Da Bò Sunpolo STU103
Tui Thoi Trang Nam,Cặp Công Sở Lata ( Thời trang nam basic đựng laptop 15 inch - Cặp da CA21 )
Tui Thoi Trang Nam,Túi đeo chéo nam nữ Hàn quốc Bee Gee 046 xanhs
Tui Thoi Trang Nam,Ví Nam Da Cá Sấu Nguyên Con Nhỏ Huy Hoàng HT2225 (12.5 x 10 cm) - Đen
Tui Thoi Trang Nam,Ví Da Nam Đựng Thẻ Giấy Tờ Đa Năng – Phong Cách Lịch Lãm
Tui Thoi Trang Nam,Ví Da Cầm Tay Clutch Nam Chính Hãng GENCE RB09 Da Bò Khóa Vân Tay Cao Cấp Màu Nâu
Tui Thoi Trang Nam,"Túi đeo chéo thời trang,túi đeo hông hỗ trợ đạp xe đạp chống nước đa năng M4 - hàng chính hãng"
Tui Thoi Trang Nam,Cặp công sở Trita ( Thời trang nam đựng vừa laptop 13.3 inch - Cặp da TCA21 )
Tui Thoi Trang Nam,"Ví Nam Đứng Nhỏ Gọn, Da Bò SÁP - Vân Tự Nhiên, Size Trung, Thiết Kế Cổ Điển, Đơn Giản - Mỏng Nhẹ, Dáng Đứng - Gập 2, Ngăn Đựng Tiền Có Khóa Kéo, Nhiều Ngăn Để Giấy Tờ Tiện Dụng"
Tui Thoi Trang Nam,Túi Lata ( Thời trang nam dáng ngang - Túi đeo chéo da TN26 )
Tui Thoi Trang Nam,"Ví sen 3 da bò Pullup V122, bóp mini nam nhỏ gọn hai màu đen và nâu, đường chỉ may tinh tế, đựng thẻ kẹp tiền tiện lợi,fullbox, thương hiệu Bụi leather chuyên đồ da thật"
Tui Thoi Trang Nam,Clutch Nam Ví Cầm Tay GENCE RB07 Da Bò Khóa Số Cao Cấp Màu Nâu
Tui Thoi Trang Nam,Túi đeo hông Marshall Underground Belt Bag - Hàng Chính Hãng
Tui Thoi Trang Nam,Túi Lata ( Thời trang nam đựng ipad - Túi đeo chéo da TN16 )
Tui Thoi Trang Nam,Ví nam da bò cao cấp phong cách mới hiện đại
Tui Thoi Trang Nam,Cặp Công Sở Lata ( Thời trang nam basic - Cặp da CA30 )
Tui Thoi Trang Nam,Ví da bò nam AT Leather H71
Tui Thoi Trang Nam,Bóp da nam BOGESI loại đứng BD153 - Màu
Tui Thoi Trang Nam,"Cặp công sở nam MARRANT BHM2099 Da bò thật, vừa laptop 14inch, có khe cài vali, chính hãng"
Tui Thoi Trang Nam,Cặp Công Sở Lata ( Thời trang nam basic đựng vừa laptop 14 inch - Cặp da CA43 )
Tui Thoi Trang Nam,Ví nam 100% da thật thông minh đa năng thời trang cao cấp phong cách mới
Tui Thoi Trang Nam,Túi đeo chéo nam tích hợp khóa chống trộm chống nước cao cấp phong cách mới
Tui Thoi Trang Nam,"Túi đeo hông, đeo ngực Arctic Hunter YB00029 chất liệu Oxford chống thấm nước, nhiều ngăn đa năng, phù hợp chạy bộ"
Tui Thoi Trang Nam,Ví dài cầm tay da bò Mill cao cấp Bụi Leather C107 - Bảo hành 12 tháng
Tui Thoi Trang Nam,Ví dài da bò Anh Tho Leather - BD19
Tui Thoi Trang Nam,Túi xách túi đeo chéo nam 100% da bò thật cao cấp phong cách mới
Tui Thoi Trang Nam,Ví nam Đông Hải -AV005
Tui Thoi Trang Nam,Ví nam da bò Trita ( Thời trang nam cao cấp - Ví da RVN03 )
Tui Thoi Trang Nam,Cặp Công Sở Lata ( Thời trang nam basic đựng laptop 15 inch - Cặp da CA16 )
Tui Thoi Trang Nam,Ví card da bò AT Leather - MSC03
Tui Thoi Trang Nam,VÍ SEN TO - CHÍNH HÃNG KHẮC TÊN
Tui Thoi Trang Nam,"Ví đựng thẻ card với nút bấm tự động Marrant BHM8602 Màu Đỏ. Da bò thật, chống RFID"
Tui Thoi Trang Nam,Ví Nam Đẹp 204399
Tui Thoi Trang Nam,"Cặp Công Sở Lata ( Thời trang nam basic đựng laptop 14,6 inch - Cặp da CA29 )"
Tui Thoi Trang Nam,"Túi Đeo Chéo, Túi Bao Tử Nam Nữ Thời Trang Cao Cấp SAKOS SLENDER"
Tui Thoi Trang Nam,Ví nam da bò AT Leather 041
Tui Thoi Trang Nam,Túi đeo ipad thời trang HARAS HRLT226
Tui Thoi Trang Nam,"Túi xách đeo chéo nam vừa tài liệu A4 BHM8577 chuẩn da bò thật, vừa laptop 13.3"
Tui Thoi Trang Nam,"Ví kẹp tiền da bò nappa V109 cao cấp, bóp nam mini nhỏ gọn da bò thật nhiều ngăn chứa tiền chứa thẻ, Fullbox hộp sang trọng làm quà tặng, thương hiệu Bụi leather chuyên đồ da thật,bảo hành 12 tháng"
Tui Thoi Trang Nam,Túi đeo chéo đeo vai nam đa năng cao cấp phong cách mới
Tui Thoi Trang Nam,"Túi Đeo Ngực Nam Thời Trang Teement, Chống Thấm Nước, Chống Xước, Chất Liệu Vải Oxford Cao Cấp, Thích Hợp Đi Chơi, Du Lịch - Hàng Chính Hãng"
Tui Thoi Trang Nam,Cặp Nam LATA CA09
Tui Thoi Trang Nam,Cặp Công Sở  Yuumy Cayuumy01
Tui Thoi Trang Nam,Ví Nam Bóp Nam Da Bò SUNPOLO WSCT54 (Đen)
Tui Thoi Trang Nam,Cặp Công Sở Lata ( Thời trang nam basic - Cặp da CA35 )
Tui Thoi Trang Nam,Túi đeo chéo unisex thời trang HARAS HR276
Tui Thoi Trang Nam,Cặp công sở Trita ( Thời trang nam vừa laptop 14.6 inch - Cặp da TCA1 )
Tui Thoi Trang Nam,Bóp Nam Da Cá Sấu Thật 2 Mặt. GÙ CÁ SẤU NGUYÊN CON LỚN SIÊU ĐẸP
Tui Thoi Trang Nam,Bóp Ví Da Cá Sấu. [DA BỤNG RẤT MỀM VÀ BỀN] 2 Mặt Đều Được Làm Từ Da Cá Sấu Thật
Tui Thoi Trang Nam,Ví nam da bò Lata ( Thời trang nam - Ví da thật LVN58 )
Tui Thoi Trang Nam,Ví card da bò Handmade AT Leather - MSC-02
Tui Thoi Trang Nam,Ví nam da bò cao cấp AT Leather 063 - Da bò thuộc Highlight
Tui Thoi Trang Nam,Túi Đeo Chéo Nam HARAS HRTK147 (26 x 17 cm) - Đen
Tui Thoi Trang Nam,Túi Đeo Chéo Nam HARAS HRTK118 (27 x 17 cm) - Xám
Cham Soc Nha Cua,Combo 9 Vỉ Treo Tẩy Bồn Cầu Vim Power 5 Hương Oải Hương Sạch Khuẩn Thơm Mát 50G/Viên
Cham Soc Nha Cua,Nước Rửa Chén Sunlight Bio-care Thiên Nhiên 100% Gốc Thực Vật Hương Thiên Nhiên Gừng Túi 3.3KG
Cham Soc Nha Cua,Túi Nước Giặt Xả POWER100 Hương Nước Hoa Pháp 3.2KG
Cham Soc Nha Cua,Viên Rửa Chén Bát Hương Chanh Finish Powerball Power Essential Lemon Sparkle - Túi 100 viên siêu tiết kiệm - 1 Túi
Cham Soc Nha Cua,Túi Nước Xả Vải DOWNY Tinh Dầu Thiên Nhiên 3.5L
Cham Soc Nha Cua,Combo 2 Nước Giặt ARIEL Chuyên Gia Cửa Trước Ngăn Lem Màu Túi 3.7KG/3.9KG
Cham Soc Nha Cua,Combo 2 Nước Giặt ARIEL Chuyên Gia Cửa Trên Ngăn Lem Màu Túi 4.1KG
Cham Soc Nha Cua,Nước Rửa Chén Bát Sunlight Chanh 100 Sạch Nhanh Xả Bọt Nhanh Rửa Sạch Dầu Mỡ Túi 3.1KG
Cham Soc Nha Cua,Sáp Thơm 230G Mr.Fresh Pure Aroma
Cham Soc Nha Cua,Nước hoa xịt phòng cao cấp Mr.Fresh 500ml
Cham Soc Nha Cua,Viên giặt xả Top Step hương Lavender nồng nàn gói 33 viên (462g)
Cham Soc Nha Cua,Viên giặt xả Top Step hương Nắng mai tươi mát gói 33 viên (462g)
Cham Soc Nha Cua,Combo 2 Bình Xịt Côn Trùng RAID Không Mùi 520ml
Cham Soc Nha Cua,"Chế phẩm diệt kiến sinh học, thuốc diệt kiến tận gốc SAMI SAMI hiệu quả 100%, an toàn cho sức khoẻ"
Cham Soc Nha Cua,Nước Xả vải DOWNY Hương Nước Hoa Huyền Bí Túi 4L
Cham Soc Nha Cua,Nước Xả vải DOWNY Hương Nước Hoa Đam Mê Túi 4L
Cham Soc Nha Cua,Nước Xả vải DOWNY Hương Nước Nắng Mai Túi 4L
Cham Soc Nha Cua,Túi Nước Giặt Omo Matic Cho Máy Giặt Cửa Trước Hương Hoa Anh Thảo Ngăn Mùi Ẩm Mốc 3.6KG
Cham Soc Nha Cua,Combo 3 Túi Viên Giặt Tiện Lợi OMO 3 Trong 1 30 viên
Cham Soc Nha Cua,Túi Nước giặt OMO Matic Cửa Trên Hương Diệu Ngọt Chuyên Gia Giữ Màu 3.6KG
Cham Soc Nha Cua,Viên rửa bát Finish Nhật bản 150 viên - Viên finish power cube 150v dùng cho máy rửa bát chén loại nhỏ từ 6 - 8 - 9 -10 bộ bát đĩa
Cham Soc Nha Cua,Muối Rửa Chén Bát Finish Salt - Bịch 1KG
Cham Soc Nha Cua,Viên Rửa Chén Bát Hương Chanh Finish Powerball Power All In 1 Max - Túi 100 viên siêu tiết kiệm
Cham Soc Nha Cua,Túi Viên Giặt Xả MaxKleen 2 Trong 1 Hương Nước Hoa Huyền Diệu (34 viên/ túi)
Cham Soc Nha Cua,Combo 2 Túi Nước Giặt Omo Matic Cho Quần Áo Bé Yêu Chiết Xuất Tràm Trà Và Nha Đam Dịu Nhẹ 3.6KG
Cham Soc Nha Cua,Sáp Thơm AMBI PUR 180G
Cham Soc Nha Cua,"Combo 2 Nước Tẩy Bồn Cầu Vim 880ml Diệt 99,9% Vi Khuẩn"
Cham Soc Nha Cua,Túi viên giặt xả MaxKleen Hương ngày thư thái (34 viên/ túi)
Cham Soc Nha Cua,Combo 2 Túi Nước Giặt Omo Matic Hương Tinh Dầu Thơm Cho Máy Giặt Cửa Trên 3.6KG
Cham Soc Nha Cua,Combo 2 Túi Nước Giặt Omo Matic Cho Máy Giặt Cửa Trên Sạch Sâu Vượt Trội Khử Mùi Toàn Diện 3.7KG
Cham Soc Nha Cua,Combo 2 Túi Nước Giặt Omo Matic Bền Đẹp Bền Màu Cho Máy Giặt Cửa Trước 3.6KG
Cham Soc Nha Cua,"Túi Nước Giặt Omo Matic Cho Quần Áo Bé Yêu Chiết Xuất Tràm Trà Và Nha Đam Dịu Nhẹ, Sạch Khuẩn 3.6kg"
Cham Soc Nha Cua,Muối rửa chén bát Finish 4.0 kg Finish EU
Cham Soc Nha Cua,"Combo 2 hộp Sáp thơm khử mùi Ami - Hương thơm chiết xuất thiên nhiên, Tỏa hương suốt nhiều tuần (Nhiều lựa chọn mùi hương)"
Cham Soc Nha Cua,Thuốc diệt chuột Storm 0.005% (5 gói x 20 viên) (Bao bì mới)
Cham Soc Nha Cua,Túi Nước Giặt Xả Maxkleen Hương Hoa Nắng (3.8kg)
Cham Soc Nha Cua,Túi Nước Giặt Xả Maxkleen Hương Nước Hoa Huyền Diệu (3.8kg)
Cham Soc Nha Cua,Nước rửa chén bát Kao Nhật Bản 1380ml
Cham Soc Nha Cua,Combo 5 Gói Khăn Giấy Lụa Rút Softpack Bless You Alavie 250 Tờ
Cham Soc Nha Cua,Túi Viên Giặt Xả MaxKleen 2 Trong 1 Hương Dấu Ấn Ngọt Ngào (34 viên/ túi)
Cham Soc Nha Cua,Combo 2 Lốc Khăn Giấy Gói Rút Tempo Hương Hoa Anh Đào (Lốc 4 Gói)
Cham Soc Nha Cua,Combo 9 Vỉ Treo Tẩy Bồn Cầu Vim Power 5 Hương Chanh Sạch Khuẩn Thơm Mát 50G/Viên
Cham Soc Nha Cua,"Combo 2 Chai Nước Lau Đa Năng Sunlight Chanh & Sả Phiên Bản Nâng Cấp Từ Cif Sạch Bóng Kin Kít, Không Nhờn Rít Chai 500ML"
Cham Soc Nha Cua,Combo 2 Chai Kem Tẩy Chuyên Dụng Sunlight Phiên Bản Nâng Cấp Từ Cif Siêu Sạch Siêu Sáng
Cham Soc Nha Cua,Nước Xả Làm Mềm Vải COMFORT Nước Xả Vải Hương Ban Mai Đậm Đặc 1 Lần Xả Giúp Giữ Màu & Bền Vải 3.7L
Cham Soc Nha Cua,Viên giặt xả Bold GelBall 4D P&G hương hoa ngọt ngào túi refill 55 viên
Cham Soc Nha Cua,Dung Dịch Tẩy Rửa Máy Rửa Chén Bát Finish Dishwasher Deep Cleaner
Cham Soc Nha Cua,Nước Làm Bóng Chén Bát  Finish Rinse & Shine Aid 500ML
Cham Soc Nha Cua,Viên rửa chén bát Finish Quantum túi 21 viên
Cham Soc Nha Cua,Túi Nước rửa chén Sunlight Bio-care Thiên Nhiên 100% Gốc thực vật - Muối Khoáng Lô Hội 3.3KG
Cham Soc Nha Cua,"Túi 64 Viên Rửa Chén Bát Finish Powerball Quantum 12x sức mạnh, túi lớn siêu tiết kiệm"
Cham Soc Nha Cua,Viên giặt xả Top Step hương Nước hoa tinh tế gói 33 viên (462g)
Cham Soc Nha Cua,Viên giặt xả Top Step hương Nắng mai tươi mát gói 15 viên (210g)
Cham Soc Nha Cua,Viên giặt xả Top Step hương Nước hoa tinh tế gói 15 viên (210g)
Cham Soc Nha Cua,"Thuốc Diệt Chuột Greenhome, Killrat, Bao 40gr, Thế Hệ Mới, Hiệu Quả, Diệt Cả Đàn, Giúp Nhà Sạch Sẽ, Bảo Vệ Vườn"
Cham Soc Nha Cua,"Xịt tẩy vệ sinh cặn Canxi Kao Nhật Bản 400ml trên vòi sen, bồn tửa mặt, kính nhà tắm, gạch men ố màu"
Cham Soc Nha Cua,"Combo 2 Thuốc Diệt Kiến Anbio, Chai 10ml, Thành Phần Tự Nhiên, Diệt Tận Gốc Kiến Hôi, Kiến Lửa"
Cham Soc Nha Cua,"Thuốc diệt gián sinh học AMB, Viện Hàn lâm khoa học Việt Nam, diệt tận gốc tất cả các loại gián, hiệu quả, an toàn"
Cham Soc Nha Cua,Bộ đôi Sáp Thơm GLADE  Hương Hoa Lài 180gx2
Cham Soc Nha Cua,Bộ đôi  Sáp Thơm GLADE  Hương Lavender 180gx2
Cham Soc Nha Cua,Bộ đôi Sáp Thơm GLADE  Tuyệt Tác Hương Hoa 180gx2
Cham Soc Nha Cua,Combo 2 Chai Tẩy Rửa Nhà Tắm DUCK Siêu Tẩy Pro 900mlx2
Cham Soc Nha Cua,"Thuốc diệt kiến gián sinh học SAMI SAMI cao cấp thế hệ mới, diệt kiến gián tận gốc mạnh hơn gấp đôi hoạt chất sinh học"
Cham Soc Nha Cua,"Khăn giấy 4 lớp Chef&Chef treo tường dạng rút tiết kiệm, an toàn, tiện lợi (Thùng 4 bịch)"
Cham Soc Nha Cua,Nước Lau Sàn Sunlight BIOSHIELD Ngăn Côn Trùng Hiệu Quả Hương Chanh Yuzu & Sả Túi 3.4KG
Cham Soc Nha Cua,Nước Giặt Xả Đậm Đặt HYGIENE Túi 1800ml Sạch mọi viết bẩn - hương thơm tươi mát cả ngày dài
Cham Soc Nha Cua,"Combo 3 Vỉ Viên Thả Vệ Sinh Bồn Cầu Vim Sạch Khuẩn, Sáng Bóng đến 1600 Lần Xả 180G/Vỉ"
Cham Soc Nha Cua,Combo 2 Nước Xả Vải Comfort Thơm Mát Gấp 10 Lần/Hương Nước Hoa Diệu Kỳ 100 Giờ Lưu Hương Túi 3.7L
Cham Soc Nha Cua,Tempo - Khăn GiấyBỏ túi Tempo Petit Cao Cấp Bạc Hà/Gỗ Táo/Sakura tặng 1 khăn sữa cao cấp thương hiệu Unmei
Cham Soc Nha Cua,Nước Lau Kính  Tinh dầu Bạc hà Peace Mass Chai 700ml
Cham Soc Nha Cua,Hộp Viên Rửa Chén Bát SUNLIGHT 5in1 Cho Máy Rửa Chén Bát (28V/hộp)
Cham Soc Nha Cua,Túi Nước Giặt Omo Matic Bền Đẹp Bền Màu Cho Máy Giặt Cửa Trước 3.6KG
Cham Soc Nha Cua,Nước Giặt Comfort Dưỡng Vải Đa Năng Hương Thời Thượng Túi 3.6KG
Cham Soc Nha Cua,"Nước rửa chén Peace Mass can 3.6l công nghệ enzym - sạch chén bát, không đọng mùi , không khô da, an toàn cho da nhạy cảm"
Cham Soc Nha Cua,Nước Giặt Xả  2in1 Peace Mass Can 3.6l
Cham Soc Nha Cua,Bột tẩy vệ sinh lồng máy giặt Sandokkaebi Hàn Quốc 450g
Cham Soc Nha Cua,Túi Nước Rửa Chén Surf Hương Trà Xanh Lá Dứa
Cham Soc Nha Cua,Combo 05 hộp CLS lồng máy giặt 300g Ag+
Cham Soc Nha Cua,Combo 2 Chai Bọt Tuyết Lau Bếp Sunlight POWERFOAM Đánh Bay Dầu Mỡ 100% Siêu Tiện Trong 5 Giây 500ML
Cham Soc Nha Cua,Chai Nước Tẩy Bồn Cầu Và Nhà Tắm POWER100 Hương Bạc Hà 900ml
Cham Soc Nha Cua,Khăn Giấy Rút Cao Cấp Vinda Deluxe 3 Lớp - L - 110 tờ (4 Gói)
Cham Soc Nha Cua,Túi Nước Rửa Chén Sunlight Bio-care Thiên Nhiên 100% Gốc Thực Vật Hương Matcha Trà Nhật 3.3KG
Cham Soc Nha Cua,Túi Nước Giặt ARIEL Chuyên Gia Cửa Trên Ngăn Lem Màu - Hương Downy Nước Hoa 3.65KG
Cham Soc Nha Cua,Nước lau kính hương quế 680ml
Cham Soc Nha Cua,Combo Khăn Giấy Lụa Treo Tường Rút Kéo LET-GREEN |  600 Tờ/Bao
Cham Soc Nha Cua,Combo 2 Gói Bột Vệ Sinh Lồng Máy Giặt 
Cham Soc Nha Cua,Xịt thơm phòng GLADE 280ml
Cham Soc Nha Cua,"Viên Giặt Xả Quần Áo Tide Pods Free & Gentle 152 Viên 3,45kg Hàng Nhập Mỹ"
Cham Soc Nha Cua,Tẩy đa năng Mr Muscle hương chanh 500ml
Cham Soc Nha Cua,Giấy ăn 5 lớp cao cấp - khăn giấy rút để bàn (400 tờ/gói)
Cham Soc Nha Cua,"Thuốc diệt kiến gián sinh học BioPro Chai 20ml Dạng nhỏ Giúp diệt sạch kiến gián tận gốc, kiến đen, kiến lửa, gián đức"
Cham Soc Nha Cua,Dung dịch tẩy lồng máy giặt siêu sạch dạng nước Rocket 390ml - Hàng nội địa Nhật Bản |#Made in Japan
Cham Soc Nha Cua,"Nước làm bóng Finish 750ml, 1150ml - Hàng chính hãng"
Cham Soc Nha Cua,"Muối rửa chén Finish Dishwasher Salt 4kg - muối rửa bát finish 4 kg, muối finish 1.2kg, muối finish 1.5kg"
Cham Soc Nha Cua,Muối rửa chén Finish 4.0kg - Muối Finish 1.2kg - hàng mới về
Cham Soc Nha Cua,Combo Muối rửa bát finish 1.5kg + Nước làm bóng finish 800ml dùng cho Máy rửa bát chén
Cham Soc Nha Cua,viên rửa bát finish 110 tabs dùng cho máy rửa bát
Cham Soc Nha Cua,[Combo 3 Lốc] Khăn Giấy Tempo Regular (Lốc 10 gói) - Thương Hiệu Đức
Cham Soc Nha Cua,Combo Mua 1 Tặng 1 Giấy Vệ Sinh Cao Cấp ASI Không Lõi 3 Lớp (20 Cuộn)
Cham Soc Nha Cua,Khăn giấy bỏ túi Tempo Petit hương Gỗ Táo (18 gói)
Cham Soc Nha Cua,"Bột Thông Bồn Cầu, Thông Tắc Ngẽn Cống, Lavabo. Loại Mạnh Xử Lý Triệt Để Nhanh Chóng - Hàng Loại 1 - CHính Hãng MINIIN"
Cham Soc Nha Cua,Combo 2 Túi Nước Xả Vải Comfort Thơm Mát Gấp 10 Lần/Hương Ban Mai 100 Giờ Lưu Hương 3.7L
Cham Soc Nha Cua,Nước Lau Sàn Sunlight Tinh Dầu Thảo Mộc Hương Hoa Hạ Bạc Hà Túi 3.6KG
Cham Soc Nha Cua,Muối Rửa Bát Finish 4.0kg
Cham Soc Nha Cua,Nước Lau Sàn  Peace Mass TD Chanh Sả - Bạc Hà  Can 3.6 lít
Cham Soc Nha Cua,Gel rửa chén bát Finish Eco 0% - 900ml/ chai
Cham Soc Nha Cua,Combo 5 gói kẹo chuột
Cham Soc Nha Cua,Chai Xịt Thơm Phòng SANDOKKAEBI Kháng Khuẩn (Hương Hoa Tử Đinh Hương)- Chính Hãng Hàn Quốc
Cham Soc Nha Cua,Nước Rửa Chén Hương Quả Hồng Layer Clean (5L / Bình)
Cham Soc Nha Cua,Combo 2 Lốc Giấy Cuộn Vệ Sinh Bless You Famille 3 Lớp (Lốc 6 Cuộn)
Cham Soc Nha Cua,Túi Nước Xả Vải Comfort Thơm Mát Gấp 10 Lần/Hương Nước Hoa 100 Giờ Lưu Hương - Hương Diệu Kỳ
Cham Soc Nha Cua,Xịt Thơm & Làm Phẳng Quần Áo Zily 4.7 Kg - Tặng 1 Chai Nước Rửa Chén Zily 750 gr
Cham Soc Nha Cua,"Thuốc diệt mối tận gốc SAMI SAMI, thuốc diệt mối sinh học, diệt cả đàn mà vẫn an toàn cho người, không mùi không ảnh hưởng sức khoẻ"
Cham Soc Nha Cua,Thuốc diệt chuột thái lan tiêu diệt cả đàn sau 3 ngày tặng kèm thuốc diệt dán và kiến
Cham Soc Nha Cua,Nước Giặt ARIEL Cửa Trước Hương Downy Nắng Sớm Túi 3.9 KG
Cham Soc Nha Cua,"Sáp Thơm Phòng Khử Mùi  200g Nội Địa Trung, Lọ Thơm Phòng Vệ Sinh Lưu Hương Lâu Cho Không Gian Luôn Sạch Và Thơm - HÀNG CHÍNH HÃNG MINIIN"
Cham Soc Nha Cua,Nước Lau Sàn Sunlight Tinh Dầu Thảo Mộc Hương Lavender Túi 3.6KG
Cham Soc Nha Cua,"[Special Edition] Hạt Xả Thơm Quần Áo Hương nước hoa ArFUM Lưu Hương lâu, Làm Mềm Vải Và Chống Tĩnh Điện (150gr)"
Cham Soc Nha Cua,Túi Viên Giặt Tiện Lợi OMO 3 Trong 1 30 Viên
Cham Soc Nha Cua,"Khăn Giấy Hộp, Khăn Giấy Rút Pulppy Lốc 5 Hộp180 tờ x 2 lớp mềm mịn siêu dai"
Cham Soc Nha Cua,Combo phụ gia: Nước làm bóng 500ml + Dung dịch vệ sinh máy 250ml + Muối rửa chén bát 1kg
Cham Soc Nha Cua,"Nước làm bóng Finish 1150ml, dung dịch dầu làm bóng bát finish dùng cho máy rửa bát chén 1150ml, 800ml, 750ml, 1500ml"
Cham Soc Nha Cua,Combo 2 chai nước lau sàn sinh học ENZYCO 2L - Chiết xuất Bồ hòn và Enzyme Dứa
Cham Soc Nha Cua,KEM TẨY RỬA XOONG NỒI ĐA NĂNG - Hàng Loại 1 - Chính Hãng MINIIN
Cham Soc Nha Cua,Chat Bột Thông Cống Cực Mạnh Nhật Bản Loại Lớn 268gr
Cham Soc Nha Cua,"Túi Nước Giặt Omo Matic Comfort Cho Máy Giặt Cửa Trên Hương Tinh Dầu Thơm Xoáy Bay Vết Bẩn, Hương Thơm Bền Lâu 3.6Kg"
Cham Soc Nha Cua,Nước Lau Sàn POWER100 Tinh Dầu Hoa Thiên Nhiên 3.5KG
Cham Soc Nha Cua,Combo 6 gói khử cặn bình nước hiệu quả an toàn tặng 2 zipper 10cm
Cham Soc Nha Cua,"Muối rửa bát Finish 1,5 kg"
Cham Soc Nha Cua,"Bộ 3 chai nước hoa xịt phòng cao cấp Mr Fresh 500ml - khử mùi phòng, ẩm mốc, hạn chế côn trùng ruồi muỗi"
Cham Soc Nha Cua,Nước lau sàn Hữu cơ đuổi muỗi tinh dầu thiên nhiên thương hiệu Ecocare
Cham Soc Nha Cua,"Nước rửa chén Peace Mass 500ml công nghệ enzym - sạch chén bát, không đọng mùi , không khô da, an toàn cho da nhạy cảm"
Cham Soc Nha Cua,Chai Xịt Tẩy Keo Dính Đa Năng Trên Mọi Bề Mặt 450ml Tặng Kèm Khăn Lau + Khẩu Trang Cao Cấp AZONE
Cham Soc Nha Cua,Bột Tẩy Quần Áo Thiên Nhiên Baking Soda Mao Bao (12 g x 5 gói)
Cham Soc Nha Cua,Xịt Làm Sạch Kính Hữu Cơ Easy Glass Care Stanhome (500ml)
Cham Soc Nha Cua,Túi Nước Rửa Chén POWER100 Tiết Kiệm Hương Chanh 3.5KG
Cham Soc Nha Cua,Lốc 4 Cuộn Khăn Giấy Bếp Đa Năng
Cham Soc Nha Cua,Viên giặt xả Bold GelBall 4D P&G hương hoa ngọt ngào túi refill 70 viên
Cham Soc Nha Cua,"Set 10 Gói Giấy Rút Cầu Vồng 3 Lớp MyLan (300 Tờ / Gói) - Mềm, Dai Và Mịn - Khăn Giấy Rút Cao Cấp, Không Chất Tẩy Trắng"
Cham Soc Nha Cua,"Chai nước thông tắc cống, đường ống, bồn cầu, bồn rửa bát Lion Nhật Bản 450g"
Cham Soc Nha Cua,Combo Viên rửa bát Finish 100 viên Essential 6 in 1 + 800ml Nước làm bóng bát chén finish + 1.5kg Muối rửa bát Finish
Cham Soc Nha Cua,Dầu bồ đề Thái Lan Massage Balm - ￼Dầu Cù Là Dầu Lăn Dầu Gió Lá Bồ Đề Nội Địa Thái Lan
Cham Soc Nha Cua,"Viên diệt gián Nhật Bản hộp 12 viên Barracks Cap diệt sạch gián tận gốc, khử mùi hôi"
Cham Soc Nha Cua,Thuốc diệt kiến sinh học anbio Chai 10ml An toàn hiệu quả Diệt tận gốc
Cham Soc Nha Cua,Bột thông cống Okay 100g Hiệu quả tức thì -  Nhập khẩu Thái Lan
Cham Soc Nha Cua,Bình xịt diệt Muỗi/Gián/Kiến/Côn trùng - Chaindrite 600ml
Cham Soc Nha Cua,Giấy vệ sinh ASI loại 10 cuộn/bịch 800gr cao cấp mịn không bụi - HTpaper
Cham Soc Nha Cua,Combo Viên rửa bát fnish All in one 120 viên + Dung dịch nước làm bóng finish 800ml + Muối rửa bát chén finish 1.5kg cho Máy rửa bát
Cham Soc Nha Cua,Combo Viên rửa bát Finish 110 viên + Muối Finish 1.2kg + Nước làm bóng Finish 400ml
Cham Soc Nha Cua,Gói 100 tờ khăn giấy vuông Bless You Cao Cấp 33x33cm
Cham Soc Nha Cua,Lốc 10 Cuộn Giấy Vệ Sinh Bless You À La Vie Cao Cấp Mềm Mịn
Cham Soc Nha Cua,Bình xịt muỗi Raid hương lavender 520ml
Cham Soc Nha Cua,Chất tẩy rửa cho máy rửa công nghiệp Winterhalter F2/05L - Hàng chính hãng
Cham Soc Nha Cua,"Chai thả tẩy bồn cầu Hàn Quốc ,diệt khuẩn và tỏa hương thơm dịu nhẹ ,lọ thả bồn cầu trắng sạch thơm mát nhà vệ sinh"
Cham Soc Nha Cua,"Hộp 12 Viên Tẩy Vệ Sinh Lồng Máy Giặt, Diệt Khuẩn Và Tẩy Chất Cặn Lồng Máy Giặt Hiệu Quả - Hàng Loại 1 - Chính Hãng MINIIN"
Cham Soc Nha Cua,Nước Rửa Chén Power100 Green Tinh Dầu Bưởi Tây 400G
Cham Soc Nha Cua,Viên rửa bát finish nhật dùng cho máy rửa bát 100 viên
Cham Soc Nha Cua,Muối rửa bát Finish -1.2kg
Cham Soc Nha Cua,Nước rửa chén Hữu cơ Bồ hòn Tinh dầu thiên nhiên thương hiệu Ecocare 4 Lít- Tinh dầu Quế/ Tinh dầu Sả chanh/ Tinh dầu Cam/ Tinh dầu Chanh gừng
Cham Soc Nha Cua,Nước rửa chén hữu cơ Bồ hòn Ecocare tinh dầu Quế 2000ml 
Cham Soc Nha Cua,"Nước Rửa Chén Hữu Cơ Bồ Hòn Và Tinh Dầu Chanh Gừng 500ml Bảo Vệ Da Tay, An Toàn Cho Bé"
Cham Soc Nha Cua,VIÊN GIẶT TIDE 3 IN 1 HƯƠNG SPRING MEADOW 42 viên - Dạng túi
Cham Soc Nha Cua,Túi than hoạt tính khử mùi xe hơi Hapaku - 100% từ gáo dừa Bến Tre
Cham Soc Nha Cua,Nước xịt lau bàn ăn hữu cơ Bồ hòn tinh dầu Quế 500ml
Cham Soc Nha Cua,Men Vi Sinh Xử Lý Hầm Cầu Ecoclean septic 1 gói 100g
Cham Soc Nha Cua,Chất Làm Sạch Bình Đun Nước Mao Bao (2 Gói x 25g)
Cham Soc Nha Cua,Combo 2 Lốc Giấy vệ sinh Bless You Lamour 2 (Lốc 10 cuộn)
Cham Soc Nha Cua,"Bột rửa bát Finish 2,5kg Hương Chanh"
Cham Soc Nha Cua,Thuốc Viên Diệt Chuột Nhật Bản Hộp (4 Gói Nhỏ Màu Hồng)
Cham Soc Nha Cua,"Chai xịt muỗi, kiến, gián, côn trùng ARS không mùi siêu mạnh diệt mọi côn trùng"
Cham Soc Nha Cua,Viên rửa bát Finish 150 viên Nội địa Nhật Bản
Cham Soc Nha Cua,Chai Tẩy Đánh bay cặn bẩn  DUCK  Hương Cam Quýt 900ml
Cham Soc Nha Cua,"Nước lau sàn khử khuẩn chuyên dụng cho Ro-bot Hút Bụi, Lau Nhà, Máy hút bụi cầm tay"
Cham Soc Nha Cua,"Nước tẩy Javel - CAN 30KG (THƯỜNG, ĐẬM ĐẶC)"
Cham Soc Nha Cua,Nước Tẩy Javel Chai 4.7Kg
Cham Soc Nha Cua,Dung Dịch Làm Sạch Vết Xước Sàn Gạch Men Lát Nền Nhà LKB 260ml Tẩy Mạnh Mẽ Hiệu Quả Tiện Lợi
Cham Soc Nha Cua,"Nước Lau Sàn Hữu Cơ Bồ Hòn ECOCARE 1L-4L Hương Cam Sả/Chanh Gừng Đuổi Muỗi Đuổi Côn Trùng, Khử Mùi Hiệu Quả"
Cham Soc Nha Cua,"Nước Giặt Đồ Lót Hữu Cơ ECOCARE 300ml Giảm 99% Vi Khuẩn, Tẩy Ố Hiệu Quả, Hương Cam Bạc Hà Thơm Mát"
Cham Soc Nha Cua,"Giấy rút hoa cúc MyLan (20 gói/thùng), Giấy rút cao cấp, Dai và Mịn"
Cham Soc Nha Cua,"Thuốc Diệt Muỗi Greenhome, Fendona 10sc, Gói 5ml, Hiệu Quả, Không Mùi, Dễ Dùng, Diệt Gián, Ruồi, Kiến Ba Khoang"
Cham Soc Nha Cua,Lốc 10 cuộn Giấy vệ sinh Pulppy cao cấp siêu mềm mịn
Cham Soc Nha Cua,Viên rửa bát Finish Nhật 150 viên - viên rửa chén finish 150 viên dùng cho máy rửa bát loại nhỏ
Cham Soc Nha Cua,Viên rửa bát Finish Classic 120 viên/ hộp
Cham Soc Nha Cua,Vệ sinh máy rửa bát Finish
Cham Soc Nha Cua,[THƠM QUÝ PHÁI] Bộ 2 Hộp Sáp Thơm Phòng Khử Mùi Mr Fresh 230g (nhiều mùi lựa chọn)
Cham Soc Nha Cua,Combo 2 Nước Lau Kính Sunlight Siêu Nhanh Phiên bản nâng cấp từ Cif Sạch Không Tỳ Vết Chai 520ml
Cham Soc Nha Cua,Khăn giấy vuông Pulppy khổ lớn 33 x 33 cm mềm mịn 100 tờ - HTpaper
Cham Soc Nha Cua,Nước Làm Bóng Chén Bát  Finish Rinse & Shine Aid
Cham Soc Nha Cua,Chất tráng hỗ trợ khô cho máy rửa công nghiệp Winterhalter B2S/05L - Hàng chính hãng
Cham Soc Nha Cua,Chất tẩy rửa cho máy rửa công nghiệp Winterhalter F2/20L - Hàng chính hãng
Cham Soc Nha Cua,Túi Nước Giặt Omo Matic Cho Máy Giặt Cửa Trên Hương Hoa Hồng Ecuador 3.6KG
Cham Soc Nha Cua,Combo 2 Chai Nước Tẩy Bồn Cầu Và Nhà Tắm POWER100 Hương Bạc Hà 900mlx2
Cham Soc Nha Cua,viên rửa chén finish classic hộp 100 viên
Cham Soc Nha Cua,Túi Nước Giặt Omo Matic Cho Máy Giặt Cửa Trên Sạch Sâu Vượt Trội Khử Mùi Toàn Diện 3.7KG
Cham Soc Nha Cua,Combo 2 Túi Nước Giặt OMO Matic Chuyên Dụng Cửa Trước Lavender Khử Mùi Thư Thái 3.6KG
Cham Soc Nha Cua,Chai Nước Lau Sàn POWER100 Tinh Dầu Chanh Sả 3.5KG
Cham Soc Nha Cua,THÙNG VIÊN GIẶT TIDE PODS HE LAUNDRY DETERGENT PODS 42x4 VIÊN (168 VIÊN)
Cham Soc Nha Cua,Xịt Thơm Và Khử Mùi Quần Áo Hàn Quốc 250ml (Tặng Cafe Macca)
Cham Soc Nha Cua,Nước Rửa Chén Can POWER100 Tinh Dầu Chanh 3.5KG
Cham Soc Nha Cua,Viên Tẩy Vệ Sinh Diệt Khuẩn Bồn Cầu Cao Cấp Hàn Quốc BlueShot (2 Viên x 40g/Viên)
Cham Soc Nha Cua,Lốc 10 Cuộn Giấy Vệ Sinh Tempo Prestige - Hoa Lê
Cham Soc Nha Cua,"Bột Tẩy Vết Mốc, Ố Vàng Không Bay Màu - Tẩy Trắng Quần Áo Hiệu Quả, An Toàn Cho Bé - HÀNG CHÍNH HÃNG MINIIN"
Cham Soc Nha Cua,Khăn Giấy Vệ Sinh Anan 10 Cuộn Khăn Giấy Khô Đa Năng 2 Lớp
Cham Soc Nha Cua,Viên sạch bồn cầu Geto chai thả bồn cầu sạch khuẩn tẩy sạch mảng bám khử mùi diệt vi khuẩn toilet
Cham Soc Nha Cua,"(Ko mùi) Hàng ENVU- Thuốc Aqua Resigen 10.4 EW diệt muỗi, kiến, gián, rệp, bọ xít.... Bộ Y tế cho phép lưu hành"
Cham Soc Nha Cua,Xịt thơm vải chống mạt bụi KA (320ml/ Chai)
Cham Soc Nha Cua,Viên rửa chén Finish Nhật 150 viên
Cham Soc Nha Cua,"Muối rửa bát finish 1.5kg - muối finish 1,5kg chuyên dùng làm mềm nước cho máy rửa bát chén finish"
Cham Soc Nha Cua,Combo Bột rửa bát finish 2.5kg + Nước làm bóng finish 800ml + Muối rửa bát finish 1.5kg dùng cho Máy rửa bát chén ly đĩa cốc
Cham Soc Nha Cua,Lốc 10 Cuộn Giấy Cệ Sinh Bless You Lamour Cao Cấp 3 Lớp
Cham Soc Nha Cua,Combo 20 hộp khăn giấy lụa Japani Silk180 hai lớp kích thước 19x20cm hộp xanh - 180 tờ/hộp
Cham Soc Nha Cua,Nước Cọ Rửa Toilet  Peace Mass Tinh dầu Quế Chai Xịt 700ml
Cham Soc Nha Cua,"[TIẾT KIỆM] Hộp 12 Gói Septic - Vi Sinh Xử Lý Hầm Cầu, Bể Phốt Đầy - Bảo Trì Hầm Tự Hoại 1 Năm"
Cham Soc Nha Cua,"COMBO FINISH: Viên rửa bát All in one 90 viên + Muối 1,2kg"
Cham Soc Nha Cua,Cuộn giấy lớn đa năng Japani1000S dùng vệ sinh đa năng hai lớp cắt sheet 35cm - 1000gr
Cham Soc Nha Cua,Hai lốc giấy vệ sinh An Khang Classic10 hai lớp - 10 cuộn / lốc
Cham Soc Nha Cua,"Combo 20 gói khăn giấy lau tay Roto eco20-2 hai lớp 100% bột giấy nguyên sinh, dài 20cm, họa tiết chấm bi xốp, thấm hút 2 chiều, gồm 102 tờ/gói"
Cham Soc Nha Cua,"Túi Thơm Thảo Dược Treo Xe Hơi, Khử Mùi Xe, Hương Thơm Thư Giãn Hapaku - 1 Túi"
Cham Soc Nha Cua,Bình xịt tẩy cổ áo và các vết bẩn trên vải Astonish C6910
Cham Soc Nha Cua,Nước rửa bát Kao 1380ml hương trà xanh nội địa  Nhật Bản
Cham Soc Nha Cua,Combo 03 Chai Nước Giặt Cổ Áo Mao Bao 600ml
Cham Soc Nha Cua,Combo chai nước rửa bát chén hương cam 600ml Rocket nội địa Nhật Bản
Cham Soc Nha Cua,Nước Tẩy Quần Áo Màu Axo Tím Hương Lavender Chai 800ml
Cham Soc Nha Cua,Chai Nước Lau Kính POWER100 Hương Bạc Hà 500ml
Cham Soc Nha Cua,Combo 2 Lốc Khăn Giấy Bỏ Túi Tempo Regular (Lốc 10 Gói) - Bạc Hà
Cham Soc Nha Cua,Khăn Giấy Hộp Giấy Rút Pulppy 2 Lớp Mềm Mịn Siêu Dai 180 Tờ 2 Lớp
Cham Soc Nha Cua,Combo 2 Bình Xịt Côn Trùng RAID  Hương Lavender 520ml
Cham Soc Nha Cua,"Thùng 30 gói Khăn Giấy Rút Gấu Trúc 3 Lớp MyLan Siêu Dai, Mềm Mịn, thấm hút tốt"
Cham Soc Nha Cua,Muối rửa bát Finish 4.0 kg
Cham Soc Nha Cua,Combo 3 túi viên rửa chén bát Finish Powerball Quantum 21 viên/túi
Cham Soc Nha Cua,"Giấy Ăn Nội Địa Trung Đa Năng Siêu Dai Loại Đẹp, Mềm Mịn Giấy Ăn 5 Lớp , Không Bở Khi Dính Nước, An Toàn Cho Sức Khỏe"
Cham Soc Nha Cua,"Túi 10 gói GIẤY RÚT GẤU TRÚC MyLan Gói 100 Tờ 3 LỚP, dai, mềm và mịn, đảm bảo an toàn, không bụi"
Cham Soc Nha Cua,Dung dịch tẩy rửa máy rửa chén Finish Dishwasher Cleaner 250ml QT017386
Cham Soc Nha Cua,Combo: Viên rửa Finish Classic 100 viên + Muối Finish 1.2kg + Nước làm bóng Finish 400ml
Cham Soc Nha Cua,Viên rửa bát Finish Classic 100 viên/ hộp (hương chanh)
Cham Soc Nha Cua,Nước làm bóng Finish 1150ml - Nhập khẩu châu Âu
Cham Soc Nha Cua,Túi Nước Giặt ARIEL Chuyên Gia Cửa Trên Ngăn Lem Màu
Cham Soc Nha Cua,Gói vệ sinh tẩy rửa lồng máy giặt sinh học Kokubo 750g - Hàng nội địa Nhật Bản (#Made in Japan)
Cham Soc Nha Cua,Nước làm bóng Finish 1.150ml - Siêu tiết kiệm - Hàng chính hãng
Cham Soc Nha Cua,"Nước Tẩy Nhà Vệ Sinh Sinh Học ENZYCO 860ml - Chiết Xuất Bồ Hòn Và Enzyme Dứa, Hương Thơm Từ Khuynh Diệp"
Cham Soc Nha Cua,Viên rửa bát All in one 100 viên_Finish Nk Từ Đức
Cham Soc Nha Cua,Làm Sạch Dầu Mỡ Lâu Ngày SMART CLEANER - Tẩy Sạch Dầu Mỡ Trong 5 Phút Không Cần Cọ Rửa - MIFAN Phân Phối Chính Hãng
Cham Soc Nha Cua,"Tẩy Cặn Canxi Trên Kính SMART TK - Vệ Sinh Sạch Cặn Bám Lâu Ngày Vách Kính Nhà Tắm, Gương - MIFAN Phân Phối Chính Hãng"
Cham Soc Nha Cua,Combo 10 cuộn giấy vệ sinh An khang Soft 700 hai lớp một cuộn 700gr
Cham Soc Nha Cua,Nước Rửa Chén Power100 Tinh Dầu Quế Can 3.5KG
Cham Soc Nha Cua,"Hộp hút ẩm, khử mùi, chống nấm mốc Kokubo 450ml - Nội địa Nhật"
Cham Soc Nha Cua,"Nước khử mùi, kháng khuẩn ASFA dành cho kênh HORECA"
Cham Soc Nha Cua,Viên rửa bát Finish Nhật 150 viên
Cham Soc Nha Cua,Hộp 3 túi thơm phòng Mr. Fresh Hàn Quốc hương ngàn hoa khử mùi tủ quần áo (10g/gói)
Cham Soc Nha Cua,"Khăn Giấy Lụa LET-GREEN | Bột Giấy Nguyên Thủy | 300 Tờ/Bao, 2 Lớp/Tờ"
Cham Soc Nha Cua,Viên rửa bát Finish All in one max 100 viên made in EU hoặc 100 viên finish Essential  6 chức năng trong 1
Cham Soc Nha Cua,"Nước làm bóng Finish 1600ml, hoặc 800ml dung dịch dầu làm bóng bát finish dùng cho máy rửa bát chén 500ml, 400ml"
Cham Soc Nha Cua,"Xịt thơm phòng Lovenose, nước hoa xịt phòng hương thơm tự nhiên dễ chịu lưu hương lâu dài 320ml"
Cham Soc Nha Cua,"Chai Thả Bồn Cầu Ma Thuật Khử Mùi Diệt Khuẩn Cao Cấp, Lọ Tẩy Bồn Cầu Hương Thơm Tự Nhiên"
Cham Soc Nha Cua,"Thuốc diệt kiến gián sinh học Biopro Dạng đầu bóp tiện lợi Diệt tận gốc kiến đen, kiến lửa, kiến hôi, kiến gió, gián"
Cham Soc Nha Cua,"Lốc 4 Gói Khăn Giấy Cao Cấp Tempo Softpack Mùi Hương Đào, 4 Lớp, Không Gây Kích Ứng Da (90 Tờ/ Gói) - Thương Hiệu Đức"
Cham Soc Nha Cua,Nước làm bóng (dầu bóng ) chuyên dùng cho máy rửa chén ly bát
Cham Soc Nha Cua,"combo viên rửa bát finish 100 viên + nước làm bóng finish 750ml + muối rửa bát finish 1,5kg dùng cho máy rửa bát"
Cham Soc Nha Cua,Nước làm bóng Finish 1150ml
Cham Soc Nha Cua,"Combo 2 miếng khử mùi, diệt khuẩn máy rửa chén Finish Dishwasher Freshener Lemon"
Cham Soc Nha Cua,Combo Dầu làm bóng finish 800ml+Viên rửa bát Finish All in one 100v dùng cho Máy rửa bát
Cham Soc Nha Cua,Viên Rửa Chén Bát Hương Chanh Finish Powerball Power Essential Lemon Sparkle - Túi 100 viên siêu tiết kiệm
Cham Soc Nha Cua,Combo 3 cuộn giấy giấy vệ sinh cuộn lớn 2 lớp 500g AN KHANG CARO  | 100% Bột giấy nguyên sinh
Cham Soc Nha Cua,Giấy Ăn Gấu Trúc Cao Cấp Siêu Dai MINIIN - Giấy Rút Sợi Tre An Toàn Không Chất Tẩy Trắng
Cham Soc Nha Cua,"Chai tẩy rửa, vệ sinh lồng máy giặt siêu sạch Ultra Powers 550g - Hàng nội địa Nhật Bản (#Made in Japan)"
Cham Soc Nha Cua,Túi Thơm Treo Tủ Quần Áo 3 Gói X 10g Hương Lavender TI858
Cham Soc Nha Cua,"Nước thông tắc đường ống, cống Hando chai 570ml Xuất khẩu"
Cham Soc Nha Cua,Viên rửa Chén Tổng Hợp Finish 100 Tabs Dùng Cho Máy Rửa Bát
Cham Soc Nha Cua,Dung dịch tẩy rửa máy rửa chén Finish Dishwasher Cleaner Lemon 250ml PTT006774 - hương chanh
Cham Soc Nha Cua,Nước rửa bát đậm đặc Mr.fresh hương quế 4200ml
Cham Soc Nha Cua,Combo 2 Nước rửa chén hương chanh loại túi 500ml Rocket nội địa Nhật Bản
Cham Soc Nha Cua,Combo 12 Gói Khăn Rút Bless You Famille 200 tờ
Cham Soc Nha Cua,Combo 3 Vỉ Tẩy Diệt Khuẩn Vệ Sinh Bồn Cầu Cao Cấp Hàn Quốc Blueshot
Cham Soc Nha Cua,Viên Rửa Chén Bát Finish Quantum Ultimate Túi 60 Viên - Nhập khẩu từ Đức
Cham Soc Nha Cua,"Khăn giấy cao cấp Mylan, giấy rút treo tường 1000 tờ 4 lớp bằng bột gỗ nguyên sinh"
Cham Soc Nha Cua,"Nước lau sàn gỗ Denkmit Đức 1 lít sạch bóng, Đuổi côn trùng, Bảo vệ sàn gỗ bền đẹp"
Cham Soc Nha Cua,"Nước làm bóng Finish 1600ml, 800ml dung dịch dầu làm bóng bát chén finish dùng cho máy trợ xả, trợ xấy khô, bóng bát"
Cham Soc Nha Cua,Viên Giặt Tide Pods 4in1 Downy April Fresh 104 viên 2.7kg Hàng Nhập Mỹ
Cham Soc Nha Cua,Nước Giặt ARIEL Cửa Trước Bền Màu Hương Hoa Oải Hương Túi 3.7 KG
Cham Soc Nha Cua,Lốc 10 Cuộn Giấy Vệ Sinh Không Lõi ASI 2 Lớp Giá Rẻ Tiết Kiệm Chất Lượng (10 cuộn/lốc)
Cham Soc Nha Cua,Gel rửa bát chuyên dụng cho máy rửa bát All in one Stanhome DISH GEL 720ml
Cham Soc Nha Cua,"Bột rửa chén Finish Dishwasher Power Powder Lemon Sparkle 2,5 kg QT017384 - hương chanh"
Cham Soc Nha Cua,Nước làm bóng Finish 750 ml+ muối rửa bát Finish 1200 g
Cham Soc Nha Cua,"Nước Giặt Hương Hoa Surf 3,1L-3,5L"
Cham Soc Nha Cua,Bột giặt Surf ngát hương xuân 5.5kg
Cham Soc Nha Cua,COMBO 30 Cuộn Giấy Vệ Sinh Không Lõi Cao Cấp ERO
Cham Soc Nha Cua,Combo 2 Túi Nước Giặt Omo Matic Cho Máy Giặt Cửa Trên Hương Hoa Hồng Ecuador  3.6KG
Cham Soc Nha Cua,"Bột Finish 2,5kg Chuyên Dùng Cho Máy Rửa Chén Bát"
Cham Soc Nha Cua,Viên rửa bát Finish All in 1 - 100 viên / hộp
Cham Soc Nha Cua,"Vi Sinh Xử Lý Bồn Cầu, Bể Phốt  Đầy, Tràn - EcoFlush Hộp Nhỏ - Túi Gói Sinh Học Tự Huỷ"
Cham Soc Nha Cua,"Vi Sinh Xử Lý Dầu Mỡ, Khử Mùi - EcoClean FOG - Chai 1Lít - Chính Hãng Từ USA"
Cham Soc Nha Cua,Chất Làm Sạch Bình Đun Nước Mao Bao 25g x 1 gói
Cham Soc Nha Cua,Chai tẩy vệ sinh toilet 960ml Sạch Thơm An toàn sử dụng
Cham Soc Nha Cua,Dung Dịch Dạng Xịt Làm Sạch Cho Đồ Da Stanhome Leather Spray 350Ml
Cham Soc Nha Cua,Nước Giặt Đồ Lót Và Tẩy Các Vết Bẩn Siêu Mạnh Kose Chiết Xuất Từ Thiên Nhiên Kobini Nhật Bản (200ml)
Cham Soc Nha Cua,Combo 2 Chai xịt vệ sinh kính 300ml Rocket nội địa Nhật Bản
Cham Soc Nha Cua,Combo 6 Hộp Khăn hộp Bless You Alavie 180 tờ
Cham Soc Nha Cua,Chất Làm Sạch Lồng Giặt Mao Bao Ion Bạc Nâng Cấp Mới 300g + 6g
Nha Cua Doi Song,"Khăn Ướt Lau Sàn LET-GREEN | Kháng Khuẩn, Đuổi Kiến, Phòng Mạt | 12 Tờ/Bao"
Nha Cua Doi Song,Bộ dao kéo 05 món Elmich diamond EL8404 - Hàng Chính Hãng
Nha Cua Doi Song,Bật lửa hột quẹt khè gas đá Aomai AM365 - xài gas
Nha Cua Doi Song,Nồi men sứ Elmich Hera II EL5203GY - Hàng Chính Hãng
Nha Cua Doi Song,"Móc Dán Tường, Móc Dính Tường Treo Đồ Nặng Siêu Dính Inox 304 - Treo Thớt, Nồi Niêu Xong Chảo, Treo Đồ Đa Năng"
Nha Cua Doi Song,"Bàn học sinh gấp gọn thông minh có khe máy tính bảng, khay để ly - chân bàn sơn tĩnh điện"
Nha Cua Doi Song,"Cốc Giữ Nhiệt Teement Inox 316 Cách Nhiệt, Dung Tích 480ml, Có Dây Cầm Tay Chắn Chắn - Hàng Chính Hãng"
Nha Cua Doi Song,Kèn harmonica tremolo 24 lỗ Ocean Star màu đen- Chính hãng Hohner Đức
Nha Cua Doi Song,"Vỏ Trứng Gà Trồng Cây Greenhome, Sfarm, Bao 1kg, Phân Bón Hữu Cơ, Ngăn Chặn Ốc Sên, Cải Tạo Đất, Chống Côn Trùng, Sâu Bọ"
Nha Cua Doi Song,Ca đong thủy tinh có vạch chia dung tích (350 - 500 - 1000ml)
Nha Cua Doi Song,Rọ trồng rau thủy canh khí canh - Bộ 150 rọ nhựa phi 65mm
Nha Cua Doi Song,"Bộ nồi Inox liền khối Elmich Milano EL-8090 size 16, 20, 22cm"
Nha Cua Doi Song,Bình giữ nhiệt LocknLock Metro Two Way LHC4274NVY 475ml
Nha Cua Doi Song,"Gioăng cao su dán khe hở cửa, miếng dán khe hở chân cửa ngăn bụi chống nước chống côn trùng"
Nha Cua Doi Song,Rổ đựng đồ đa dụng Inomata size A4 - Hàng nội địa Nhật Bản (#Made in Japan)
Nha Cua Doi Song,[Gói 30 viên] KHĂN NÉN DU LỊCH HQ
Nha Cua Doi Song,Túi Giữ Nhiệt Đựng Hộp Cơm 2 Ngăn – Chọn Màu Túi Giữ Nhiệt Đựng Cặp Lồng Cơm – Nhiều Màu – Chống Thấm Nước Chính Hãng
Nha Cua Doi Song,Ổ Cắm Điện Đa Năng Kèm Cổng USB Có Công Tắc Tải 2500W Nắp Chống Giật Chống Cháy Chất Lượng Cao Deli - Dây 2M/3M/5M - ET401 411
Nha Cua Doi Song,Đầu nối chia điện đa năng 3 cửa SOPOKA P11 P12 chịu tải 2200W
Nha Cua Doi Song,Máy bắt muỗi và côn trùng Violeds KOALA Hàn Quốc model KL2-IH2
Nha Cua Doi Song,"Túi Lọc Sữa Đậu Nành, Túi Lọc Sữa Hạt Cao Cấp, Túi Lọc Trà, Túi Lọc Gia Vị - Hàng Chính Hãng"
Nha Cua Doi Song,Hộp 60 Viên Pin AA Panasonic ( Pin Tiểu ) Hi Top - Hàng Chính Hãng
Nha Cua Doi Song,Tai nghe dẫn sương Bluetooth đeo lâu không bị đau tai
Nha Cua Doi Song,Chảo Inox chống dính dập nguyên khối Elmich Trimax EL2430OL
Nha Cua Doi Song,"Bình giữ nhiệt Elmich EL8335 1L, Inox 316, nắp dùng làm cốc - Hàng chính hãng"
Nha Cua Doi Song,"Combo 5 cái khăn lau mặt lông cừu Hàn Quốc .50 x 30cm ,kẻ sọc nhiều màu ,sợi bông mềm mại cao cấp và tiện lợi"
Nha Cua Doi Song,"Ly giữ nhiệt LocknLock Flat Table Mug LHC4320 730ML, Hàng chính hãng, có tay cầm, miêng rộng - JoyMall"
Nha Cua Doi Song,"Ghế công thái học New beginning, ghế văn phòng lưới công thái học tốt nhất có tựa đầu NB819"
Nha Cua Doi Song,Bộ vỏ chăn ga gối cotton tici notag Lidaco cotton đũi trơn dày decor phòng ngủ vintage đủ mọi cỡ nệm
Nha Cua Doi Song,Hạt giống bí đao xanh F1 - Bí chanh giống khỏe trái sai VTP05
Nha Cua Doi Song,"Ô Dù Che Mưa, Che Nắng, Gấp Gọn Tiện Lợi, Thiết Kế Sang Trọng Và Bền Bỉ, Ô Dù Có Lựa Chọn Màu Sắc- Hàng Chính Hãng Teement"
Nha Cua Doi Song,"Đèn năng lượng mặt trời chóng chói 50W, 100W, 200W ( vỏ nhựa )"
Nha Cua Doi Song,CB chống giật Panasonic RCBO 2P1E 16A-20A-25A-32A-40A-50A-63A - Hàng chính hãng
Nha Cua Doi Song,Cốc giữ nhiệt inox 304 Elmich EL8309 dung tích 900ml - Hàng Chính Hãng
Nha Cua Doi Song,Móc Inox Dán Tường Chịu Lực Móc Treo Đồ Nặng Dán Tường Chất Lượng Cao
Nha Cua Doi Song,"Đèn bàn học Led bảo vệ mắt Ergo Edge 2 DandiHome chống cận để học tập, làm việc, có thể kéo dài, gấp gọn - 4 chế độ sáng"
Nha Cua Doi Song,Gạt Tàn Thuốc Thủy Tinh  Cao Cấp Nhiều Mẫu
Nha Cua Doi Song,Palo santo loại đặc biệt mang lại may mắn - Gỗ trắc xanh - Gỗ thánh nhập Peru (Chất lượng loại A)
Nha Cua Doi Song,Bình Gas Bơm Bật Lửa BlueSky
Nha Cua Doi Song,"Túi đựng rác bảo vệ môi trường thương hiệu GIMEX II, tùy chọn size và màu sắc phù hợp cho gia đình, công sở"
Nha Cua Doi Song,Chảo chống dính Inox dập nguyên khối Elmich Trimax Classic EL-2703OL size 26cm
Nha Cua Doi Song,Bộ Cà men/ hộp cơm giữ nhiệt đa năng Pearl Metal Octas - Hàng nội địa Nhật Bản |nhập khẩu chính hãng| |HB-3775| |HB-3776
Nha Cua Doi Song,Combo 2 Giá đỡ bàn chải máy dán tường NAVIVU
Nha Cua Doi Song,Túi zipper đa năng Shinshen 1L (loại bấm trắng) - Hộp 20 túi
Nha Cua Doi Song,Kệ Góc 2 Tầng Nhà Tắm Hợp Kim Nhôm Cao Cấp - Hàng Loại 1 - Chính Hãng
Nha Cua Doi Song,"Nến bơ thực vật 100 viên cháy 1h, 2h,3h,4,8h nến cao cấp tealight cúng phật, đồ thờ cúng"
Nha Cua Doi Song,Bình Giữ Nhiệt LocknLock Featherlight One-touch Tumbler 500ml LHC3257PIK - Màu hồng
Nha Cua Doi Song,Hộp Cơm Điện 2 Tầng Mocato M601
Nha Cua Doi Song,Nồi Sâu Lòng LocknLock LHD1141 Handycook Có Tay Cầm Và Nắp Đậy 14cm - Màu Xám
Nha Cua Doi Song,Phân bón CANXI BO cung cấp trung vi lượng cho hoa kiểng và cây ăn trái giúp chống hư rễ quăn lá rụng trái và nứt trái chai 500ml
Nha Cua Doi Song,Bộ Chăn Ga Gối Cotton Tici Một Màu LIDACO - Màu Xám
Nha Cua Doi Song,Túi Giặt Bảo Vệ Quần Áo - Nhiều Mẫu
Nha Cua Doi Song,100 bông tuyết dán tường dạ quang trang trí
Nha Cua Doi Song,Cây Lau Nhà Dạng Xịt Nước Lock&Lock ETM472
Nha Cua Doi Song,Ly Giữ Nhiệt Bằng Thép Không Gỉ Lock&Lock Clip Tumbler LHC4151BLK (540ml) - Đen
Nha Cua Doi Song,Bộ Cây Lau Nhà Xoay Tay Mini Ettom Lock&Lock ETM498 (2 Bông Lau) - Tặng Thêm 2 Bông Lau
Nha Cua Doi Song,Bộ ga gối cotton đũi LIDACO họa tiết kẻ đôi mắt mềm mát ga nệm bo chun theo kích thước yêu cầu nhiều mẫu lựa chọn
Nha Cua Doi Song,"Pin Alkaline Beston AA AAA 1.5V cho Micro karaoke, đồ chơi , điều khiển, mẫu mới bền bỉ và an toàn"
Nha Cua Doi Song,"Ổ cắm điện 3 lỗ cắm Huntkey HK-A32 dây dài 3 mét, chịu tải 2500W với 2 lỗ cắm đa năng - Hàng chính hãng"
Nha Cua Doi Song,"Kính bảo hộ lao động 3M cao cấp Mỹ 11621AF chống bụi, chống hóa chất, chống sương mờ, kính phun thuốc trừ sâu"
Nha Cua Doi Song,"Bình nước cao cấp Biwa Plus 2,1L"
Nha Cua Doi Song,"Nắp Đậy Cống Thoát Nước Chống Mùi Hôi, Côn Trùng - Chuyên Dùng Cho Sàn Nhà Tắm, Nhà Vệ Sinh - HÀNG CHÍNH HÃNG MINIIN"
Nha Cua Doi Song,"Nhang Trầm Hương Đặc Biệt  3 Lành Dài 23-30-40cm, Hộp 100-400gr Sạch Tự Nhiên 100% Không Hóa Chất 7-12 Năm Trầm Thờ Cúng Dâng Hương Xông Nhà"
Nha Cua Doi Song,"Thuốc diệt chuột, Kẹo diệt chuột tiêu diệt cả đàn chuột hàng Thái Lan"
Nha Cua Doi Song,Ổ Cắm Điện Mẫu Mới 2025 Deli Ổ ĐIện Đa Năng Chống Cháy Nổ 2500W Cổng Sạc USB/ TypeC Thông Minh
Nha Cua Doi Song,Khung vẽ - giá đỡ tranh Enter GV120 120cm đen / trắng / vàng
Nha Cua Doi Song,Bộ vòi xịt vệ sinh rửa toilet inox 304 tăng áp Hobby home decor VSR1
Nha Cua Doi Song,Combo 5 miếng keo dán chuột Đại thành
Nha Cua Doi Song,Giấy bạc/Màng nhôm lá mỏng Sakura - Hàng chính hãng
Nha Cua Doi Song,"Nhang Trầm Hương Sạch Đặc Biệt Cao Cấp Sỉ 0.5-1kg Dài 23-30-40cm,  3 Lành Tự Nhiên 100% Không Hóa Chất 7-15 Năm Thờ Cúng Xông Nhà"
Nha Cua Doi Song,Pin Maxell CR2032 Lithium 3V Cao Cấp Made In Japan Date 2031
Nha Cua Doi Song,Pin Energizer 12V A23 BP1
Nha Cua Doi Song,"Dây Lò Xo Thông Tắc Cống, Nhà Vệ Sinh 5m 10m – Xử Lý Nghẽn Do Dầu Mỡ, Cơm Thừa Hiệu Quả"
Nha Cua Doi Song,KHAY ĐỰNG BÁNH KẸO HOA QUẢ BẰNG SỨ 3 TẦNG VIỀN VÀNG CAO CẤP SANG TRỌNG
Nha Cua Doi Song,Ổ Cắm Chuyển Đổi Du Lịch Deli Sạc Nhanh 70W Củ Sạc Đa Năng DELI 4 Loại Chân Cắm Chuyển Đổi Dòng Điện
Nha Cua Doi Song,[Mỹ] Ổ cắm điện Energizer đa năng 3AC kèm 2USB-A và 2USB-C sạc nhanh PD (max PD 65W) - Energizer EPB3250W00EU
Nha Cua Doi Song,"Hộp đựng thực phẩm LocknLock LST511 nhiều size, Hàng chính hãng, thép không gỉ, khóa cạnh chắc chắn - JoyMall"
Nha Cua Doi Song,[ Kèm hình thực tế - Miễn phí giao hàng và lắp đặt tại TP.HCM] Bàn ăn thông minh xếp gọn Ohaha có bánh xe - BA026
Nha Cua Doi Song,"Ga giường cotton kẻ sọc 3f LIDACO không kèm vỏ gối chuyên dùng khách sạn, homestay"
Nha Cua Doi Song,Bộ thau rổ Rose Elmich 23cm EL0270
Nha Cua Doi Song,"LƯỚI CHE NẮNG 80% CHE SÂN VƯỜN, BAN CÔNG - 230GSM - MÀU XANH GREEN"
Nha Cua Doi Song,"Bộ Ga Thun Lạnh 4 Món Ga Thun Hàn Quốc Đủ Kích Thước Ga Nệm 1m2, 1m6, 1m8 Chưa Gồm Chăn"
Nha Cua Doi Song,Bình nước nhựa Active Large Bottle LocknLock HAP941 - Dung tích 1.5L
Nha Cua Doi Song,Chảo Index IH LocknLock CAF2605 - Thân nhôm - Phủ chống dính - Đường kính 26cm - màu đen
Nha Cua Doi Song,"Chiếu Hạt Gỗ Pơ Mu kích thước 2,2mx2m - Chiếu gỗ Mian ( video , hình thật )"
Nha Cua Doi Song,Đèn Năng Lượng Mặt Trời 500W Solar Light
Nha Cua Doi Song,"Bóng đèn PHILIPS LED BULB đôi A60 - Công suất (7W, 9W, 11W)"
Nha Cua Doi Song,Nụ Đinh Hương loại 1 cho spell jar
Nha Cua Doi Song,"Thân máy  mài pin , 100% lõi đồng"
Nha Cua Doi Song,"Vỉ 4 Pin sạc AA AAA chuẩn 1.5V Beston Dung lượng cao đến 2200mWh sạc trực tiếp qua cổng USB type-C dùng cho micro, đồ chơi, đồng hồ, máy ảnh - hàng nhập khẩu"
Nha Cua Doi Song,Bình giữ nhiệt LocknLock Easy Outdoor Vacuum Bottle LHC1485 - Có nắp sử dụng được như cốc và dây đeo vai - 1.8L - Hàng chính hãng
Nha Cua Doi Song,Chảo chống dính Inox liền khối Elmich Trimax Cz EL3835 size
Nha Cua Doi Song,Combo 4 Khay Đá 144 Viên Tặng Kèm Xẻng Và Hộp Đựng Bằng Nhựa Cao Cấp - PaKaSa
Nha Cua Doi Song,"Combo 12 Hũ Thủy Tinh PEAFLO Làm Caramen, Sữa Chua, Đựng Gia Vị Đa Năng - Giao Ngẫu Nhiên"
Nha Cua Doi Song,"Chuông Điện dạng đĩa 8 inches, 97dB - 220V AC"
Nha Cua Doi Song,"làn đi chợ,rổ đựng quần áo,đồ nhà tắm đa năng phong cách Hàn quốc"
Nha Cua Doi Song,Ga Chống Thấm Cotton LIDACO Cao Cấp
Nha Cua Doi Song,"Ghế xếp thư giãn SUMIKA 179A - Khóa kim loại, khung thép tròn, tải trọng 200kg"
Nha Cua Doi Song,"Combo 6 cuộn Túi đựng rác gia đình, Bao đựng rác văn phòng tiện lợi 3 màu size tiểu 45x55cm"
Nha Cua Doi Song,"Cầu dao / Aptomat bảo vệ quá tải, ngắn mạch và chống giật Schneider RCBO Easy9 30mA"
Dien Thoai May Tinh Bang,"Điện Thoại Samsung Galaxy S25 FE (8/128GB), Concert Camera 50MP, Pin bền bỉ, Trợ thủ AI thông minh - Hàng chính hãng"
Dien Thoai May Tinh Bang,"Điện thoại Samsung Galaxy A26 5G (8/128GB), Mặt lưng kính, AI-Circle to Search, Camera HDR chụp đêm sáng rõ - Hàng chính hãng"
Dien Thoai May Tinh Bang,Điện Thoại Samsung Galaxy A36 5G - Hàng Chính Hãng
Dien Thoai May Tinh Bang,Điện thoại Samsung Galaxy A06 5G (4GB/64GB) - Hàng chính hãng
Do Choi Me Be,[Mẫu mới] Combo 2 Tã dán người lớn SunMate XA2 mới size XL-18+2 miếng
Do Choi Me Be,[Mẫu mới] Tã dán Unidry G3X Supreme sơ sinh Newborn mới - 40 miếng
Do Choi Me Be,[Mẫu mới] Combo 2 Tã dán người lớn SunMate XA2 mới size L-18+2 miếng
Do Choi Me Be,"Bộ Cờ Vua Nam Châm Cao Cấp Chính Hãng- Kích Thích Phát Triển Trí Não, Thể Thao Trí Tuệ,  3 Kích thước - MINIIN"
Do Choi Me Be,[Mẫu mới] Combo 2 Tã dán người lớn SunMate XA2 mới size M-18+2 miếng
Do Choi Me Be,Sữa bột CaloSure Gold – dinh dưỡng dành cho người cao tuổi 900G
Do Choi Me Be,Combo 2 Tã Dán Người Lớn SunMate XA2 mới size L-10 miếng
Do Choi Me Be,Sữa tắm gội cho bé Baby shampoo & body wash 250ml
Do Choi Me Be,Bộ Thẻ Bài Pokemon 50 Thẻ Sword Shield BATTLESTYLES ( Giao Mẫu Ngẫu Nhiên) Loại Cao cấp Siêu Ngầu
Do Choi Me Be,Đồ Chơi Ống Thí Nghiệm Series 3 - 3 Sinh Vật - MrBeast Lab 24782 (Mẫu Sản Phẩm Giao Ngẫu Nhiên)
Do Choi Me Be,Bộ Cờ Vua Nam Châm Gấp Gọn Cao Cấp - Hàng Chính Hãng
Do Choi Me Be,Tặng Thêm 2 Miếng Bên Trong - Tã Quần Trẻ Em Bobby Size XXXL 22 Miếng 20 Đến 35 Kg - Bỉm Quần Cho Bé Bobby Size Cực Đại XXXL22 | XXXL
Do Choi Me Be,Bàn cờ vua gỗ nam châm cao cấp - Bộ cờ vua nam châm 29cm - 34cm - 39cm bằng gỗ thông tự nhiên chính hãng D Danido
Do Choi Me Be,Dùng Kèm Tã Vải Tam Giác - Mẫu mới tặng thêm 6 Miếng- Miếng Lót Sơ Sinh Huggies NB1 108 miếng - Cho Bé Dưới 5kg - HSD luôn mới
Do Choi Me Be,Bộ Lồng Quay Lô Tô Bingo 90 Số LOẠI LỚN ( TẶNG MÓC KHÓA GỖ)
Do Choi Me Be,"Sữa bột Enfagrow A2 Neuropro 4 1.7kg giúp dễ tiêu hóa, hấp thu dành cho trẻ 3-6 tuổi"
Do Choi Me Be,Tấm lót chống thấm cho người già Longlife size 50x70cm
Do Choi Me Be,Sữa Bột Frisolac Gold 3 Hộp Giấy 2KG cho bé từ 1-2 tuổi
Do Choi Me Be,Sữa bột Enfagrow A+ Neuropro 4 830g với DHA giúp phát triển não bộ cho trẻ từ 2–6 tuổi
Do Choi Me Be,"Nước xông ngâm rửa phụ phu GSPA - Dứt điểm viêm phụ khoa dai dẳng, giảm đau, nhanh hết sản dịch, tăng co cơ tử cung, rẻ hóa và làm hồng vùng kín"
Do Choi Me Be,Tã Dán Siêu Cao Cấp Huggies Platinum Naturemade M64 (64 Miếng)
Do Choi Me Be,"Túi Trữ Sữa Unimom 210ml 60 Túi BPA Free, Hai Lớp Chắc Chắn, Khóa Zipper"
Do Choi Me Be,Thùng 48 Hộp Sữa Nước Abbott Similac 110ml cho trẻ từ 1 tuổi
Do Choi Me Be,Thùng 30 Chai Sữa Nước Abbott Glucerna Vani 220ml
Do Choi Me Be,Đồ Chơi DUKA: Cờ Vua Có Nam Châm
Do Choi Me Be,Máy Phun Nước Đồ Chơi Chạy Pin MK401 - Hàng chính hãng
Do Choi Me Be,Miếng lót thấm sữa Moony (108 miếng/hộp) - Nhập khẩu từ Nhật Bản
Do Choi Me Be,Bộ Thẻ Zigzag Lalala Baby Kích Thích Thị Giác Trí Não Cho Trẻ Sơ Sinh (0-12 Tháng)
Do Choi Me Be,Combo 3 Bảng Chữ Cái Tiếng Việt Và Số Bằng Gỗ Cao Cấp Cho Bé - Đồ Chơi Trẻ Em HT SYS
Do Choi Me Be,"Cờ vua D Danido, bộ cờ vua nam châm bằng gỗ thông tự nhiên - Hàng chính hãng"
Do Choi Me Be,Tập tô vẽ thông minh xóa được - đồ chơi giáo dục toàn diện Montessori cho bé
Do Choi Me Be,LEGO Technic 42147 Xe Tải Công Trình (177 Chi Tiết)
Do Choi Me Be,Đồ Chơi Duka Robot Biến Hình - Siêu Máy Công Trình DK81134
Do Choi Me Be,"Khóa Tủ An Toàn Cho Bé Xoay 360 Độ, Khóa Tủ Lạnh, Bếp, Hộc Bàn Chống Kẹt - Chính Hãng NAVIVU"
Do Choi Me Be,Khăn Sữa 4 Lớp Unmei Xuất Nhật Bịch 10 cái 25x25cm 100% Cotton mềm mại thấm hút tốt
Do Choi Me Be,"Túi nhai ăn dặm, chống hóc cho bé Haakaa. Chất liệu silicone cao cấp, an toàn. Không chứa BPA, PVC và phthalate"
Do Choi Me Be,Nước giặt Dnee 3000ml xanh/hồng/trắng - Thái Lan
Do Choi Me Be,Quả bồ kết khô Song An Eco xông nhà diệt khuẩn
Do Choi Me Be,"Sữa bột Enfamil A2 Neuropro 1 350g giúp dễ tiêu hóa, hấp thu cho trẻ từ 0 - 6 tháng tuổi"
Do Choi Me Be,Hộp 50 túi đựng sữa Sunmum 250ml kèm 5 zipper 18x23cm
Do Choi Me Be,TRÒ CHƠI RUBIK  3*3*3 
Do Choi Me Be,Bộ tranh xếp hình 330 mảnh – Cậu Bé Rừng Xanh (30x44cm)
Do Choi Me Be,Bàn cờ vua gỗ cao cấp
Do Choi Me Be,Túi Trữ Sữa Compact Loại UM870367 210ml (20 Túi/Hộp) 
Do Choi Me Be,Sữa bột Optimum Gold 1 400g (cho trẻ từ 0 - 6 tháng tuổi)
Do Choi Me Be,"Kem nghệ tươi dưỡng da trắng mịn, sạch sạm nám Wonmom 50g"
Do Choi Me Be,Thực phẩm dinh dưỡng y học: Ensure Gold hương vani ít ngọt 850g
Do Choi Me Be,Sữa Bột Abbott Grow Gold 6+cho trẻ từ 6 tuổi trở lên (900g)
Do Choi Me Be,Gấu bông chó Shiba cosplay hình thú các loại siêu dễ thương cute (23cm--->50cm)  hàng xịn cao cấp an toàn cho người sử dụng
Do Choi Me Be,BÀN CHẢI RĂNG MỀM CHO EM BÉ TỪ 1-6 TUỔI KUKU - KU1127/KU1129
Do Choi Me Be,"Combo 6 gói Tã/Bỉm Quần Người Lớn, Người Già Peppy Siêu Mỏng, Siêu Thấm, Mềm Mại, Kháng Khuẩn Size M8/L7/XL7"
Do Choi Me Be,Xe Trượt Scooter Cao Cấp 3 Bánh Phát Sáng Mẫu Mới 2024 - Hàng chính hãng
Do Choi Me Be,Bộ đồ chơi rút gỗ mini 54 thanh - Hàng chính hãng
Do Choi Me Be,Balo Bỉm Sữa Giữ Nhiệt Sành Điệu Cho Mẹ Và Bé
Do Choi Me Be,Đồ Chơi Nhà Bếp Nấu Ăn 32 Món Đồ Chơi Giáo Dục Phát Triển Kỹ năng Cho Trẻ Em
Do Choi Me Be,Đồ Chơi Lắp Ráp 3D STEM Bằng Gỗ - Hydraulic Lifting Plantform - Thiết Bị Nâng Thủy Lực - Chuang Huang CH2042
Do Choi Me Be,Bộ Chạm Nhảy Tăng Chiều Cao (Có 2 mẫu Tiếng Anh và Tiếng Việt) - Hàng Chính Hãng
Do Choi Me Be,Ghế ngồi ô tô oto cho em bé 1 2 3 4 5 tuổi an toàn trên xe hơi MySun
Do Choi Me Be,"Bệ Thu Nhỏ Bồn Cầu, Bệ Tập Ngồi Toilet Cho Bé Đi Vệ Sinh Có Đệm Lót Chống Lạnh Mông Cho Trẻ Từ 2-6 Tuổi Tập Đi Vệ Sinh Tự Lập Có Tay Cầm Chống Lật"
Do Choi Me Be,Cờ Cá Ngựa Nam Châm Sato 103 Mẫu 2
Do Choi Me Be,"Combo 6 Gói Tấm Lót Sunmate 20 Miếng (45*70cm) - Đệm lót người lớn, người già"
Do Choi Me Be,"Đồ chơi gỗ thông minh phát triển trí tuệ cho bé, Combo 6 món đồ chơicho bé giáo cụ montessori"
Do Choi Me Be,Bộ Đồ Chơi Khảo Cổ Truy Tìm Xương Khủng Long Bạo Chúa Deli - Đồ Chơi Giáo Dục Kích Thích Trí Tìm Tòi Sáng Tạo Của Trẻ - 74349 52
Do Choi Me Be,Đồ Chơi Duka: Xe Vệ Sinh Môi Trường Điều Khiển Từ Xa DK81091
Do Choi Me Be,"Bộ cờ vây nam châm chất lượng cao 28x28 và 37x37cm, Có hộp đựng là bàn cờ vây - Chính Hãng D Danido"
Do Choi Me Be,Mỳ Mug Nissin Cao Cấp Ăn Liền Cho Bé
Do Choi Me Be,"Thanh chắn cửa, chắn cầu thang Umoo, an toàn cho bé (kích thước từ 76-200cm)"
Do Choi Me Be,"[2 Chai] Sữa Tắm Gội Wesser 2in1 Hàn Quốc, Sữa tắm cho bé không cay mắt (2 chai x 500ml) tặng 1 khăn Sữa Unmei Sợi Tre 6 Lớp"
Do Choi Me Be,05 bộ tranh xếp hình 20 mảnh size 17x17cm – đồ chơi trí tuệ cho bé từ 2 tuổi – Combo Động vật dễ thương 3
Do Choi Me Be,Đồ Chơi Xếp Hình - Ghép Hình Sáng Tạo Khối Nhỏ Duka DK81018 Gồm 450 Chi Tiết
Do Choi Me Be,Mẫu mới 2020 Bình sữa Wesser PPSU cao cấp cổ hẹp cổ rộng các cỡ
Do Choi Me Be,Combo 2 lon Sữa Morinaga số 2 (Chilmil) 320g (6 - 36 tháng)
Do Choi Me Be,"Bộ tranh xếp hình cao cấp 1000 mảnh ghép – Núi Phú Sĩ, Nhật Bản (50x79cm)"
Do Choi Me Be,Bộ tranh xếp hình cao cấp 1000 mảnh ghép – Mã Đáo Thành Công (50x79cm)
Do Choi Me Be,Bộ tranh xếp hình cao cấp 1000 mảnh ghép – Chiều Bình Yên
Do Choi Me Be,Bộ Cờ Vua Mini Hít Nam Châm Phát Triển Tư Duy Cho Bé Thỏa sức Sáng Tạo Kèm Quân Cờ - Hàng nhập khẩu
Do Choi Me Be,Combo 4 gói Khăn giấy ướt cho trẻ sơ sinh HUGGIES (Gói 72 tờ) - Chiết xuất Cao cao & Bơ hạt mỡ
Do Choi Me Be,Tã Quần Moony Natural Bông Organic M46 (46 Miếng)
Do Choi Me Be,Nước Giặt Quần Áo Cho Bé D-nee - Chai 960ml (Xanh)
Do Choi Me Be,Dầu Tràm Đặc Biệt Cung Đình (50ml)
Thiet Bi Kts Phu Kien So,"Bạc - Giá đỡ Aluminum đa năng cho máy tính bảng điện thoại hiệu HOTCASE Dual Foldable Stand Holder hợp kim nhôm (thiết kế gọn nhẹ, tính di động cao, phù hợp nhiều dòng máy từ 3.5 inch trở lên) - Hàng nhập khẩu"
Thiet Bi Kts Phu Kien So,Thẻ nhớ 8GB 16GB 32GB 64GB 128GB 256GB 512GB tốc độ cao hỗ trợ thẻ TF Cho CCTV / Camera / Điện Thoại / Thẻ SD - miếng lót chuột
Thiet Bi Kts Phu Kien So,Chuột máy tính Logitech B100 (Đen) - Hàng Chính Hãng
Thiet Bi Kts Phu Kien So,Pin sạc di động 10000mAh Mi Power Bank 3 Ultra Compact | 2*USB-A / 1*USB-C Upto 22.5W | BHR4412GL | Bảo hành 6 tháng | Hàng Chính Hãng
Thiet Bi Kts Phu Kien So,"Thẻ nhớ MicroSD Lexar 32/64/128 GB Class 10, U1, V10, A1 633X Tốc Độ 100mb/s - Hàng Chính Hãng"
Thiet Bi Kts Phu Kien So,Chuột máy tính có dây Dell MS116 Black - Hàng chính hãng FPT phân phối
Thiet Bi Kts Phu Kien So,Bao da dạng ví dành cho SamSung Galaxy S22/ S22 Plus/ S22 Ultra chính hãng Forwenw có ngăn đựng thẻ - Hàng chính hãng
Thiet Bi Kts Phu Kien So,"Ốp lưng trong suốt cho iPhone 12 Pro trang bị viền silicon chống sốc bảo vệ 720 độ Hiệu Rock Guard Pro (độ đàn hồi cao, chống trầy xước, chống ố vàng, tản nhiệt tốt) - Hàng nhập khẩu"
Thiet Bi Kts Phu Kien So,Bao da 360 độ Dada dành cho iPad mini 4/ 5 - Hàng chính hãng
Thiet Bi Kts Phu Kien So,"Ốp lưng da cho iPhone 6, 6s, 6 Plus, 6s Plus, iPhone 7, 7 Plus, iPhone 8 , 8 Plus hãng X-level cao cấp viền mềm chống sốc - Hàng chính hãng"
Thiet Bi Kts Phu Kien So,"Ốp lưng nhám chống sốc cho iPhone 15 Pro Max, 15 Pro, 15 Plus, iP 15 hiệu Likgus Fosted Transparent chống bẩn và vân tay - Hàng nhập khẩu"
Thiet Bi Kts Phu Kien So,Dây Đồng Hồ Dành Cho Apple Watch KAi.N Sport Magnetic- Hàng Chính Hãng
Thiet Bi Kts Phu Kien So,Cáp sạc thay thế Kai.N cho các dòng đồng hồ Garmin_ Hàng Chính Hãng
Thiet Bi Kts Phu Kien So,Miếng Dán Cường Lực MIPOW KINGBULL Trong Suốt Dành Cho iPhone 14 ProMax / 14 Pro / 14 Plus / 14 - Hàng Chính Hãng
Thiet Bi Kts Phu Kien So,"Ốp lưng silicon case chống sốc cho iPhone XS Max chống bám bẩn siêu mỏng mịn hiệu HOTCASE vật liệu cao cấp, dễ lau chùi - hàng nhập khẩu"
Thiet Bi Kts Phu Kien So,Cáp Sạc Nhanh Baseus Horizontal Data Cable - Dùng Cho iPhone iPad - Trang Bị Đèn Led - Công Nghệ Chống Đứt Gãy SR - Hàng Chính Hãng
Thiet Bi Kts Phu Kien So,Bao Case ESR Hybrid Protective Bounce Carrying Case dành cho AirPods 3 (2021) - Hàng Nhập Khẩu
Thiet Bi Kts Phu Kien So,"Cáp sạc nhanh Baseus Superior Series Type C 66W dùng cho Samsung, Huawei, Xiaomi, OPPO, Xiaomi,.. (6A/66W, 480Mbps, USB to Type-C, ABS+TPE, Fast Charging Data Cable )- Hàng chính hãng"
Thiet Bi Kts Phu Kien So,"Ốp Lưng trong suốt chống sốc chống ố màu hỗ trợ sạc không dây dành cho iPhone 13, iPhone 13 Pro, iPhone 13 Pro Max hiệu Likgus - Hàng nhập khẩu"
Thiet Bi Kts Phu Kien So,Bao da dành cho iPhone 13/ 13 Pro/ 13 Pro Max hàng chính hãng Nillkin QIN có nắp trượt bảo vệ camera - Hàng nhập khẩu
Thiet Bi Kts Phu Kien So,Bao da bò non dạng ví hãng Greencase dành cho iPhone X/Xs - Hàng nhập khẩu
Thiet Bi Kts Phu Kien So,Cáp âm thanh cao cấp 3M 2 đầu 3.5mm dương màu Đen Ugreen 10116 AV150 Hàng chính hãng
Thiet Bi Kts Phu Kien So,Nước tạo khói FLG 5 Antari ( 1 bình 5 lít) - Hàng chính hãng
Thiet Bi Kts Phu Kien So,Pin sạc Panasonic Eneloop AA 2550mah BK-3HCCE4BT3 (Vỉ 4 viên) (Đen) - Hàng chính hãng
Thiet Bi Kts Phu Kien So,Bao da iPad pro 10.5 (10.5 inch) kèm khay đựng bút chính hãng Mutural
Thiet Bi Kts Phu Kien So,Ốp lưng dẻo dành cho Samsung Galaxy S10 Plus hiệu Ultra Thin mỏng 0.6mm chống trầy - Hàng chính hãng
Thiet Bi Kts Phu Kien So,Chuột chơi game có dây PICTEK PC217 10000 DPI RGB 8 nút 5000FPS 100IPS cảm biến PMW3325
Thiet Bi Kts Phu Kien So,Chuột Có Dây Newmen G10 Màu Đen - Gaming- Hàng Chính Hãng
Thiet Bi Kts Phu Kien So,Kính cường lực Nillkin Amazing Guardian Chống Nhìn Trộm cho iPhone 15 / iPhone 15 Plus / iPhone 15 Pro / iPhone 15 Pro Max - Hàng Chính Hãng
Thiet Bi Kts Phu Kien So,Tai nghe Bluetooth Apple AirPods Pro 3 - MFHP4ZP/A
Thiet Bi Kts Phu Kien So,Bộ 3 Miếng Dán cường lực GOR cho Smartwatch Coros Pace 3/ Coros Pace Pro/ Coros Apex 2/ Apex 2 Pro - Hàng Chính Hãng
Thiet Bi Kts Phu Kien So,VIETMAP W20 - Thiết bị chuyển đổi CarPlay/ A.ndroid Auto không dây - Hàng chính hãng
Thiet Bi Kts Phu Kien So,"Ốp lưng chống sốc cho Samsung Galaxy A17 , A07 , A56 , A36 , A26 , A16 , A55 , A35 , A25 , A15 , A54 , A34 , A24 , A14 hiệu Xundd Fitted Armor Case trang bị túi khí bảo vệ góc, gờ bảo vệ camera - hàng nhập khẩu"
Thiet Bi Kts Phu Kien So,Bộ Loa Karaoke mini Bluetooth iCore ISM59 kèm 01 Micro - Hàng Chính Hãng
Thiet Bi Kts Phu Kien So,"Loa Máy Tính E1002 Dùng Cho Máy Tính Bàn, PC, Laptop, Âm Thanh 4D Chất Lượng Tốt - Hàng Chính Hãng"
Thiet Bi Kts Phu Kien So,"Ốp lưngdành cho Samsung Galaxy A02, A02s, A03, A03s, A03 Core, A04, A04E, dẻo trong chống sốc 4 góc cao cấp - Hàng chính hãng"
Thiet Bi Kts Phu Kien So,Combo chuột phím có dây Logitech MK120 - Hàng chính hãng 
Thiet Bi Kts Phu Kien So,Bình xịt khí nén BLUE vệ sinh làm sạch khử bụi chống tĩnh điện cho Macbook / Bàn Phím / Máy Tính / Máy Ảnh / Máy in / Bản Mạch / iPhone - Hàng Chính Hãng
Thiet Bi Kts Phu Kien So,Tai nghe bluetooth Rock Retro nghe nhạc liên tục 12h - Hàng chính hãng bảo hành 1 năm
Thiet Bi Kts Phu Kien So,Razer Orochi V2 Chuột chơi game không dây di động với thời lượng pin lên tới 950 giờ Hàng nhập khẩu
Thiet Bi Kts Phu Kien So,"Set 5 Cút Nối Dây Điện KV774 / PCT, Kẹp Nối Dây Điện Nhanh"
Thiet Bi Kts Phu Kien So,Tai nghe có dây Sony MDR-EX155AP - Hàng chính hãng
Thiet Bi Kts Phu Kien So,Dây Cáp Nối Dài Âm Thanh 2 Đầu Đực 3.5mm Dài 1.2M CHOETECH AUX002 - Hàng Chính Hãng
Thiet Bi Kts Phu Kien So,"Kính Cường Lực KingKong Chống Nhìn Trộm Dành Cho iPhone 12Mini, 12-12Pro, 12Pro Max - Dán Full Màn - Hàng chính hãng"
Thiet Bi Kts Phu Kien So,Bàn Phím Không Dây Bluetooth Logitech K580 - Hàng Chính Hãng
Thiet Bi Kts Phu Kien So,"Ốp Lưng TPU Dẻo Viền Vuông Giả iPhone 12 Dành Cho iPhone 6,7,6 Plus,7Plus,X,Xr,Xs Max,11,11 Pro, 11 Pro Max- Hàng Chính Hãng"
Thiet Bi Kts Phu Kien So,Bộ Sạc MagSafe 25W
Thiet Bi Kts Phu Kien So,Cáp sạc USB ra đầu mini usb mạ vàng 24k dài 0.25M UGREEN USB10353Us132 Hàng chính hãng
Thiet Bi Kts Phu Kien So,Ốp lưng chống sốc cao cấp Xundd cho các dòng iPhone 7 Plus / 8 Plus - X/XS - XR - XS Max - 11 - 11 Pro - 11 Pro Max Trong suốt
Thiet Bi Kts Phu Kien So,Củ Sạc Điện Thoại Hoco C39 + Tặng kèm 01 Cáp Sạc Điện Thoại IPhone - HÀng Chính Hãng
Thiet Bi Kts Phu Kien So,Bao da chống sốc cho Surface Pro cao cấp
Thiet Bi Kts Phu Kien So,Bộ Chuyển Đổi Ugreen HDMI Sang VGA Audio Cáp Tròn Có Nguồn Phụ 40253 - Hàng Chính Hãng
Thiet Bi Kts Phu Kien So,Hub 4 Cổng USB 3.0 Ugreen 20290 0.5m - Hàng chính hãng
Thiet Bi Kts Phu Kien So,Dây cáp sạc nhanh Ugreen USB C to C - Hàng chính hãng
Thiet Bi Kts Phu Kien So,"Đầu Chuyển Đổi USB 3.0 Sang USB Type C , Đầu Chuyển USB Type A Sang USB Type C , Đầu Đổi USB A Dương Sang USB Type C - Hàng Nhập Khẩu - Giao Màu Ngẫu Nhiên"
Thiet Bi Kts Phu Kien So,Combo Củ Sạc Nhanh 1C+1A Kèm Cáp C to C ANKER B2348 20W- Hàng Chính Hãng
Thiet Bi Kts Phu Kien So,Giá đỡ tản nhiệt laptop mini eXtreme GL1201 nâng cao laptop với 2 mức độ cao - Hàng chính hãng
Thiet Bi Kts Phu Kien So,Bộ Sạc Nhanh Cho Iphone PD20W Hoco C80/C80A/C109 2 cổng Usb và Type-C kèm dây sạc Type-C sang iPhone 1M Sạc 0-50% Pin trong 30 phút - Hàng chính hãng
Thiet Bi Kts Phu Kien So,"Sạc dự phòng 50.000mAh trong suốt, có sạc nhanh PD 120W, kèm 4 cáp sạc, tích hợp đèn ngủ - FTAKY Hàng Nhập Khẩu"
Thiet Bi Kts Phu Kien So,Pin Sạc Dự Phòng 50000mah Tặng cáp sạc nhanh PD 22.5w Trong Suốt Có đồng hồ Hiển Thị Thông Số Sạc Hàng Nhập Khẩu
Thiet Bi Kts Phu Kien So,Sò Lạnh Quạt Tản Nhiệt Điện Thoại Chính Hãng GM10/GM26 thế hệ mới làm lạnh siêu nhanh chơi game siêu mượt giúp tăng FPS - Bảo Hành 12 Tháng - Hàng Chính Hãng
Thiet Bi Kts Phu Kien So,Loa Bluetooth Sony ULT FIELD 1 - Hàng Chính Hãng
Thiet Bi Kts Phu Kien So,Lót Chuột Tròn Có Kê Tay Chống Chai Họa Tiết Dễ Thương 18 x 23 cm PaKaSa - Hàng chính hãng
Thiet Bi Kts Phu Kien So,Tai nghe stereo có mic earbud RiBi OnePlus T-068 - Hàng chính hãng
Thiet Bi Kts Phu Kien So,"Bộ bàn phím và chuột không dây Bluetooth có LED RGB thích hợp cho máy tính bảng iPad,  điện thoại di động - hàng chính hãng"
Thiet Bi Kts Phu Kien So,"Bao da TPU cho iPad 10.2-inch Gen 7, Gen 8, Gen 9 Smart Case có khay đựng bút pencil – Hàng chính hãng"
Thiet Bi Kts Phu Kien So,"Giá Đỡ Ipad Hợp Kim Nhôm Để Bàn Xoay 360 Độ Cho Điện Thoại, Máy Tính Bảng L01 - Hàng chính hãng"
Thiet Bi Kts Phu Kien So,Dây Sạc Siêu Nhanh Type C to Type C PD 60W X89 dây dù siêu bền chống đứt chống rối dài 1m hỗ trợ truyền dữ liệu - Hàng Chính hãng
Thiet Bi Kts Phu Kien So,"Thẻ nhớ Micro SD SanDisk Ultra 256Gb-128G UHS-I - 100MB/s Class 10, Thẻ nhớ camera, Thẻ nhớ điện thoại - hàng chính hãng"
Thiet Bi Kts Phu Kien So,Chuột không dây Bluetooth Logitech M240 Silent - Hàng chính hãng
Thiet Bi Kts Phu Kien So,Tai nghe bluetooth Sony WH-CH520/BZ E (Pin 35h) - Hàng chính hãng
Thiet Bi Kts Phu Kien So,Thẻ Nhớ microSD SanDisk Ultra 128/64/32GB UHS-I - 100MB/s New  - Hàng chính hãng
Thiet Bi Kts Phu Kien So,Ốp Lưng dành cho iPhone 14 / 14 Plus / 14 Pro / 14 ProMax Nillkin S.Frosted Shield Pro- Hàng chính hãng
Thiet Bi Kts Phu Kien So,Thẻ Nhớ Micro SDXC SanDisk UHS-1 128GB Class 10 100MB/s - Hàng Chính Hãng
Thiet Bi Kts Phu Kien So,"Chuột không dây bluetooth Logitech Signature M650 - Dành cho tay có kích cỡ từ nhỏ tới trung bình, Cuộn SmartWheel, giảm ồn, các nút bên có thể tùy chỉnh - Hàng chính hãng"
Thiet Bi Kts Phu Kien So,Tấm che màn hình laptop chống nhìn trộm Privacy Filter- Hàng nhập khẩu
Thiet Bi Kts Phu Kien So,"Baseus USB 3.1 OTG Bộ chuyển đổi USB C Male sang USB A Female Bộ chuyển đổi 10Gbps Đồng bộ hóa dữ liệu cho Macbook Samsung Xiaomi Oppo, v.v. - Hàng chính Hãng"
Thiet Bi Kts Phu Kien So,Chuột Không Dây Wireless ZADEZ M331 - Hàng Chính Hãng
Thiet Bi Kts Phu Kien So,"Dây Cáp Type C To HDMI 4K 60Hz Dài 1.8M, Dây Nylon Dù Thunderbolt 3 CHOETECH CH0021 - Hàng Chính Hãng"
Thiet Bi Kts Phu Kien So,Giá Đỡ Tản Nhiệt Laptop/ Máy tính bảng/ Ipad để bàn chất liệu hợp kim nhôm loại cao cấp nhất (Giao màu ngẫu nhiên) - Hàng Chính Hãng 
Thiet Bi Kts Phu Kien So,"Combo Củ Sạc Nhanh Type-C PPS 25W RAVPower RP-PC156-W và Cáp Type-C To C 60W Dài 1M RP-CB047-W Dành Cho Điện Thoại Android, Cho Samsung, Cho Vivo, Cho Oppo, Cho Xiaomi Và Máy Tính Bảng - Hàng Chính Hãng"
Thiet Bi Kts Phu Kien So,Tai nghe nhét tai có kèm mic jack 3.5mm Olaple - hàng nhập khẩu
Thiet Bi Kts Phu Kien So,"Remote Quạt Senko Điều Khiển (Tất Cả Các Loại như TR1683, DR1608, TR1628, DH1600) Hàng Chính Hãng"
Thiet Bi Kts Phu Kien So,"Tai Nghe Bluetooth Không Dây Lanith 5.0 TWS F9 - Tai Nghe Airpord Cao Cấp - Tai Nghe Bluetooth Nhét Tai Kiểu Dáng Độc Đáo, Nhỏ Gọn - Âm Thanh Mềm Mượt, Thoải Mái, Không Làm Nhức Tai - Hàng Nhập Khẩu - TAI000F9B"
Thiet Bi Kts Phu Kien So,"Adapter Củ Sạc CHOETECH PD5005 PD 20W Chuyên Sạc Nhanh iPhone, iPad - Hàng Chính Hãng"
Thiet Bi Kts Phu Kien So,Dây Cáp Sạc Nhanh USB Type-C Xiaomi 1m Cho Android - SJV4109GL - Hàng Chính Hãng
Thiet Bi Kts Phu Kien So,Đầu chuyển usb type-C ra USB 3.0 chính hãng Ugreen 50283
Thiet Bi Kts Phu Kien So,Bút laser trình chiếu Slide VSON N35 - Hàng nhập khẩu
Thiet Bi Kts Phu Kien So,"Cáp nối USB 1 đầu đực, 1 đầu cái  3.0, mạ vàng Ugreen 10368"
Thiet Bi Kts Phu Kien So,Pin Sạc Dự Phòng Anker PowerCore 20100mAh - A1271
Dien Gia Dung,Ấm Đun Siêu Tốc LocknLock EJK418SLV - Hàng Chính Hãng
Dien Gia Dung,Tông đơ cắt tóc đa chức năng Xiaomi Enchen Beardo2 chất liệu thép không gỉ nhiều cữ linh hoạt - Hàng nhập khẩu
Dien Gia Dung,Tông đơ cắt tóc đa chức năng Enchen Beardo2 chất liệu thép không gỉ nhiều cữ linh hoạt - Hàng chính hãng
Dien Gia Dung,Bếp từ đôi Elmich ICE-3495OL - Hàng chính hãng
Dien Gia Dung,Quạt năng lượng mặt trời 12v JD-T919 hàng nhập khẩu chính hãng
Dien Gia Dung,"Máy Uốn Tóc, Máy Ép Tóc, Duỗi Tóc Đa Năng Kiểu Hàn Quốc DAMAS DH6120 - Thiết kế với 4 mức nhiệt tùy chỉnh phù hợp với nhiều loại tóc khác nhau giúp duỗi thẳng, làm xoăn tóc chuẩn Salon ngay tại nhà mà không cần phải ra cửa tiệm - Hàng Chính Hãng"
Dien Gia Dung,Quạt tích điện cầm tay USB Tiross TS3422  - Hàng chính hãng
Dien Gia Dung,Nồi lẩu hấp điện 3 tầng 4L Elmich STE0299 1650W - Hàng chính hãng
Dien Gia Dung,"Nồi Điện Mini 2 Đa Chức Năng Kèm Lồng Hấp, Ca Mỳ Tay Cầm Nồi Bí Ngô 2 Tầng Nấu Cơm, Chiên, Xào, Rán Tiện Lợi - Hàng Chính Hãng MINIIN"
Dien Gia Dung,Nồi Cơm Điện Kangaroo KG822 (1.2L) - Hàng chính hãng
Dien Gia Dung,"Nồi cơm điện cao tần Kangaroo model KG18RIH2, dung tích 1.8L, công suất 1300W, công nghệ gia nhiệt IH, cho nhiệt tỏa đều, nhanh  - Hàng chính hãng"
Dien Gia Dung,Đèn Sưởi Nhà Tắm Klopper 01 (2 Bóng) - Hàng Chính Hãng
Dien Gia Dung,"Ấm siêu tốc mini Bennix 2 lớp cao cấp 0.6L, sôi nhanh, an toàn, bảo hành 24 tháng Hàng chính hãng"
Dien Gia Dung,MÁY HÚT ẨM KOSMEN KM-12N - Hàng Chính Hãng
Dien Gia Dung,"Máy đánh bọt cafe cầm tay Lebenlang LBL4583, sạc điện nhỏ gọn tiện lợi, công suất 10W,bảo hành 2 năm - hàng chính hãng"
Dien Gia Dung,NỒI ÁP SUẤT ĐIỆN SEOUL TSU-300A Hàng chính hãng
Dien Gia Dung,"Nồi điện đa năng LocknLock 1.5L EJP436IVY Electric Multi Pot -  Hàng chính hãng, chống dính có tay cầm - JoyMall"
Dien Gia Dung,Ấm sắc thuốc Trường An TA 36 Vàng - Hàng chính hãng - Gốm sứ cao cấp - Điện gia dụng - Siêu thuốc
Dien Gia Dung,"Bộ van chia nước đầu vào, khóa cấp nước ren ngoài 21 (1/2'') ra dây 10 (3/8’’) hoặc dây 6 (1/4’’) - nhựa || Hàng chính hãng"
Dien Gia Dung,"Máy Lọc Không Khí Sharp FP-J30E-A/B/P diệt khuẩn, khử mùi, diện tích lọc 23m2- Hàng chính hãng"
Dien Gia Dung,Quạt lỡ Senko L1638 Xám Đồng - Hàng Chính Hãng
Dien Gia Dung,Quạt đảo trần Panasonic F-409QGO/ F-409QB (Nhập khẩu)
Dien Gia Dung,Tông đơ cắt tóc Xiaomi Enchen Boost - Enchen Boost Hair Clipper - Hàng Nhập Khẩu
Dien Gia Dung,Quạt Lỡ Sắt Senko LS1630 - Màu Ngẫu Nhiên - Hàng Chính Hãng
Dien Gia Dung,Bàn ủi hơi nước Philips GC1756 (2000W) - Hàng chính hãng
Dien Gia Dung,"Nồi cơm điện cao tần Sharp KS-IH191V 1.8L, hàng chính hãng (Giao màu ngẫu nhiên)"
Dien Gia Dung,Bàn ủi hơi nước du lịch mini BlueStone SIB-3819 (1200W) - Hàng Chính Hãng
Dien Gia Dung,Nồi Cơm Điện Nắp Gài Sharp KS-R231STVSS (2.2L) - Hàng chính hãng
Dien Gia Dung,Máy Xay Cầm Tay Panasonic PASO-MX-GS1WRA - Hàng chính hãng
Dien Gia Dung,Máy Sấy Quần Áo TIROSS TS880 (900W) - Hàng Chính Hãng
Dien Gia Dung,"Máy Xay Mini Mishio MK389 - Dung Tích 0.8L, Xay Đồ Ăn Dặm, Gia Vị, Đồ Khô, Công Suất 250W Mạnh Mẽ - Hàng chính hãng"
Dien Gia Dung,Máy ép chậm trái cây nguyên quả Hàng chính hãng
Dien Gia Dung,"MÁY HÚT CHÂN KHÔNG KÈM HÀN MIỆNG TÚI, TẶNG KÈM 10 TÚI HÚT, AN TOÀN KHI SỬ DỤNG HÀNG CHÍNH HÃNG"
Dien Gia Dung,"Bếp từ đơn Midea MIC 221 2200W mặt kính pha lê sang trọng, công nghệ từ trường 3D, mâm nhiệt lớn làm nóng trong 5s, cảm ứng hiện đại, có hẹn giờ, tự ngắt khi bỏ nồi, bảo vệ quá nhiệt (TẶNG NỒI LẨU) - Hàng chính hãng"
Dien Gia Dung,Nồi hấp 12 lít Bear SB-NH12L - Hàng Chính Hãng
Dien Gia Dung,Máy Sấy Tóc Panasonic EH-ND11-W645 (Trắng) - Công suất 1000W - Bảo Hành 12 Tháng - Hàng Chính Hãng
Dien Gia Dung,"Đèn Khò Gas NaMilux TS1922RF/NH-T2922RF - Sử Dụng Mọi Tư Thế 360° - Đánh Lửa Tự Động -Công Suất 1,800W - Hàng Chính Hãng"
Dien Gia Dung,Nồi Cơm Điện Tử Bear 3L Lòng Nồi 5 Lớp Đa Năng Nấu Cơm Nấu Cháo Hầm Hấp Hâm Nóng Hẹn Giờ Lên Đến 12 Tiếng SB-NC30A - HÀNG CHÍNH HÃNG
Dien Gia Dung,"Nồi Chiên Không Dầu 8L , Nướng Gà Cả Con - Bếp  Nướng Công Nghệ Mới Nhất - Hàng Loại 1 - Hàng Chính Hãng MINIIN"
Dien Gia Dung,Quạt trần 3 cánh Panasonic F‑60MZ2-KMS / F‑60MZ2-KS / F‑60MZ2-K / F‑60MZ2-KL - Hàng chính hãng
Dien Gia Dung,"Tông Đơ Cắt Tóc Damas DH-6820 – Thiết Kế Đa Năng Chống Nước Tuyệt Đối Nhỏ Gọn, An Toàn –  Tặng Kèm Bộ Đồ Chuyên Dụng Chuẩn Salon – Hàng Chính Hãng"
Dien Gia Dung,Nồi Áp Suất Điện Tử Đa Năng Philips HD2151/66 (5 Lít) - Hàng Chính Hãng
Dien Gia Dung,Máy Xay Đồ Ăn Dặm Cho Bé 6 Lưỡi Cối Thuỷ Tinh Hàng Nội Địa Trung Bản Cao Cấp Siêu Mịn Tiện Dụng - Tặng Kèm Dụng Cụ Rửa Máy-Hàng Chính Hãng
Dien Gia Dung,Quạt bàn Senko B1213 - Hàng chính hãng
Dien Gia Dung,Bộ lõi máy lọc nước KAROFI Smax hiệu suất cao HP 6.2 - Hàng chính hãng
Dien Gia Dung,Quạt Bàn Đảo 3 Tấc Senko BD1012 cao cấp - Màu Ngẫu Nhiên - Hàng chính hãng
Dien Gia Dung,Máy hút bụi cầm tay không dây Xiaomi Deerma VC20 Plus [Bản quốc tế] - Hàng chính hãng
Dien Gia Dung,Quạt Treo 2 dây Asia Vina L16018 - Hàng Chính Hãng
Dien Gia Dung,Ấm sắc thuốc Trường An TA59 Ngọc - Gốm sứ cao cấp - Hàng chính hãng
Dien Gia Dung,Quạt Bàn Đảo 3 Tấc Senko BD1010 - Màu Ngẫu Nhiên - Hàng chính hãng
Dien Gia Dung,Máy Cạo Râu Xiaomi Enchen BlackStone 3 - Hàng Nhập Khẩu
Dien Gia Dung,Combo 7 lõi lọc nước dành cho máy lọc  Karofi 7 cấp ( Lõi 123+RO+Mineral+Gac T33+Nanosilver) ( Hàng chính hãng)
Dien Gia Dung,Máy Xay Cà Phê KAHCHAN CG9100 - Hàng Nhập Khẩu
Dien Gia Dung,Lõi lọc nước số 1 Kangaroo thay thế cho các loại máy lọc RO - Hàng chính hãng
Dien Gia Dung,Bàn Là Khô Bluestone DIB-3726 (1300W) - Hàng Chính Hãng
Dien Gia Dung,Máy Hút Mùi Bếp Âm Tủ 7 Tấc KAFF KF-TL70H - Hàng Chính Hãng
Dien Gia Dung,Máy Lọc Nước Kangaroo KG10A3 VTU - Hàng Chính Hãng
Dien Gia Dung,Siêu sắc thuốc điện Trường Thọ Bát Tiên Rồng Xanh BA2086V (3.2 Lít) - Hàng Chính Hãng
Dien Gia Dung,Quạt Hút Thông Gió Âm Trần Senko HT250 (40W) - Hàng Chính Hãng
Dien Gia Dung,Quạt Lửng KDK N30NH(GD) - Vàng - Hàng chính hãng
Dien Gia Dung,Bàn ủi khô Tefal FS3120L0 - Hàng chính hãng
Dien Gia Dung,"Máy cạo râu Enchen Mini X {New 2025} 15 lưỡi dao tự mài, đầu cạo 3D kháng nước toàn thân pin trâu - Hàng chính hãng"
Dien Gia Dung,"MÁY XAY CAFE, XAY BỘT MINI CẦM TAY CAO CẤP - Hàng chính hãng (Giao màu ngẫu nhiên)"
Dien Gia Dung,Máy Xay Thịt Đa Năng Sunhouse SHD5412 - Hàng Chính Hãng
Dien Gia Dung,"Máy cạo râu Enchen Mini 6s, Cạo râu khô & ướt nút cảm ứng, Đầu cạo nổi 28 lưỡi dao kép tự mài - Hàng nhập khẩu"
Dien Gia Dung,"Tủ sấy quần áo khung inox 2 tầng có điều khiển từ xa, sấy quần áo nhanh khô có Bảo hành 12 tháng -  Hàng chính hãng"
Dien Gia Dung,"Nồi điện đa năng Bianco LocknLock EJP134IVY (5 lít), EJP124IVY (3 lít), Hàng Chính Hãng, Nấu nhanh, Phủ men sứ - JoyMall"
Dien Gia Dung,Máy Hút Bụi Không Dây Kachi Mk364 pin 3600mAh - Hàng chính hãng
Dien Gia Dung,"Nồi Hầm Cháo Chậm Lòng Sứ Cắm Điện 1,5L VÀ 2,5L , Nồi Hầm, Kho, Nấu Giữ Nhiệt Tốt, Siêu Tiện Dụng - HÀNG CHÍNH HÃNG MINIIN"
Dien Gia Dung,"Bộ 3 lõi lọc nước 123 hàng chính hãng Karofi với lõi số 2 OCB nhỏ cắm nhanh, dùng cho các dòng máy N-e. "
Dien Gia Dung,Máy sấy tóc Panasonic EH-NE66-K645 - Hàng chính hãng
Dien Gia Dung,"Quạt Mini Tích Điện Đeo Cổ Thời Trang Besti Y01, 3 Tốc Độ Gió Siêu Mát, Chạy Siêu Êm, Dung Lượng Pin 2000mAh, Phù Hợp Khi Chạy Bộ, Đi Du Lịch , Văn Phòng, Đi Chơi- Hàng Chính Hãng"
Dien Gia Dung,Máy sấy tóc Philips BHC010 - Hàng chính hãng
Dien Gia Dung,Nồi chiên không dầu Sharp KF-AF70EV-BK (7L) - Hàng Chính Hãng
Dien Gia Dung,Bàn là hơi nước cầm tay Lock&lock Handy Steamer ENI222WHT (Model New) - Hàng chính hãng
Dien Gia Dung,Máy sấy tóc Philips BHD500/00 - Hàng Chính Hãng
Dien Gia Dung,Nồi cơm điện tử Kangaroo 1.8 lít KG18DR6 - Hàng chính hãng
Dien Gia Dung,Tông đơ cắt tóc JICHEN  - Hàng chất lượng cao
Dien Gia Dung,"Combo 03 lõi lọc nước số 1 lõi lọc nước R.O, lọc thô 10 inch (Hàng chính hãng)"
Dien Gia Dung,Máy Vắt Cam Lock&Lock EJJ236 (700ml) - Hàng chính hãng
Dien Gia Dung,Máy Cạo Râu Panasonic ES534DP527 - Hàng Chính Hãng
Dien Gia Dung,"Bộ 3 túi đựng bụi MODEL 19-3100N dùng cho máy hút bụi STANLEY SL19117, SL19116, SL19116P- Hàng chính hãng"
Dien Gia Dung,Bàn là hơi nước Panasonic NI-M250TPRA - Hàng chính hãng
Dien Gia Dung,Máy Sấy Tóc Sunhouse SHD2306 - Đen
Dien Gia Dung,Quạt Treo Tường Lifan TE1688 - Xám Trắng - Hàng chính hãng
Dien Gia Dung,Quạt Trần Panasonic F-56MZG-S – Bạc - Hàng chính hãng
Lam Dep Suc Khoe,Phấn Phủ Siêu Mịn Kiểm Soát Dầu Nhờn Catalina Geo Pact 22g
Lam Dep Suc Khoe,Kem Dưỡng Ẩm Da Tay Chiết Xuất Dầu Ngựa Và Ý Dĩ Hatomugi Hand Cream (Tuýp 60 G)
Lam Dep Suc Khoe,Dầu Gội Vichy Giảm Tình Trạng Bong Tróc Cho Da Đầu Gàu Và Ngứa Dercos PSOlution Keratoreducing Treatment Shampoo 200ml
Lam Dep Suc Khoe,Dầu gội Phục hồi & Ngăn gãy rụng Tsubaki 450ml (Mới)
Lam Dep Suc Khoe,Dầu Gội Xả Hữu Cơ Gừng Sả - Cải thiện dầu bết tóc và gàu ngứa 500g
Lam Dep Suc Khoe,"Bút Chì Sáp Kẻ Lông Mày Lõi Sáp Chống Trôi Kissme Heavy Rotation Eyebrow Pencil 0,09 G"
Lam Dep Suc Khoe,Cân Điện Tử Sức Khoẻ Thông Minh Mặt Vuông Kính Cường Lực Chịu Lực 180Kg Deli - Phù Hợp Gia Đình Trường Học -  Nhiều Màu Sắc - Hàng Chính Hãng - E86120
Lam Dep Suc Khoe,Combo Co Búi Trĩ Trimax Dân Khang (1 Viên Uống Và 1 Gel) Giảm Đau Rát Ngừa Trĩ Tái Phát
Lam Dep Suc Khoe,[Hộp 30 Viên] Viên Uống Hồng Sâm Hàn Quốc 6 Năm Tuổi SHINSAM Korean Red Ginseng - SHINPOONG PHARMA
Lam Dep Suc Khoe,"Tăm nước cầm tay H2ofloss HF-10, phiên bản tăm nước mini nhỏ gọn chỉ 14.5 cm dành cho người di chuyển nhiều"
Lam Dep Suc Khoe,Kem Nhuộm Dưỡng Tóc Phủ Bạc L'Oreal Paris Excellence Crème
Lam Dep Suc Khoe,Set 2 gói băng vệ sinh LAURIER có cánh 20.5cm x 40 miếng
Lam Dep Suc Khoe,Set 2 gói băng vệ sinh LAURIER không cánh 20.5cm x 56 miếng (MẪU MỚI)
Lam Dep Suc Khoe,Viên uống tinh chất hàu tươi  Orihiro 120 viên
Lam Dep Suc Khoe,Đầu phun thay thế cho máy tăm nước Panasonic EW1511
Lam Dep Suc Khoe,"Túi 10 cặp nút tai chống ồn 1110 3M bảo vệ thính giác, loại có dây"
Lam Dep Suc Khoe,"Khẩu trang (Combo 02) - Khẩu trang than hoạt tính NeoVision NeoMask NC95, chuẩn N95 (Thun qua gáy-Có hộp) - Chống bụi siêu mịn PM2.5, lọc khuẩn BFE >95% (Được cấp bởi Nelson Lab), kháng khuẩn, chống giọt bắn có thể giặt tái sử dụng"
Lam Dep Suc Khoe,Combo 2 lon Thực Phẩm chức năng Tinh bột nghệ đỏ An Bình
Lam Dep Suc Khoe,Thực phẩm chức năng Viên uống bổ sung Canxi 600mg và Vitamin D3 cho xương và răng - Kirkland Calcium 600mg With Vitamin D3 (500 Viên)
Lam Dep Suc Khoe,Bao Cao Su Hỗ Trợ Trị Xuất Tinh Sớm Powermen
Lam Dep Suc Khoe,Đai Lưng Pro Hard Slim Nhật Bản
Lam Dep Suc Khoe,"Bộ 10 Miếng Dán Giữ Nhiệt Con Chuột Túi, Dán Nóng Cơ Thể Sưởi Ấm Ngày Đèn Đỏ, Đau Bụng Kinh"
Lam Dep Suc Khoe,"Xịt khử mùi, khóa mùi tỏa hương thơm tự nhiên cơ thể Refre Lactone Whitening 30ml"
Lam Dep Suc Khoe,Bộ 2 Kem Đánh Răng Sensodyne Gentle Whitening 100g
Lam Dep Suc Khoe,"Hộp 50 Que Thử Đường Huyết Sinocare Safe-Accu Kèm 50 Kim Chích Máu, Chuẩn Chính Hãng, Date Dài"
Lam Dep Suc Khoe,"[PHIÊN BẢN MỚI] Gel chống nắng bảo vệ da và ngăn ngừa thâm nám, đốm nâu, nếp nhăn Vichy UV Age daily 40ml"
Lam Dep Suc Khoe,Sữa chống nắng cho da nhạy cảm Senka Perfect UV Gentle Milk A 40ml
Lam Dep Suc Khoe,"Thùng Khăn Ướt Cồn LET-GREEN 50 Miếng/Bao, 36 Bao/Thùng"
Lam Dep Suc Khoe,Dung dịch dưỡng trắng da tối ưu Hada Labo Perfect White Tranexamic Acid Lotion 170ml
Lam Dep Suc Khoe,Sữa Rửa Mặt Nam Chiết Xuất Than Hoạt Tính Kosé Softymo Men's Facial Wash A (130 G)
Lam Dep Suc Khoe,"Kem đánh răng Thảo dược Kingphar , tube 100 gam"
Lam Dep Suc Khoe,Combo 30 gói tẩy tế bào chết dạng kỳ Whoo Gong Jinhyang Seol Brightening Peeling Gel 1ml
Lam Dep Suc Khoe,"Mật ong Hoa Cà Phê Phương Di (500ml), nguyên chất 100% , đặc sản tây nguyên, sản xuất hoàn toàn tự nhiên, không phụ gia, chất bảo quản"
Lam Dep Suc Khoe,HÀNG NHẬT BẢN - Cân điện tử OMRON HN-289 | Tải Trọng 150Kg
Lam Dep Suc Khoe,Serum Dưỡng Ẩm Phục Hồi Da GoodnDoc Hydra B5 - Serum B5 GoodnDoc 30ml
Lam Dep Suc Khoe,Bao cao su Sagami Exceed 2000 - Thiết kế 3D - Một lần thắt - Hộp 12 chiếc
Lam Dep Suc Khoe,Phấn Nền Kiềm Dầu Chống Nắng 12H SPF28 PA+++ Mịn Lì Lâu Trôi Fit Me Maybelline New York Compact Powder 6g
Lam Dep Suc Khoe,Tinh dầu hoa Lài (nhài) 100ml Mộc Mây - tinh dầu nguyên chất 100% từ thiên nhiên - chất lượng và mùi hương vượt trội
Lam Dep Suc Khoe,Kem che khuyết điểm 3 ngăn Mira Combi Foundaiton Hàn Quốc 30g tặng kèm móc khoá
Lam Dep Suc Khoe,Gel vuốt tóc độ cứng 5 Mugens Speed Gel Hàn Quốc 100ml
Lam Dep Suc Khoe,Nhíp Inox Đầu Xéo Vỉ Giấy N.27 - Nhíp BINE KỀM NGHĨA
Lam Dep Suc Khoe,Bấm Móng Kềm Nghĩa B-903
Lam Dep Suc Khoe,Bấm Móng Kềm Nghĩa B-904
Lam Dep Suc Khoe,"Máy massage chườm nóng giảm   bụng kinh nguyệt, Đai matxa tan mỡ bụng làm ấm nhiệt hồng ngoại rung tan mỡ toàn thân"
Lam Dep Suc Khoe,Kem chống nắng La Roche-Posay kiềm dầu 12H Anthelios UVMUNE 400 Gel-Cream 50ml
Lam Dep Suc Khoe,Bông Tắm Dài Mềm Mại Coco Joy
Lam Dep Suc Khoe,"Dây sạc máy massage USB sang 2.5 Aux, dành cho các loại máy massage mặt mắt body toàn thân đầu nhọn loại tốt"
Lam Dep Suc Khoe,Máy đo huyết áp cổ tay Omron HEM-6161 Chính hãng-Giúp dễ dàng theo dõi huyết áp khi phải thường xuyên di chuyển
Lam Dep Suc Khoe,Viên Uống Bổ Sung Vitamin C Blackmores Bio C 1000mg Lọ 31 Viên
Lam Dep Suc Khoe,Tinh chất chống nắng NIVEA VITAMIN C&E Dưỡng da sáng khỏe SPF50 PA+++ (30ml) - 98318
Lam Dep Suc Khoe,Kem Ngày GSIII Dr Cell 30g dưỡng trắng bảo vệ da phục hồi da hỗ trợ mờ thâm nám - Hàng Chính Hãng
Lam Dep Suc Khoe,Kem dưỡng vùng da quanh mắt Lá House Recovery Eye Cream 15ml
Lam Dep Suc Khoe,Nước Hoa Hồng Hatomugi Reihaku Hatomugi Medicated Lotion Dưỡng Ẩm Sâu Và Làm Sáng Da 500ml Màu Xanh
Lam Dep Suc Khoe,Lăn Khử Mùi Đá Khoáng Dạng Sáp Bạc Hà Cho Nam Deonatulle Soft Stone Double Deodorant For Men 20G
Lam Dep Suc Khoe,Son Dưỡng Môi Hồng Xinh Vaseline Lip Therapy Rosy Lip (7g)
Lam Dep Suc Khoe,Băng keo cuộn co giãn SOGIROLL 10cm x 10m
Lam Dep Suc Khoe,Dung dịch vệ sinh Phụ nữ Gel X2 Nano Nghệ Đào Hồng Mềm Mại Lưu Hương 24h Cocayhoala - 150ml
Lam Dep Suc Khoe,"Khẩu trang KN95 Number one 5 Lớp  chuẩn N95 lọc bụi, kháng khuẩn ngăn virus ( Hộp 10 cái)"
Lam Dep Suc Khoe,"Tinh dầu Sả Chanh Mộc Mây - Xuất khẩu Châu Âu, nguyên chất 100% từ thiên nhiên, xông phòng, khử mùi, thơm phòng, đuổi muỗi, thư giản"
Lam Dep Suc Khoe,Lược sừng MÁT XA toàn thân đa năng (COH196) Làm đẹp / thư giãn / giúp lưu thông khí huyết - Chăm sóc sức khỏe
Lam Dep Suc Khoe,"Sáp Wax Lông Nóng Wax Bean 100gr, Dạng Hạt Đậu(Tặng Kèm Que Phết Wax Stick)"
Lam Dep Suc Khoe,SON DƯỠNG MÔI CAO CẤP LÂU PHAI GIÀU DƯỠNG CHẤT QUEENIE 4G - MỸ PHẨM HÀN QUỐC
Lam Dep Suc Khoe,Trà Genpi Orihiro 60 gói/túi
Lam Dep Suc Khoe,Tẩy Da Chết Mặt Tế Bào Gốc Thực Vật Lành Tính Làm Sạch Sâu Dịu Nhẹ Dưỡng Ẩm Sáng Da Cho Da Dầu Mụn Nhạy Cảm Cellkey-Scien White Peeling Gel (80ml)
Lam Dep Suc Khoe,Băng vệ sinh siêu mỏng cánh KleanNara Zero Hàn Quốc (26cmx16 miếng) tặng kèm móc khóa
Lam Dep Suc Khoe,Nước Hoa Hồng Ý Dĩ HATOMUGI 500ml
Lam Dep Suc Khoe,Ghế bô vệ sinh G899-01 chính hãng
Lam Dep Suc Khoe,Dung dịch vệ sinh nam Malizia Vetyver Uomo 200ml
Lam Dep Suc Khoe,Sáp tẩy lông nóng dạng hạt Orchid
Lam Dep Suc Khoe,Kem Vi Dưỡng Chống Lão Hóa Ban Đêm OLAY Regenerist (50G)
Lam Dep Suc Khoe,Set 2 Dao Cạo Kai Kháng Khuẩn Chuyên Dùng Cho Nữ - Nội Địa Nhật Bản
Lam Dep Suc Khoe,Xịt khử mùi chiết xuất thiên nhiên Refre Natural Rosemary Hương Thảo (30ml)
Lam Dep Suc Khoe,Nước Hoa Nữ Laurelle London Perfumes Sexxy Shoo Black (100ml)
Lam Dep Suc Khoe,Sữa rửa mặt ngăn ngừa mụn dạng gel Acnes 25+ Facial Wash 100g
O To Xe May Xe Dap,"Ắc Quy LONG WP7.2-12 12V 7.2 AH Dùng Cho Lưu Điện Cửa Cuốn, UPS, Bình Thuốc Sâu"
O To Xe May Xe Dap,"Bơm xe máy KIO-02 Phiên bản Xanh - Bơm xe đạp chân - Bơm đạp chân 2 ống đa năng - Bơm hơi đạp chân mini Xe Đạp, Xe Máy, Xe Ô tô, Xe Hơi Đa Năng Dễ Dàng Xếp Gọn thân hợp kim siêu bền, hỗ trợ cả van Mỹ và van Pháp Thương hiệu KIOTOOL"
O To Xe May Xe Dap,"Bơm mỡ bò 2 ty 2 xy lanh piston 900CC dùng mỡ con sâu. mỡ hộp, mỡ tuýp, mỡ đóng chai CR-13014"
O To Xe May Xe Dap,"Bơm Hơi Hợp Kim Dùng Chân Cho Xe Máy , Xe Đạp NHONOR - Hàng Chính Hãng ( Tặng Kèm Kim Bơm Banh Và Bơm Thú Hơi )"
O To Xe May Xe Dap,Xe Máy Honda Wave Alpha 2024 Phiên Bản Tiêu Chuẩn
O To Xe May Xe Dap,Xe Máy Honda SH125i Phiên Bản Thể Thao 2026
O To Xe May Xe Dap,Xe Máy Honda LEAD 125cc 2026 - Phiên Bản Đặc Biệt
O To Xe May Xe Dap,Xe Máy Honda Future 125 FI 2026 Phiên Bản Đặc Biệt
O To Xe May Xe Dap,Xe Máy Honda Vision 2026 - Phiên Bản Thể Thao
O To Xe May Xe Dap,Xe Máy Honda Air Blade 125 Phiên Bản Đặc Biệt 2023
O To Xe May Xe Dap,Mũ Bảo Hiểm Nửa Đầu Có Kính Âm LS2 OF590 Rebellion - GARA20
O To Xe May Xe Dap,Sirius FI phiên bản RC Vành Đúc
O To Xe May Xe Dap,Kẹp Giữ Bánh Xe Đạp Treo Xe Lên Tường Tiện Lợi Giữ Dọc Xe Đạp Đua và Xe Đạp MTB Giúp Sắp Xếp Xe Gọn Gàng MaiLee
O To Xe May Xe Dap,BỘ GẠT MƯA BOSCH AEROTWIN EURO SET VINFAST LUX SA2.0 - 20X24 (7296)
O To Xe May Xe Dap,Bảng số điện thoại gắn táp lô ô tô kiêm giá để điện thoại (Màu ngẫu nhiên)
O To Xe May Xe Dap,Xe Máy Yamaha NVX 155 - Phiên Bản DOXOU
O To Xe May Xe Dap,"Kích Bình Ô Tô, Bộ Kích Ắc Quy Ô Tô Đa Năng 4IN1 Soulor Kích Điện Ô Tô, Bơm Lốp Ô Tô, Sạc Dự Phòng, Đèn Pin - Hàng Nhập Khẩu"
O To Xe May Xe Dap,Vỏ lốp xe điện 90/90-10 hoặc 90/90-12 và 100/90-10 Chengshin [giao nhanh][toàn quốc][giá sỉ lẻ
O To Xe May Xe Dap,"Xe đạp touring, xe đạp đường phố Limit Racing 26inch - Tặng chuông, bình nước, chắn bùn trước sau, đồ lắp xe"
O To Xe May Xe Dap,"Nước rửa kính xe ô tô THACO CASF dùng cho xe TOYOTA, MAZDA, KIA - Không cần pha - Tiêu chuẩn Nhật Bản"
O To Xe May Xe Dap,"Bạt Phủ Xe Ô Tô Honda CRV, Brio, City, HRV, Accord, Civic, Jazz- Chất Liệu Bạt Tráng Nhôm 3 lớp"
O To Xe May Xe Dap,Ắc quy khô miễn bảo dưỡng Đồng Nai PTZ6L ISS dành cho xe có Idling Stop | 12V - 6Ah
O To Xe May Xe Dap,Bạt Phủ Áo Trùm Xe Máy Vải Dù Che Mưa Nắng Thời Tiết Khắc Nghiệt Loại Lớn Cho Dòng Xe Tay Ga - Xe Số Thông Dụng MINIIN
O To Xe May Xe Dap,"Bình ắc quy khô cho xe máy Dream, Wave, Future, Sirius, Jupiter, Taurus, Mio GS GT6A (12V - 6AH)"
O To Xe May Xe Dap,"Ắc quy khô GS GTZ5S 3,5Ah Wave RS Rsx Rsv S, Nouvo456, Airblade110, Hayate X-Bike SKY Exciter Luvias Cub acquy Yuasa"
O To Xe May Xe Dap,"Tẩu sạc ô tô nhãn hiệu Hyundai HY-10 công suất 80W, một đầu chia tẩu và 3 cổng usb - Hàng nhập khẩu"
O To Xe May Xe Dap,Phụ gia xăng cho ô tô Bluechem 33028E
O To Xe May Xe Dap,"Đèn Pha LED Xe Đạp Siêu Sáng Chống Nước Có Sạc Điện USB Kèm Giá Đỡ Điện Thoại Và Còi Xe Đạp T6, Hỗ Trợ Sạc Lại Điện Thoại Khẩn Cấp Giúp Đạp Xe An Toàn Ban Đêm - Hàng Chính Hãng"
O To Xe May Xe Dap,"Cảm Biến Áp Suất Lốp Gắn Ngoài TPMS | Cảm Biến Áp Suất Lốp Gắn Ngoài Tiện Dụng, Lắp Đặt Dễ Dàng, An Toàn Khi Vận Hành Xe "
O To Xe May Xe Dap,Bộ 9 Miếng Dán Vân Carbon Chống Trầy Xước Bậc Cửa Ô Tô - Hàng Chính Hãng
O To Xe May Xe Dap,Đồng hồ trang trí xe hơi đủ logo các hãng xe (dán táp lô hoặc gắn cửa gió) - Tặng thêm 1 pin
O To Xe May Xe Dap,Xe đạp địa hình Thống Nhất MTB26-05 đen mờ - Hàng chính hãng
O To Xe May Xe Dap,Bao da bọc ốp chìa khoá xe ô tô Vinfast VF5 xe điện handmade da thật 004
O To Xe May Xe Dap,Xe Máy Honda Future 125 2026 FI Phiên Bản Tiêu Chuẩn
O To Xe May Xe Dap,Xe đạp Tekko thể thao R250 cỡ 26 inch - Phù hợp với người cao từ 1m45 trở lên
O To Xe May Xe Dap,Miếng Dán Nẹp Cố Định Thảm Trải Sàn Oto
O To Xe May Xe Dap,BẠT Ô TÔ CHE NẮNG CHE MƯA LOẠI DÀY
O To Xe May Xe Dap,"Bình Ắc Quy Khô LONG 12V-9AH WP1236W dùng cho ups, lưu điện cửa cuốn, lưu điện máy tính, loa kéo"
O To Xe May Xe Dap,Xe đạp Thống Nhất GN06-26 - Hàng chính hãng
O To Xe May Xe Dap,túi hồ sơ xe - ví đựng giấy tờ xe ô tô mazda 
O To Xe May Xe Dap,"VÍ DA ĐỰNG ĐĂNG KIỂM, GIẤY TỜ Ô TÔ CAO CẤP"
O To Xe May Xe Dap,Gương Kính Chiếu Hậu Xe Đạp GXD-ML03 cho xe đạp có lỗ tay cầm phi 18-22mm xoay 360 Độ giúp quan sát phía sau xe đạp  (Mặt Gương Cầu Lồi) - Mai Lee
O To Xe May Xe Dap,"Cuộn Đề Can (Decal) Phản Quang Dán Trang Trí Viền Thân Xe Đạp, Xe Máy, Ô tô An Toàn Ban Đêm Nổi Bật (8 mét) Mai Lee"
O To Xe May Xe Dap,Dụng Cụ Kìm (Kềm) Cắt Mở Đóng Dây Sên Xích Xe Đạp Thể Thao Mini Tiện Lợi Nhanh Chóng Mai Lee
O To Xe May Xe Dap,"Búa đập kính thoát hiểm, kèm dao cắt dây an toàn cho xe ô tô"
O To Xe May Xe Dap,Dầu rửa sên cao cấp cho sên trần MC-40 400ml
Thoi Trang Nu,Quần lót lọt khe Quần lót nữ chất liệu Cotton cao cấp mềm mịn
Thoi Trang Nu,Quần lót nữ ren buộc dây rất đẹp
Thoi Trang Nu,"Áo thun nữ cổ trụ GOKING, form suông rộng, công nghệ dệt nhuộm cao cấp Nhật Bản"
Thoi Trang Nu,Đầm ngủ lụa vạt xẻ phối ren Cao Cấp
Thoi Trang Nu,Áo choàng ngủ nữ mỏng viền ren gợi cảm - Đen
Thoi Trang Nu,"Siêu giảm giá. Áo thun nữ thoát nhiệt Nhật Bản Goking, form ôm eo, chất liệu tự nhiên 100% cotton thấm hút mồ hôi tốt. Áo phông trơn nữ hàng hiệu cao cấp"
Thoi Trang Nu,"Tặng Kèm Cài Tóc - Cosplay Mèo Bông Hư Hỏng Có Đuôi Dễ Thương Gợi Cảm, Đồ Ngủ Liền Thân Miêu Nữ Đáng Yêu C076"
Thoi Trang Nu,Quần lót ren nữ xuyên thấu gợi cảm
Thoi Trang Nu,"Áo khoác nữ thoát nhiệt Nhật Bản Goking, 6 túi to tiện dụng, vải thun 100% cotton mỏng nhẹ thoáng mát, thấm hút mồ hôi. Áo chống nắng hàng hiệu cao cấp"
Thoi Trang Nu,"ĐỒ NGỦ SEXY, VÁY NGỦ REN SEXY, ĐỒ NGỦ LIỀN THÂN BODYSUIT REN GỢI CẢM"
Thoi Trang Nu,̂̀   Quần lót nữ cạp dây ren sexy
Thoi Trang Nu,"Crazy sales. Áo thun nữ thoát nhiệt GOKING. Áo phông nữ in hình nghệ thuật, hàng Việt Nam xuất khẩu"
Thoi Trang Nu,"Áo khoác thun da cá GOKING 6 túi, form unisex cho nữ nam, trẻ em. Chống lạnh, giữ ấm, chống nắng, chống tia UV. Hàng hiệu Việt Nam xuất khẩu"
Thoi Trang Nu,Combo 7 quần lót cotton nữ nhiều màu du lịch dùng 1 lần
Thoi Trang Nu,"Áo sơ mi đũi Haint Boutique, Áo sơ mi nữ cổ V xinh phong cách vitage Sm99"
Thoi Trang Nu,"Crazy sale. Áo thun trơn nữ thoát nhiệt Nhật Bản GOKING, 100% cotton siêu thoáng mát, đánh bay cơn nóng mùa hè. Áo phông hàng hiệu cao cấp"
Thoi Trang Nu,Quần lót nữ ren - tím
Thoi Trang Nu,Quần Lót Flexi Stretch Chất Liệu Bamboo Visco - Miley Lingerie
Thoi Trang Nu,"Less People More Cats, mã logo.g266. Hãy tỏa sáng như kim cương, qua chiếc áo thun Goking siêu hot cho nam nữ trẻ em, áo phông cặp đôi, gia đình, đội nhóm"
Thoi Trang Nu,"Đồ bộ nữ lanh lửng mặc nhà tay cánh tiên phối viền chất mềm,mịn,mát BL 153 hoạ tiết dễ thương size 45-65kg"
Thoi Trang Nu,"Đầm suông nữ Haint Boutique, đầm cổ tàu chất đũi mát, thời trang trẻ cho phái nữ Da80"
Thoi Trang Nu,Áo thun PT cổ tròn nữ
Thoi Trang Nu,Combo 10 quần lót nữ chất liệu cotton chất đẹp
Thoi Trang Nu,Áo Khoác Chống Nắng Nữ LUPERI ACN01 vải dày dặn chống tia UV gây hại cho da có khóa 2 bên tặng khẩu trang kháng khuẩn
Thoi Trang Nu,Combo 10 Quần Lót Nữ Visco Modal Trơn Comfort- Giao màu ngẫu nhiên
Thoi Trang Nu,COMBO 5 QUẦN COTTON BOYSHORT (GIAO MÀU NGẪU NHIÊN)
Thoi Trang Nu,Bikini Hai Mảnh Hoa Hồng Trẻ Trung Dễ Thương AT143 MayHomes
Thoi Trang Nu,Áo len tăm nữ cổ tim Haint Boutique al72
Thoi Trang Nu,Quần Jean Nữ Lưng Cao Skinny Aaa Jeans
Thoi Trang Nu,Áo Sơ Mi Nữ Form Dài Che Quần Cá Tính SM013 MayHomes
Thoi Trang Nu,Chân Váy Serena
Thoi Trang Nu,"Đồ bộ nữ,đồ ngủ mặc nhà lửng vải lụa mango BL 245 hoạ tiết caro dễ thương size 50-65kg"
Thoi Trang Nu,"Áo sơ mi nữ form rộng tay ngắn, chất liệu Đũi tơ mềm mát, áo kiểu nữ, form trẻ trung, năng động, T73"
Thoi Trang Nu,"Quần short đùi nữ Hiền Trần BOUTIQUE vải đũi ống rộng, mặc mát thoải mái, cạp cúc lưng chun khóa kéo"
Thoi Trang Nu,Quần Lót Nữ Cotton Lưng Cao LUPERI LU3QL749 Phối Viền Ren Chất Liệu Co Giãn Mềm Mịn Thoáng Mát Thấm Hút Mồ Hôi Khử Mùi Tốt
Thoi Trang Nu,Áo dài voan tơ
Thoi Trang Nu,Combo 2 áo ngực demi mút vừa ren iBasic VA086
Thoi Trang Nu,Áo khoác nữ Áo khoát nữ kaki chống nắng túi hộp đẹp cá tính hàng rất đẹp-A061
Thoi Trang Nu,CHÂN VÁY 6 NÚT HANA
Thoi Trang Nu,Quần lọt khe nữ - màu đen
Thoi Trang Nu,Áo sơ mi sọc thắt cavat
Thoi Trang Nu,ÁO SƠ MI CỔ SEN 3 NÚT
Thoi Trang Nu,"Crazy sales. Áo phông nữ thoát nhiệt Nhật Bản GOKING. Áo thun nữ in hình đẹp cá tính, thành phần 100 cotton thoáng mát, thấm hút mồ hôi, đánh bay cơn nóng mùa hè"
Thoi Trang Nu,Áo Sơ Mi Sọc Janet
Thoi Trang Nu,Chân Váy Taka
Thoi Trang Nu,Quần short jean nữ ngắn lưng cao regular fit Aaa Jeans
Thoi Trang Nu,"Đồ bộ nữ,đồ ngủ mặc nhà quần dài vải lụa mango BD 68 họa tiết hoa nhí dễ thương size 47-60kg"
Thoi Trang Nu,"Chân Váy Công Sở New Design Thiết Kế Dáng Váy chữ A, Dài Qua Gối ,Phối Nút, Phom Chuẩn Tôn Dáng Sang Trọng Vải Tốt co Giãn, Màu Đen CV0066"
Thoi Trang Nu,Quần lót nữ thái lan 828 – Chất thun lạnh - giao màu ngẫu nhiên
Thoi Trang Nu,"Quần short kaki nữ GOKING, lưng thun và dây rút co giãn thoải mái. Túi sâu rộng bỏ điện thoại"
Thoi Trang Nu,Đầm Ngắn Dễ Thương Nơ Trắng Và Viền Tay DN087 MayHomes Kiểu Dáng Thời Trang
Thoi Trang Nu,Áo lót ren đệm dày
Thoi Trang Nu,Bộ 5 Quần Lót Nữ High-Cut Phối Ren Miley Lingerie - Giao màu ngẫu nhiên
Thoi Trang Nu,Quần lót lọt khe tam giác - hồng
Thoi Trang Nu,Chân Váy Xếp Ly Kèm Belt Nana
Thoi Trang Nu,Áo Khoác Nữ Xỏ Ngón Comfort Phúc An 4034 Màu
Thoi Trang Nu,"Combo 5 quần lót đúc lọt khe QTK05, Freesize"
Thoi Trang Nu,Combo 3 Quần Lót Nữ Jobelli 1355 (Size
Thoi Trang Nu,Quần lót dài mặc váy gắn vô tư có túi để tiền an toàn-100
Thoi Trang Nu,Chân Váy Thời Trang Kiểu Đuôi Cá CVO05 MayHomes Chân Váy Midi  Chất Liệu Ren
Thoi Trang Nu,Áo khoác nữ form lững thêu Happines phối đẹp hàng bao chất-A3107 - Xanh nhạt
Thoi Trang Nu,Đầm sơ mi nữ form rộng dáng dài có dây thắt nơ sườn phong cách vintage Hàn Quốc da61
Thoi Trang Nu,"OLD WAYS WONT OPEN NEW DOORS, mã logo.g33. Hãy tỏa sáng như kim cương, qua chiếc áo thun Goking siêu hot cho nam nữ trẻ em, áo phông cặp đôi, gia đình, đội nhóm"
Thoi Trang Nu,Combo 10 Quần Lót Nữ Modal Bigsize [2XL-5XL] - BCS04
Thoi Trang Nu,"I LOVE YOU MOM, mã G93. Hãy tỏa sáng như kim cương, qua chiếc áo thun Goking siêu hot cho nam nữ trẻ em, áo phông cặp đôi, gia đình, đội nhóm"
Thoi Trang Nu,SET 5 QUẦN LÓT SU NỮ CỰC MỊN MÁT
Thoi Trang Nu,Quần Jean Nữ Ống Rộng Lưng Cao Aaa Jeans
Thoi Trang Nu,ÁO NƠ BÊN
Thoi Trang Nu,"Áo ngực, áo lót Boya trơn siêu dầy"
Thoi Trang Nu,Set 10 quần lót nữ BIG SIZE Thun cotton  Cạp cao Hàng Việt Nam(Từ 60kg đến 110kg) Hàng Việt Nam
Thoi Trang Nu," Quần Đúc Thông Hơi, Quần Lót Nữ Su Thông Hơi Cao Cấp"
Thoi Trang Nu, Quần lót nữ sexy - Màu trắng
Thoi Trang Nu,"Combo 10 Quần Lót Su Lượn Lưng Siêu Xịn Mềm Mịn 1033 - Giao Nhiều Màu Ngẫu Nhiên, Chất Vải Trơn, Mát Lạnh, Ôm Sát Cơ Thể, Phù Hợp Với Nhiều Loại Trang Phục"
Thoi Trang Nu,"SET 10 quần lót su không đường may, hàng đẹp loại xịn W19_152"
Thoi Trang Nu,ÁO LÓT  NGỰC MÚT DÀY KHÔNG GỌNG
Thoi Trang Nu,Combo 3 Quần Lót Nữ Jobelli 1352 (Size
Thoi Trang Nu,"Art Tiger, mã G102. Hãy tỏa sáng như kim cương, qua chiếc áo thun Goking siêu hot cho nam nữ trẻ em, áo phông cặp đôi, gia đình, đội nhóm"
Thoi Trang Nu,"AUTHENTIC, mã G54. Hãy tỏa sáng như kim cương, qua chiếc áo thun Goking siêu hot cho nam nữ trẻ em, áo phông cặp đôi, gia đình, đội nhóm"
Thoi Trang Nu,Quần Jean Ống Rộng Indigo Aaa Jeans
Thoi Trang Nu,"Áo sơ mi váy dáng dài, chất liệu đũi mềm mịn, áo váy nữ, form dài rộng kiểu Hàn Quốc, NeSa Shop AKH.35"
Thoi Trang Nu,Combo 10quần 10màu siêu sốc
Thoi Trang Nu,Quần lót nữ Cotton trơn kháng khuẩn sexy
Thoi Trang Nu,"Áo ngực Enow's chính hãng cúp ngang, mút vừa"
Thoi Trang Nu,"Áo khoác dù bomber BADGE , áo khoác bomber ,áo khoác dù nam ,áo khoác dù nữ , áo khoác cặp đôi , áo khoác gió ,  áo khoác kiểu bomber chống nắng chống lạnh tốt"
Thoi Trang Nu,Combo 3 món đồ ngủ nữ áo choàng + váy ngủ  + bộ quần áo ngủ
Thoi Trang Nu,Bộ 3 quần lót nữ thun lụa sớ gỗ CD viền ren Miley Lingerie
Thoi Trang Nu,Áo Sơ Mi Sọc Hana
Thoi Trang Nu,áo Sơ mi nữ cộc tay cao cấp
Bach Hoa Online,[ Tặng 1 Lon Sữa Đặc] Cà phê Hòa tan NESCAFÉ VỊ NGUYÊN BẢN 46 gói Đậm Thơm Hoàn Hảo
Bach Hoa Online,Thùng 48 Bịch Sữa Tươi Tiệt Trùng Vinamilk 100% Có Đường (220ml)
Bach Hoa Online,[Tặng hộp 2 ly thủy tinh] Combo 2 Bịch NESCAFE 3IN1 Công thức cải tiến - VỊ NGUYÊN BẢN Bịch 46 gói
Bach Hoa Online,[Tặng bộ 2 ly thủy tinh] Combo 2 Bịch Cà phê đen hòa tan NESCAFE Café Việt (Túi 35 gói x 16g)
Bach Hoa Online,Dầu Ăn Kiddy Olive 250ml
Bach Hoa Online,Thùng sữa đậu nành Vinasoy Fami Green soy rất ít đường (**) (36 hộp x 180ml)
Bach Hoa Online,Thùng sữa đậu nành Vinasoy Fami Green soy không bổ sung đường (36 hộp x 180ml)
Bach Hoa Online,[Tặng Ca Đá] Combo 3 Bịch Cà phê Hòa tan NESCAFÉ CAFÉ VIỆT 35 gói Vị Mạnh đặc trưng
Bach Hoa Online,[ Tặng 1 LON SỮA ĐẶC] Cà phê Hòa tan NESCAFÉ VỊ NGUYÊN BẢN 46 gói Đậm Thơm Hoàn Hảo
Bach Hoa Online,Gói Bột Ngọt AJINOMOTO 454g/Gói
Bach Hoa Online,[Tặng Bộ 3 Hũ Gia Vị HOẶC 1 LON SỮA ĐẶC NESTLE ] Cà phê Hòa tan NESCAFÉ CAFÉ VIỆT 35  gói Vị Mạnh đặc trưng
Bach Hoa Online,Thùng 48 Bịch Sữa Tiệt Trùng Dutch Lady Cô Gái Hà Lan Có Đường 180ml
Bach Hoa Online,Dầu Ôliu Pomace Olivoilà 750ml
Bach Hoa Online,Thùng Veyo Sữa hạt lên men tự nhiên Vị Dâu Nhật (30hộp x 180ml)
Bach Hoa Online,Thùng 24 hộp Sữa hạt 9 loại hạt Vinamilk ít đường - hộp 180ml
Bach Hoa Online,Đường Mía Thượng hạng
Bach Hoa Online,Dầu Đậu Nành Simply 1L / 2L / 5L
Bach Hoa Online,Dầu Ăn Meizan Gold 1L / 2L / 5L
Bach Hoa Online,Dầu Ăn Cái Lân 1L / 2L / 5L
Bach Hoa Online,Cà phê hòa tan kết hợp rang xay NESCAFÉ RED CUP 200g
Bach Hoa Online,Thùng 48 chai sữa chua uống hương nho Fristi 80ml
Bach Hoa Online,Thùng Sữa Đậu Nành Vinasoy Fami Nguyên Chất Vị Sữa Dừa (200ml x 36 Hộp)
Bach Hoa Online,Thùng 48 hộp Tươi Tiệt Trùng Vinamilk Green Farm rất ít đường 110ml
Bach Hoa Online,Thùng Sữa đậu nành Vinasoy Fami Nguyên Chất ít đường (200ml x 40 bịch)
Bach Hoa Online,Thùng Sữa đậu nành Vinasoy Fami Canxi ít đường (200ml x 36 Hộp)
Bach Hoa Online,Thùng Sữa đậu nành Vinasoy Fami Canxi ít đường (200ml x 40 bịch)
Bach Hoa Online,Thùng 30 Gói Mì Cung Đình Kool Spaghetti (105g X 30 Gói)
Bach Hoa Online,Thùng 10 Hộp Sữa đậu nành Vinasoy Fami Canxi (1 lít/Hộp)
Bach Hoa Online,Thùng 10 Hộp Sữa Đậu Nành Vinasoy Fami Nguyên Chất (1 lít / Hộp)
Bach Hoa Online,Thùng Sữa Đậu Nành Vinasoy Famigo Đậu Đỏ Nếp Cẩm (200ml x 36 Hộp)
Bach Hoa Online,Thùng Sữa đậu nành Vinasoy Fami nguyên chất (200ml x 40 Bịch)
Bach Hoa Online,Thùng Sữa đậu nành Vinasoy Fami nguyên chất (200ml x 36 Hộp)
Bach Hoa Online,Thùng 4 Lốc Sữa Nguyên Kem Devondale Fullcream (4 x 6 x 200Ml)
Bach Hoa Online,Bột Ngọt Ajinomoto 1kg (Hạt Lớn)
Bach Hoa Online,Thùng 30 Gói Mì Khoai Tây Cung Đình Hương Vị Lẩu Tôm Chua Cay
Bach Hoa Online,Thùng 30 Gói Mì Cung Đình Hương Vị Sườn Heo Hầm Măng (79g/Gói)
Bach Hoa Online,Dầu Ôliu Nguyên Chất Olivoilà (750ml / Chai)
Bach Hoa Online,Dầu Ôliu Nguyên Chất Olivoilà (250ml / Chai)
Bach Hoa Online,Cà phê Hòa tan NESCAFÉ CAFÉ VIỆT 35 gói Vị Mạnh đặc trưng
Bach Hoa Online,Thùng 48 Hộp Thức Uống Sữa Trái Cây Có Thạch NuVi Hương Nho 170ml
Bach Hoa Online,Trung Nguyên Legend - Cà phê rang xay Sáng tạo 1 -  Bịch 340gr
Bach Hoa Online,Thùng 24 hộp sữa 9 loại hạt không đường Vinamilk Super Nut 180ml
Bach Hoa Online,Thùng 48 bịch Sữa tươi tiệt trùng ít đường Vinamilk 100% Sữa tươi 220ml
Bach Hoa Online,Lốc Mì Koreno Jumbo Cay 7 Cấp Độ Vị Chua Cay (101G x 10 Gói)
Bach Hoa Online,Thùng 48 Hộp Sữa Nestlé MILO A2 MỚI  (110ml / Hộp)
Bach Hoa Online,[Tặng Balô hoặc gối cổ] Thùng 48 Hộp Sữa Nestlé MILO A2 MỚI  (180ml / Hộp)
Bach Hoa Online,Tương Ớt Nam Dương Đặc Biệt Cay 400g
Bach Hoa Online,Thùng 24 Gói Mì Siukay Hải Sản (128g x 24 gói)
Bach Hoa Online,Thùng 6 Lốc Mì Rong Biển vị Ngao Koreno (5 gói/Lốc)
Bach Hoa Online,Thùng 24 Gói Mì Xào Koreno Vị Gà Phomai Volcano 118g
Bach Hoa Online,Cà phê hoà tan NESCAFÉ 3IN1 VỊ NGUYÊN BẢN - công thức cải tiến (hộp 20 gói x 16g )
Bach Hoa Online,Sữa chua uống hương dâu Vinamilk Susu - Thùng 48 chai 80ml
Bach Hoa Online,Đường kính trắng Đường An Khê 1kg
Bach Hoa Online,Thùng 30 gói Hủ Tiếu Nam Vang Cung Đình (85g x 30 gói)
Bach Hoa Online,Thùng 30 Gói Hủ Tiếu Sườn Heo Cung Đình (85g x 30 gói)
Bach Hoa Online,Thùng 30 gói mì Hảo Hảo Tôm Chua Cay 75g
Bach Hoa Online,Đường phèn vàng Cô Ba 1kg
Bach Hoa Online,Dầu Đậu Nành Meizan  1L / 2L / 5L
Bach Hoa Online,Thùng 48 chai sữa chua uống hương táo Fristi 80ml
Bach Hoa Online,Thùng Sữa Đậu Nành Vinasoy Fami Nguyên Chất Vị Đường Đen (200ml x 36 Hộp)
Bach Hoa Online,Bịch 15 gói Thức Uống Lúa Mạch Nestlé MILO Sữa 3 Trong 1 (22g/Gói)
Bach Hoa Online,Dầu Ăn Thượng Hạng Nhãn Hiệu  Neptune Light
Bach Hoa Online,Trung Nguyên Legend - Cà phê rang xay Sáng tạo 2 - Bịch 340gr
Bach Hoa Online,Đường Biên Hòa Đường Đen Nữ Hoàng (1kg)
Bach Hoa Online,Trung Nguyên Legend - Cà phê rang xay Gourmet Blend - Hộp 500gr
Bach Hoa Online,Trung Nguyên Legend - Cà phê rang xay Sáng tạo 1 - Bịch 340gr
Bach Hoa Online,Trung Nguyên Legend - Cà phê rang xay Sáng tạo 5 - Bịch 340gr
Bach Hoa Online,Túi Gạo Meizan Nàng Thơm 5kg
Bach Hoa Online,Thùng Sữa Đậu Nành Vinasoy Fami Canxi Nguyên vị (200ml x 40 Bịch)
Bach Hoa Online,Kem đặc có đường Dutch Lady túi 545g
Bach Hoa Online,Thùng 48 Hộp Sữa Nestlé MILO Nước (180ml / Hộp)
Bach Hoa Online,Thùng 24 Lon Nước Táo Lên Men Strongbow Vị Táo Nguyên Bản 320ml/lon
Bach Hoa Online,Thùng 12 Hộp Phở Trộn Bò Sốt Tương Đen Cung Đình Kool (80g / Hộp)
Bach Hoa Online,Thùng 48 hộp thức uống lúa mạch hương vị socola Ovaltine 180ml
Bach Hoa Online,Thùng 24 Ly Mì Chay Cung Đình Rau Nấm Chua Cay (69g / Ly)
Bach Hoa Online,Thùng 48 Hộp Sữa Uống Dutch Lady Cô Gái Hà Lan Có Đường Cao Khỏe (48X110ml)
Bach Hoa Online,Dầu hướng dương Simply (2L)
Bach Hoa Online,Combo 2 bịch Bột Mỳ Đa Dụng Meizan 1kg
Bach Hoa Online,Trung Nguyên Legend - Cà phê hạt rang Success 1 - Bịch 1kg
Bach Hoa Online,Sữa hạt Hạnh nhân Không đường 137 DEGREES 1000ml
Bach Hoa Online,[ ĐƠN 399K TẶNG PHIN PHA CÀ PHÊ HIGHLANDS] Cà phê Rang xay Truyền Thống Highlands Coffee 200g
Bach Hoa Online,[Tặng 1 LON SỮA ĐẶC] Cà phê Hòa tan NESCAFÉ CAFÉ VIỆT 35 gói Vị Mạnh đặc trưng
Bach Hoa Online,Cá Cơm Rim Tỏi Ớt VietTin Mart 250g
Bach Hoa Online,Thùng 24 Chai Nước Uống Ion Kiềm Cao Cấp Đóng Chai Fujiwa 300ml - Nước uống Detox với Công Nghệ Điện Phân Ion Kiềm
Bach Hoa Online,"Hạt Mè Đen, Mè Trắng Hữu Cơ 500g VietTin Mart"
Bach Hoa Online,Thùng 48 Hộp Yomost Thạch Trái Cây Hương Dâu (48x180ml)
Bach Hoa Online,Thùng 30 Gói Mì Cung Đình Kool BBQ Hương Vị Sườn Nướng Hàn Quốc 99g
Bach Hoa Online,Thùng 24 Ly Mì Morden Lẩu Thái Tôm (67g x 24 ly)
Bach Hoa Online,"Ngũ cốc ăn sáng Fitnesse Granola Diêm Mạch, Hạnh Nhân & Sô Cô La (gói 300g)"
Bach Hoa Online,Thùng 6 Lốc Mì Trộn Tương Đen Koreno Jjajangmen (5 gói/lốc)
Bach Hoa Online,Cà phê hoà tan NESCAFÉ 3IN1 VỊ RANG ĐẬM - công thức cải tiến (hộp 20 gói x 16g)
Bach Hoa Online,Thùng sữa đậu nành Vinasoy Fami Canxi Vị sô cô la hộp (200ml x 36 hộp)
Bach Hoa Online,Bột nổi làm bánh AB mauri 1kg _viettinmart
Bach Hoa Online,Thùng sữa đậu nành Vinasoy Fami Canxi Plus ít đường hộp (200ml x 36 hộp)
Bach Hoa Online,Bánh Quy Yến Mạch Quaker 250g
Bach Hoa Online,Trung Nguyên Legend - Cà phê hoà tan rang xay 3in1 Classic - Bịch 50 gói x 17gr
Bach Hoa Online,Thùng Sữa đậu nành Vinasoy Fami Canxi vị Phô Mai ( 200ml x 36 Hộp )
Bach Hoa Online,Thùng Sữa đậu nành Vinasoy Fami Canxi vị Cà Phê (200ml x 36 Hộp)
Bach Hoa Online,Thùng 48 chai sữa chua uống hương cam Fristi 80ml
Bach Hoa Online,Thùng 48 hộp sữa tươi tiệt trùng TH True Milk  HILO vị tự nhiên 180ml
Bach Hoa Online,Thùng 24 Lon Nước Ngọt Có Gaz Pepsi lon xanh (320ml/lon)
Bach Hoa Online,Thùng 24 hộp Sữa tươi tiệt trùng chứa tổ yến Vinamilk Green farm - hộp 180ml
Bach Hoa Online,Trung Nguyên Legend - Creamer đặc có đường Brothers - Lon 390gr
Bach Hoa Online,Trung Nguyên Legend Success 8 - Lon 340gr
Bach Hoa Online,Trung Nguyên Legend - Cà phê rang xay S Chinh phục - Bịch 500gr
Bach Hoa Online,Thùng Sữa đậu nành Vinasoy Fami Nguyên Chất ít đường (200ml x 36 Hộp)
Bach Hoa Online,Thùng 48 hộp Sữa Dinh Dưỡng Dutch Lady OmegaSmart Ít Đường 110 ml
Bach Hoa Online,Thùng Phở Bò Hà Nội Micoem Cung Đình (30 Gói)
Bach Hoa Online,"Dầu Olive Pomace Silarus 1L cao cấp, dùng chiên rán, nấu ăn, giảm chất béo có hại - thương hiệu Silarus nhập khẩu 100% từ Ý"
Bach Hoa Online,Thùng 24 Lon Nước Táo Lên Men Strongbow Vị Dâu Đỏ 320ml/lon
Bach Hoa Online,Sữa đặc có đường Dutch Lady cao cấp 380g
Bach Hoa Online,Thùng 24 Gói Miến Gói Phú Hương Hương Vị Sườn Heo Acecook
Bach Hoa Online,"Hạt khô Pedigree 100g cho chó con Vị Gà & Trứng NSX 2 thg 12, 2024 và HSD 26 thg 5, 2026"
Bach Hoa Online,"Thùng 48 hộp Thức Uống Sữa Tươi Trái Cây Tươi NuVi Vị Cam 110ml - Tăng Cường Chiều Cao, Phát Triển Trí Não"
Bach Hoa Online,Thùng 24 hộp sữa hạt cao đạm Vinamilk ít đường 180ml
Bach Hoa Online,Cà Phê Hòa Tan Sấy Lạnh Trung Nguyên Legend Gold - Hũ 100gr
Bach Hoa Online,"Cát Vệ Sinh Cho Mèo - CÁT NHẬT MIKAT (tên cũ cát MIN)  Khử Mùi, Vón Cục 8L"
Bach Hoa Online,"Viên Nhai ETO MODEX | Diệt Ve Rận, Bọ Chét, Ghẻ Demodex cho Chó"
Bach Hoa Online,Dầu Đậu Nành Simply 1L nguyên chất
Bach Hoa Online,Cà Phê Robusta Nguyên Chất Đất Cà Phê 250g | Pure Robusta Coffee 250g - Gu Đậm Đà
Bach Hoa Online,Cà Phê Nguyên Chất Specially Đất Cà Phê 250g - 8:2 Robusta & Moka | Pure Robusta & Moka Coffee Blend
Bach Hoa Online,Hạt Nêm Aji-ngon Gà 900g
Bach Hoa Online,Thức Ăn Cho Mèo Whiskas Adult 1+ Years Vị Cá Ngừ 3kg/Túi
Bach Hoa Online,Thùng 24 Gói Mì Xào Koreno Vị Gà Volcano 118g
Bach Hoa Online,Thùng 24 Gói Mì Koreno Rong Biển Vị Ngao 102g
Bach Hoa Online,Thùng 24 Gói Mì Cung Đình Kool Mì Gạo Lẩu Tôm Chua Cay Kiểu Thái 84g
Bach Hoa Online,Thùng 48 Chai x 80ml Sữa Chua Uống Vinamilk Susu Hương Táo Nho
Bach Hoa Online,Gạo Thơm Dẻo - Đặc Biệt ST25 Plus Neptune 5kg
Bach Hoa Online,Ngũ cốc ăn sáng MILO (Hộp 150g)
Bach Hoa Online,Set 1 gói Trà sữa/Cà phê Aikcheong Malaysia dùng thử (40g/25g)
Bach Hoa Online,Thùng 48 Bịch Sữa Tươi Tiệt Trùng Dutch Lady Cô Gái Hà Lan Hương Socola 180ml
Bach Hoa Online,Thùng Veyo Sữa hạt lên men tự nhiên Vị Cam Yuzu (30hộp x 180ml)
Bach Hoa Online,Đường Sạch Cô Ba
Bach Hoa Online,Đường Mía Thiên Nhiên 1kg
Bach Hoa Online,Xương ORGO Bổ Sung Canxi Gặm Sạch Răng Thơm Miệng Cho Chó Gói 90g
Bach Hoa Online,Sữa lúa mạch Nestlé MILO Nguyên chất 400g (hũ nhựa) - Giao mẫu ngẫu nhiên
Bach Hoa Online,Nước tương MAGGI đậu nành đậm đặc 700ml
Bach Hoa Online,Thùng 48 chai sữa chua uống hương dâu Fristi 80ml
Bach Hoa Online,Thùng 24 lon bia Heineken Silver Coolpack 250ml/lon
Bach Hoa Online,Cà phê hòa tan Nescafé 3in1 cà phê sữa đá (Hộp 10 gói x 24 g)
Bach Hoa Online,Sữa Lúa Mạch Nestlé MILO Lon Thùng 24 Lon x 240 ml (4x6x240ml)
Bach Hoa Online,Trung Nguyên Legend - Cà phê hoà tan rang xay 3in1 Cafe sữa đá - Hộp 9 gói x 25gr
Bach Hoa Online,Trung Nguyên Legend - Cà phê sữa hòa tan G7 3in1 - Bịch 100 sticks x 16gr (gói dài)
Bach Hoa Online,Trung Nguyên Legend - Cà phê rang xay Chế phin 1 - Bịch 500gr
Bach Hoa Online,Trung Nguyên Legend - Cà phê G7 hòa tan đen ( không đường) - bịch 100 sachets 2gr
Bach Hoa Online,Thùng 12 Hộp Sữa Đậu Nành Không Đường Goldsoy (1L)
Bach Hoa Online,Thùng 48 Hộp Sữa Chua Lên Men Tự Nhiên Yomost Vị Cam (170ml/Hộp)
Bach Hoa Online,Thùng 24 lon Bia Lager Tuborg (330ml/lon) - Độ cồn 4.6%
Bach Hoa Online,Thùng 48 hộp sữa uống lên men NuVi Có Đường 100ml
Bach Hoa Online,Thùng 48 bịch sữa tươi tiệt trùng Dalatmilk ít đường 220ml
Bach Hoa Online,[ ĐƠN 399K TẶNG 1 PHIN PHA CÀ PHÊ HIGHLANDS]  Cà phê rang xay Culi Highlands coffee 200g
Bach Hoa Online,"Chai xịt viêm da chó mèo (Alkin, Anh Quốc, 50ml)"
Bach Hoa Online,Cà Phê Blend Nguyên Chất Đất Cà Phê 500g - 70% Robusta & 30% Arabica | Pure Coffee Blend - Gu Hài Hòa
Bach Hoa Online,Cà Phê Blend Nguyên Chất Đất Cà Phê 250g - 70% Robusta & 30% Arabica | Pure Coffee Blend - Gu Hài Hòa
Bach Hoa Online,[Tặng Ca Đá] Combo 3 Bịch NESCAFE 3IN1 Công thức cải tiến - VỊ NGUYÊN BẢN Bịch 46 gói
Bach Hoa Online,[Combo 12 Gói] Thức Ăn Cho Mèo Con WHISKAS Junior 2-12 months Vị Cá Thu 80g/Gói
Bach Hoa Online,Thực phẩm bổ sung Trà Việt Quất và Hoa Atiso Đỏ NESTEA 10 gói x 12g
Bach Hoa Online,Thùng 12 Sữa tươi tiệt trùng Không đường Vinamilk Green Farm - hộp 1L
Bach Hoa Online,Cát Vệ Sinh Đậu Nành Cho Mèo Tofu Cat Litter Catsme 6L - YonaPetshop
Bach Hoa Online,Thùng 12 Hộp Hủ Tiếu Nam Vang Cung Đình (85g x12 hộp )
Bach Hoa Online,Thùng 48 Bịch Sữa Tiệt Trùng Dutch Lady Cô Gái Hà Lan Hương Dâu 180ml
Bach Hoa Online,Thùng 12 Hộp Sữa Tươi Tiệt Trùng Dutch Lady Cô Gái Hà Lan Không Đường (12 X 965ML)
Bach Hoa Online,Gạo Japonica Neptune 5kg
Bach Hoa Online,Đinh Hương Tự Nhiên Vipep Hũ Nhựa 40g
Bach Hoa Online,Dầu hào MAGGI chai 820g
Bach Hoa Online,Gạo Thơm Đặc Sản ST25 Neptune túi 5kg
Bach Hoa Online,"Gạo  ST25 Lúa Tôm Túi 5Kg - Cơm mềm dẻo, vị ngọt, thơm "
Bach Hoa Online,Thùng 24 Lon Nước Tăng Lực Sting Dâu (320ml/Lon)
Bach Hoa Online,Thùng 24 Lon Nước Ngọt Có Gas Mirinda Xá Xị (320ml/Lon)
Bach Hoa Online,Thùng Kem Đặc Có Đường Hoàn Hảo (12 Hộp x 1.27kg)
Bach Hoa Online,Rượu Vang Trắng Chile Bravo Sauvignon Blanc Tradicion 750ml 12% - 14% - Không Hộp
Bach Hoa Online,Rượu vang trắng Chateau Grand Plantey 750ml 11% - 13% Không hộp
Bach Hoa Online,Trung Nguyên Legend - Cà phê hòa tan G7 3in1 - Hộp 21 gói x 16gr
Bach Hoa Online,Trung Nguyên Legend - Cà phê hòa tan G7 3in1 - Bịch 50 sticks x 16gr (gói dài)
Bach Hoa Online,Trung Nguyên Legend - Cà phê rang xay Chế phin 5 - Bịch 500gr
Bach Hoa Online,Trung Nguyên Legend - Cà phê rang xay Chế phin 2 - Bịch 500gr
Bach Hoa Online,Thùng 48 hộp Sữa Tươi Tiệt Trùng Vinamilk Green Farm Organic 180ml
Bach Hoa Online,Thùng 48 Hộp Sữa Uống Tiệt Trùng Dutch Lady Cô Gái Hà Lan Dâu (48 x 180ml)
Bach Hoa Online,Sữa Đặc Ngôi Sao Phương Nam - Xanh (1.284kg)
Bach Hoa Online,Thùng 48 Hộp Sữa Chua Lên Men Tự Nhiên Yomost Vị Dâu (170ml/Hộp)
Bach Hoa Online,Thùng 48 Hộp Sữa Tươi Tiệt Trùng Dutch Lady Cô Gái Hà Lan Không Đường (48X180ml)
Bach Hoa Online,Thùng 48 Hộp Sữa Tươi Tiệt Trùng Dutch Lady Cô Gái Hà Lan Có Đường (48X180ml)
Bach Hoa Online,Thùng 12 Hộp Nước Dừa Cocoxim Tắc (330ml x12 Hộp)
Bach Hoa Online,Thùng 30 Gói Mì Khoai Tây Cung Đình Hương Vị Cua Bể Rau Răm
Bach Hoa Online,Yến Mạch Cán Dẹp Viettin Mart 500g
Bach Hoa Online,Thùng 50 chai Nước tăng lực Red Bull Red với Vitamin A+B12+C 145ml
Bach Hoa Online,[ ĐƠN 399K TẶNG PHIN PHA CÀ PHÊ HIGHLANDS] Cà phê Rang xay Moka Highlands Coffee 200g
Bach Hoa Online,Cà phê hạt Full City Roast Highlands Coffee 1kg
Bach Hoa Online,[ĐƠN 399K TẶNG 1 PHIN PHA CÀ PHÊ] Cà bột Truyền thống Highlands Coffee 1kg
Bach Hoa Online,[ĐƠN HÀNG 399K TẶNG 1 BÌNH NƯỚC HIGHLANDS] Thùng 24 lon cà phê sữa Highlands Coffee 185ml
Bach Hoa Online,"Dầu Hào Cao Cấp Nestlé MAGGI Bào Ngư chai 820g - 1 bước xào, óng ánh chuẩn nhà hàng. Chai lớn, giá tiết kiệm 10%"
Bach Hoa Online,Thùng 20 Chai Nước Uống Ion Kiềm Cao Cấp Đóng Chai Fujiwa 680ml - Nước uống Detox với Công Nghệ Điện Phân Ion Kiềm
Bach Hoa Online,Hạt Nêm Aji-ngon Heo 400g
Bach Hoa Online,Hạt me-o túi 350g dành cho mèo đủ vị xuất xứ Thái Lan
Bach Hoa Online,(5KG) THỨC ĂN HẠT CHO MÈO MỌI LỨA TUỔI CATSRANG
Bach Hoa Online,Combo 4 Trà Lipton Ice Tea Vị Chanh Mật Ong 16gói x 12gram/hộp
Bach Hoa Online,[HỘP 6 GÓI] Snack Rong Biển TaoKaeNoi Big Roll 3G Thái Lan Chính Hãng Ăn Vặt Healthy
Bach Hoa Online,Combo 2 bịch thức uống ca cao lúa mạch Milo Regular (600g)
Bach Hoa Online,"Hạt nêm Meizan Thịt, Xương Ống, Tủy, Cà Rốt - Vị heo"
Bach Hoa Online,Hạt nêm MAGGI Xương Hầm 3 ngọt Heo gói 900g
Bach Hoa Online,Hạt nêm cao cấp MAGGI vị Nấm Hương gói 450g
Bach Hoa Online,Thùng 48 hộp Sữa Dinh Dưỡng Dutch Lady OmegaSmart Ít Đường 180 ml
Bach Hoa Online,Trung Nguyên Legend - Cà phê phin giấy Vietnamese Blend - Hộp 10 gói x 10gr
Bach Hoa Online,Trung Nguyên Legend - Cà phê hoà tan rang xay Cappuccino Hazelnut - Hộp 12 gói x 18gr
Bach Hoa Online,Đường Phèn Biên Hòa Pro (500gr)
Bach Hoa Online,Trung Nguyên Legend - Cà phê rang xay Sáng tạo 4 - Bịch 340gr
Bach Hoa Online,"Cà phê hạt Arabica Cầu Đất nguyên chất 100% Coffee Tree 1kg thơm nồng, vị nhẹ, gu tây - Cà phê Đà Lạt tuyển chọn hoàn toàn trái chín rang công nghệ Châu Âu"
Bach Hoa Online,Trung Nguyên Legend - Cà phê hoà tan rang xay 3in1 Special Edition - Hộp 18 gói x 25gr
Bach Hoa Online,Trung Nguyên Legend - Cà phê hoà tan rang xay Passiona - Hộp 14 gói x 16gr
Bach Hoa Online,Trung Nguyên Legend - Cà phê rang xay House Blend - Hộp 500gr
Bach Hoa Online,200gr Trà kỷ tử - Câu kỷ tử - Loại cao cấp
Bach Hoa Online,Thùng 48 bịch sữa tươi tiệt trùng TH True Milk  ít đường 220ml
Bach Hoa Online,Thùng 12 Hộp Phở Bò Hà Nội Cung Đình
Bach Hoa Online,Thùng 48 Hộp Sữa Chua Lên Men Tự Nhiên Yomost Bạc Hà - Việt Quất (170ml/Hộp)
Bach Hoa Online,Thùng 48 Hộp Sữa Uống Dutch Lady Cô Gái Hà Lan Vị Dâu Cao Khỏe (48X170ml)
Bach Hoa Online,Thùng Mì Gói Hảo Hảo Hương Vị Tôm Xào Chua Ngọt
Bach Hoa Online,Bánh Ăn Sáng Nestle Cflakes (275g)
Bach Hoa Online,"Thùng 48 hộp Sữa Lúa Mạch Cacao Có Thạch NuVi 170ml - Phát Triển Chiều Cao, Tăng Cường Trí Nhớ"
Bach Hoa Online,Thùng 48 hộp sữa tươi tiệt trùng TH True Milk  nguyên chất 110ml
Bach Hoa Online,Thùng 48 hộp sữa tươi tiệt trùng Dalatmilk ít đường 180ml
Bach Hoa Online,Nước mắm CHIN-SU Cá Hồi đậm đặc MN 500ml
Bach Hoa Online,Combo 2 bịch hạt Nêm Vị Heo Meizan 400g
Bach Hoa Online,Bột Nêm Thịt Gà Ajinomoto 1kg
Bach Hoa Online,Dầu Hào Nam Dương 615g
Bach Hoa Online,"[Combo 12 Gói] Thức Ăn Cho Mèo WHISKAS 1+ years Vị Cá Ngừ, Cá Trắng 80g/Gói"
Bach Hoa Online,[Combo 12 Gói] Thức Ăn Cho Mèo WHISKAS 1+ years Vị Cá Thu 80g/Gói
Bach Hoa Online,Ngũ cốc ăn sáng KOKO KRUNCH (Hộp 300g)
Bach Hoa Online,"Nước tương mật hoa dừa Organic Sokfarm - Cắt giảm muối, không từ đậu nành, không chất bảo quản, thuần chay, thuần thực vật"
Bach Hoa Online,Vi Sinh Làm Trong Nước  Bể Cá Extrabio 125ml 250ml 500ml 1000ml
Bach Hoa Online,Gói bột chiên giòn Meizan 1kg
Bach Hoa Online,"Hantox Spray diệt ve rận, bọ chét trên chó mèo (chai 100ml)"
Bach Hoa Online,Sữa chua uống hương dâu Vinamilk Susu - Thùng 48 hộp 110ml.
Bach Hoa Online,Trà Xanh Hương Dứa Dalatfarm - Hộp 110Gr
Bach Hoa Online,Bánh dứa Yeou Bin Mini Pineapple Cake hộp 470gr
Bach Hoa Online,Trung Nguyên Legend - Cà phê sữa hòa tan G7 3in1 gu mạnh - Hộp 12 gói x 25gr
Bach Hoa Online,Trung Nguyên Legend - Cà phê rang xay Sáng tạo 8 - Hộp 250gr
Bach Hoa Online,Trung Nguyên Legend - Cà phê rang xay Sức sống Nâu - Bịch 500gr
Bach Hoa Online,Cà Phê Đen Hòa Tan Espresso KING COFFEE - Hộp 100 gói x 2.5g
Bach Hoa Online,Thùng sữa đậu nành Vinasoy Fami Canxi Nguyên vị (200ml x 36 hộp
Bach Hoa Online,Thùng 48 Hộp Sữa Trái Cây Hương Cam KUN 180ml/hộp(có thẻ)
Bach Hoa Online,Thùng 48 Hộp Sữa Trái Cây Hương Nho KUN 180ml/hộp(có thẻ)
Bach Hoa Online,Thùng 30 Gói Mì Khoai Tây Cung Đình Hương Vị Sườn Hầm Ngũ quả
Bach Hoa Online,Thùng 30 Gói Mì Khoai Tây Cung Đình Hương Vị Bò Hầm
Bach Hoa Online,Thùng 12 hộp Sữa tươi tiệt trùng ít béo Meadow Fresh 1L
Bach Hoa Online,Thùng 48 Hộp Sữa Uống Dutch Lady Cô Gái Hà Lan Có Đường Cao Khỏe (48X170ml)
Bach Hoa Online,Hộp 01kg Gạo Phúc Thọ đen (Gạo lứt đen)  - Tốt cho tim mạch và tiểu đường
Bach Hoa Online,Trà Sữa Hòa Tan Royal Myanmar Teamix Royal010600 (30 Gói) - [8888311091083]
Bach Hoa Online,Thùng Mì Gói Hảo Hảo Hương Vị Satế Hành Tím (30 gói)
Bach Hoa Online,Đồ Ăn Cho Mèo Lớn Whiskas Vị Cá Biển Túi 480g
Bach Hoa Online,Bánh Xương Chăm Sóc Răng Dành Cho Chó Nhỏ Pedigree-56g
Bach Hoa Online,Đồ Ăn Cho Chó Vị Thịt Bò Và Các Loại Rau Củ Pedigree Dạng Túi 1.5kg
Bach Hoa Online,Thùng 6 hộp Sữa yến mạch OATSIDE vị nguyên bản Barista Blend 1L
Bach Hoa Online,Thùng 24 lon Bia Lager Halida (330ml/lon) - Độ cồn 4.5%
Bach Hoa Online,Trung Nguyên Legend - Cà phê sữa hoà tan rang xay 3in1 Special Edition - Hộp 18 gói x 25gr
Bach Hoa Online,ÁO THUN ẤM DỄ THƯƠNG CHO THÚ CƯNG CHÓ MÈO
Bach Hoa Online,BỘT CACAO NGUYÊN CHẤT TÂN LỘC PHÁT
Bach Hoa Online,Lương Khô SBT Cung Cấp Năng Lượng Nhanh Chóng
Bach Hoa Online,"Viên nhai Vemedim Eto Modex diệt ve rận, bọ chét chó"
Bach Hoa Online,Thùng Sữa hạt Veyo lên men tự nhiên Vị Nguyên bản Ít đường (30hộp x 180ml)
Bach Hoa Online,[Combo 12 Gói] Thức Ăn Cho Mèo Con WHISKAS Junior 2-12 months Vị Cá Ngừ 80g/Gói
Bach Hoa Online,"[Combo 12 Gói] Thức Ăn Cho Mèo WHISKAS 1+ years Vị Cá Ngừ, Gà 80g/Gói"
Bach Hoa Online,Thùng 6 Lốc Mì ăn liền Koreno Vị Bò Cay Lốc 5 +1 gói
Bach Hoa Online,Thùng 30 Gói Mì Ăn Liền Koreno Vị Kim Chi 75g
Bach Hoa Online,Ngũ cốc ăn sáng MILO (Hộp 300g)
Bach Hoa Online,Thùng 24 lon nước tăng lực RedBull Extra 250ml
Bach Hoa Online,Thùng 48 hộp sữa lúa mạch MILO 110ml (48x110ml)
Bach Hoa Online,Gạo Thơm Thượng Hạng Neptune Nhãn Vàng 5kg
Bach Hoa Online,"Vemedim ETO Modex viên uống diệt ve, rận, bọ chét, viêm da do Demodex, Sarcoptes cho chó"
Bach Hoa Online,Bánh Gấu Nhân Kem DTfood 1kg
Bach Hoa Online,Đậu Phộng Da Cá Viettin Mart 250G/500G/1KG
Bach Hoa Online,Đường Vàng Cô Ba 1kg
Bach Hoa Online,"Muối hồng Himalaya GUfoods (dạng hạt mịn) - Tự nhiên, Giàu khoáng chất vi lượng, Không phụ gia, Không tinh chế"
Bach Hoa Online,Hạt bí xanh tách vỏ (500gr)
Bach Hoa Online,Trà Đen Nguyên Lá Đặc Biệt Dalat Farm - Hộp 100Gr
Bach Hoa Online,Cà Phê Hòa Tan 100% Đen Thuần Khiết KING COFFEE - Hộp 15 gói x2g
Bach Hoa Online,Mù tạt tươi S&B Wasabi 43g - 4901002066550
Bach Hoa Online,GẠO NHẬT TAWARAYA HOKKAIDO NANATSUBOSHI - GẠO TRẮNG - XÁT DỐI
Bach Hoa Online,Trà Xanh Thái Nguyên Khánh Nga
Bach Hoa Online,Bánh Thưởng Cho Mèo Temptations Vị Gà 75g/túi
Bach Hoa Online,Thùng 24 Chai Nước Tăng Lực Có Gas Warrior Vị Dâu 330ml
Bach Hoa Online,Sữa dinh dưỡng Vinamilk ADM Có Đường - Thùng 48 hộp 110ml
Bach Hoa Online,Đậu gà trắng Canada (White Chickpeas)
Bach Hoa Online,Trung Nguyên Legend - Cà phê rang xay Sáng tạo 8 - Hộp 500gr
Bach Hoa Online,Thùng 48 hộp Sữa trái cây KUN hương cam có thạch 170ml(có thẻ)
Bach Hoa Online,Sữa hạt Macca Nguyên chất 137 DEGREES 1000ml
Bach Hoa Online,Thùng 12 hộp Trà Atisô ít đường Vinamilk - Hộp giấy 1L
Bach Hoa Online,"Trà cây dòi tím túi lọc Tuệ Tâm - Trà túi lọc cây dòi tím - Mỗi hộp có 30 gói 3g - Dùng cho người ho, ho lâu ngày, phổi yếu"
Bach Hoa Online,"Trà túi lọc Lá mâm xôi rừng- Làm đẹp niêm mạc, hỗ trợ thả tự nhiên và chuyển phôi ivf, iui"
Bach Hoa Online,Nước tương MAGGI đậu nành thanh dịu 700ml
Bach Hoa Online,[Combo 12 Gói] Thức Ăn Cho Mèo WHISKAS 1+ years Vị Cá Saba 80g/Gói
Bach Hoa Online,Thùng 24 Gói Mỳ vị Nấm Koreno 100g
Bach Hoa Online,Ngũ Cốc sấy khô Calbee nội địa Nhật Bản - đủ các màu
Bach Hoa Online,Hạt chia không biến đổi gen hữu cơ Peru_Organic chia seeds non GMO from Peru
Bach Hoa Online,Thùng 48 hộp Sữa đặc có đường Dutch Lady cao cấp (48 hộp x 380g)
Bach Hoa Online,Thùng 48 hộp thức uống từ sữa chua lên men tự nhiên hiệu Fristi 100ml
Bach Hoa Online,[ 5 KG ] - Thức ăn hạt cho mèo mọi lứa tuổi Catsrang Hàn Quốc
Bach Hoa Online,"Gạo Thơm ST25 Túi 5Kg A An - Cơm mềm dẻo, thơm nhẹ, vị ngọt"
Bach Hoa Online,Thùng 48 chai sữa chua uống hương Đào Tiên Nhật Bản Fristi 80ml
Bach Hoa Online,Bánh Bông Lan Cuộn Hura Layer Cake 300 gam Bibica
Bach Hoa Online,Thùng 48 hộp Sữa Tươi Tiệt Trùng Vinamilk Green Farm có đường 180ml
Bach Hoa Online,Đậu đen xanh lòng rang sẵn - 1kg - (MS ) - Đậu đen xanh lòng hữu cơ - hạt nhỏ thuần chủng
Bach Hoa Online,Thùng 24 Lon Bia Larue (330ml/lon)
Bach Hoa Online,Xí muội ngọt - Vị chua ngọt - Ô Mai Đào Không Hạt 500gr)
Bach Hoa Online,Trung Nguyên Legend - Cà phê hoà tan rang xay 3in1 Special Edition - Hộp 9 gói x 25gr
Bach Hoa Online,Dầu gạo lứt Simply 2L
Bach Hoa Online,"Combo 2 lon sữa bột Bonecare Calcimax+: dành cho người từ 18 tuổi trở lên bổ sung canxi phòng ngừa loãng xương, tim mạch và tiểu đường."
Bach Hoa Online,Bột cần tây nguyên chất Goce - 72g (24 gói x 3g) - Tan mỡ giảm cân
Bach Hoa Online,Thùng 48 Hộp sữa dinh dưỡng Vinamilk ADM Gold IQ có đường 180ml
Bach Hoa Online,Thùng 48 Hộp Sữa Trái Cây KUN Hương Dâu 180ml/hộp(có thẻ)
Bach Hoa Online,Thùng 48 Hộp Sữa Nestlé Milo Ít Đường (180ml/ Hộp)
Bach Hoa Online,Thùng 12 hộp Sữa tươi tiệt trùng nguyên kem Meadow Fresh 1L hàng New Zealand
Bach Hoa Online,Gạo lứt nâu hữu cơ cao cấp/ECOBA Kim Mễ 1kg - Gạo lứt giảm cân - Cơm ngon mềm dẻo
Bach Hoa Online,Nui Cao Cấp Meizan (400g)
Bach Hoa Online,Thùng 12 Hộp Nước Dừa Cocoxim Xanh (330ml x12 Hộp)
Bach Hoa Online,Trung Nguyên Legend - Cà phê hòa tan G7 2in1 - Hộp 15 gói x 16gr
Bach Hoa Online,Thùng 12 Tô Mì Khoai Tây Cung Đình Hương Vị Lẩu Tôm Chua Cay
Bach Hoa Online,"Gạo Japonica GUfoods (túi 1kg) - Ăn dặm cho bé, Làm sushi/cơm cuộn, Dẻo ngọt ngon cơm"
Bach Hoa Online,Thùng 6 hộp Sữa yến mạch OATSIDE vị Sô-cô-la Lúa Mạch 1L
Bach Hoa Online,"Thức Ăn Cho Chó Trưởng Thành Pedigree Adult 1+ Years Vị Gà, Rau Củ 1.5kg/Túi"
Bach Hoa Online,Thùng 24 Chai Nước Uống Pororo Hương Vị Sữa 235ml
Bach Hoa Online,Thùng 30 Gói Mì 3 Miền Tôm Hùm 65g
Bach Hoa Online,GẠO LỨT NHẬT HOKKAIDO YUMEPIRIKA
Bach Hoa Online,Bánh gạo nướng One One 7 vị lựa chọn
Bach Hoa Online,Thùng 30 Gói Cháo Yến Mạch Thịt Heo Bằm Xuân An 40G (Tặng Kèm 5 Gói)
Bach Hoa Online,Hạt Óc Chó Đỏ Tách Vỏ Mỹ/ 500gr - Thương Hiệu Holinut
Bach Hoa Online,Đậu Gà Hữu Cơ Viettin Mart 1kg
Bach Hoa Online,"Xương ORGO, Xương Gặm Sạch Răng Thơm Miệng Cho Chó, Gói 90g"
Bach Hoa Online,Hạt Nêm Rong Biển Ajinomoto Nhật Bản Cho Bé
Bach Hoa Online,Quế Cây Tự Nhiên Vipep Hũ Nhựa 200g
Bach Hoa Online,Đặc Sản Kon Tum - 1Kg Chuối Hột Rừng Hàng đẹp Giá Rẻ chuyên Ngâm Chum  OCOP 3 Sao
Bach Hoa Online,Trung Nguyên Legend - Cà phê hòa tan G7 3in1 - Bịch 20 sachets x 16gr (gói vuông)
Bach Hoa Online,Bột Matcha Trà Xanh Dalat Farm - Hộp 110Gr
Bach Hoa Online,Thùng 24 Hộp Sữa Bắp Non LOF 180ml/hộp
Bach Hoa Online,Dầu dừa nguyên chất ép lạnh hữu cơ Vietcoco 1L
Bach Hoa Online,"Cà phê bột Robusta nguyên chất 100% 500gr  - Coffee Tree thơm ngon, đậm đà"
Bach Hoa Online,"Cà phê bột Arabica Cầu Đất 500g nguyên chất 100% Coffee Tree  thơm nồng, vị nhẹ, gu tây"
Bach Hoa Online,Hạt chia đen ( 500gr)
Bach Hoa Online,Trung Nguyên Legend - Cà phê phin giấy Fusion Blend - Hộp 10 gói x 10gr
Bach Hoa Online,"Bánh gạo lứt GUfoods (510g) - Không chiên dầu, Không đường, Từ gạo và ngũ cốc nguyên hạt, Lành mạnh, Phù hợp Eat clean, Ăn vặt healthy, Thực dưỡng, Tập gym, Thuần chay, Đa dạng hương vị"
Bach Hoa Online,Bột Cacao Đắk Lắk nguyên chất 100% - Hủ 500g
Bach Hoa Online,Cà phê bột 100% nguyên chất truyền thống số 2 (500gr) Coffee Tree gu vừa vị chuẩn truyền thống
Bach Hoa Online,Chè dây cao bằng loại nhiều tuyết nhiều lá - Gói 500gr
Bach Hoa Online,Thùng 48 hộp thức uống lúa mạch hương vị socola Ovaltine DHA+ 180ml
Bach Hoa Online,"Sữa bột Wincofood Bonecare Calcimax+ 850g dành cho người từ 18 tuổi trở lên bổ sung canxi - Collagen và đường Isomalt phòng ngừa loãng xương, giúp chống lão hóa đẹp da và ngừa tiểu đường."
Bach Hoa Online,Thùng 48 Hộp Sữa Chua Lên Men Tự Nhiên Yomost Trái Lựu (170ml/Hộp)
Bach Hoa Online,Thùng 12 Hộp Nước Dừa Cocoxim Sen (330ml x12 Hộp)
Bach Hoa Online,Thùng 12 Tô Mì Khoai Tây Cung Đình Kool Sốt Spaghetti Hương Vị Thịt Bò Bằm Và Cà Chua 105g
Bach Hoa Online,Thùng 24 Ly Mì Khoai Tây Cung Đình Hương Vị Cua Bể Rau Răm (65g/Ly)
Bach Hoa Online,Thùng 30 Gói Mì Cung Đình Hương Vị Thịt Hầm Nấm (79g/Gói)
Bach Hoa Online,[ Quà Tết Cao Cấp - TRÀ VIỆT ] – Hộp Quà Tâm Phúc Giấy Gân Nổi Mỹ Thuật – Quà Tặng Sang Trọng
Bach Hoa Online,Cà Phê Robusta Rang Mộc Nguyên Chất Đất Cà Phê 500g | Pure Robusta Coffee 500g - Gu Đậm Đà
Bach Hoa Online,Lương Khô Dinh Dưỡng Mix 13 Vị 500g
Bach Hoa Online,"INDOFOOD - Mì xào khô Indomie Goreng vị Đặc biệt, Mì Indomie vị Đặc biệt, Mì xào Indomie, Mì Indomie Indonesia (85g/gói)"
Bach Hoa Online,"Tinh bột chuối tiêu xanh sấy lạnh FTAKY - Hàm lượng tinh bột kháng cao vượt trội 31,9% hỗ trợ tiêu hóa, đã được kiểm nghiệm"
Bach Hoa Online,HẠT HƯỚNG DƯƠNG CHẮC HẠT BỔ DƯỠNG TÂN LỘC PHÁT
Bach Hoa Online,"Cà Phê Specially Nguyên Chất 500g Đất Cà Phê - Robusta và Moka Cầu Đất, Gu Tinh Tế | Specially Roasted Coffee 500g"
Bach Hoa Online,Hạt Dinh Dưỡng Sấy Giòn Tẩm Vị Mix Đậu
Bach Hoa Online,Thùng Veyo Sữa hạt 5 loại cao cấp (30 hộp x 180ml)
Bach Hoa Online,Thức Ăn Cho Mèo Whiskas Adult 1+ Years Vị Saba Nướng 1.2kg/Túi
Bach Hoa Online,Ngũ cốc ăn sáng Fitnesse Granola Nam Việt Quất & Hạt Bí Ngô (gói 300g)
Bach Hoa Online,Thùng 24 Chai Trà Mật Ong vị Tắc BONCHA 450ml
Bach Hoa Online,Thùng 48 hộp Sữa lúa mạch hương socola LOF MALTO 180ml/hộp
Bach Hoa Online,Hạt Yến Mạch Nguyên Cám Úc Xuân An [ko đường] Túi 500G (hạt nguyên chưa cán)(ko quà tặng)
Bach Hoa Online,Quế thanh các loại ngắn gia vị nấu ăn và làm trà
Bach Hoa Online,"Hạt mix 8 loại hạt dinh dưỡng (Hạt macca, óc chó vàng, óc chó đỏ, hồ đào, hạnh nhân, hạt dẻ cười, hạt điều, bí xanh)"
Bach Hoa Online,"Thức ăn Cá Koi GREENABC - Koi Fish - Protein 40 tăng size, tăng màu, tiêu hóa tốt - Hộp 950g"
Bach Hoa Online,"Vemedim Flucozol pet dùng cho chó, mèo, thỏ, chim cảnh, gà cảnh nấm ngoài da, nấm hô hấp, chai 30ml"
Bach Hoa Online,Yến Mạch Cán Dẹt Real Food (1kg)
Bach Hoa Online,Sữa Tắm Dành Riêng Cho Chó Mèo OLIVE ESSENCE
Bach Hoa Online,"Vemedim Marbovitryl FD - Đặc trị bệnh nhiễm trùng, đường hô hấp, tiết niệu trên chó, mèo, hộp 10 viên"
Bach Hoa Online,Nho Khô Chile 3 màu hộp 500gr
Bach Hoa Online,Ðường Mía Khoáng Chất 1kg
Bach Hoa Online,"Tương ớt Mường Khương 500ml, Đặc sản Lào Cai, vị cay truyền thống, sản xuất thủ công, không chất bảo quản, phụ gia, hóa chất"
Bach Hoa Online,"Bánh Quy Quasure Light Sữa hộp 140 gram Bibica - thực phẩm dành cho người ăn kiêng, tiểu đường"
Bach Hoa Online,Rượu vang trắng Argentina Intis Chardonnay Chenin 750ml 12% - 14% Không hộp
Bach Hoa Online,"Gạo Basmati India (Ấn Độ) 1121, chỉ số đường huyết (GI) thấp, tốt cho người bị tiểu đường, Túi 5kg"
Bach Hoa Online,"Bánh gạo lứt GUfoods (170g) - Không chiên dầu, Không đường, Từ gạo và ngũ cốc nguyên hạt, Lành mạnh, Phù hợp Eat clean, Ăn vặt healthy, Thực dưỡng, Tập gym, Thuần chay, Đa dạng hương vị"
Bach Hoa Online,Trà hoa cúc trắng - Trà bạch cúc 100g
Bach Hoa Online,"Thuốc bôi trị viêm da, ghẻ cho chó, mèo Vemedim Anti-Derm tube 40g"
Bach Hoa Online,200gr Trà hắc kỷ tử - Kỷ tử đen
Bach Hoa Online,Cà Phê Rang Xay Expert Blend 3 KING COFFEE - Túi 500g
Bach Hoa Online,Thùng 48 hộp Sữa đậu nành Vinamilk hạt hạnh nhân 180ml
Bach Hoa Online,Đồ Ăn Cho Chó Vị Thịt Bò Và Rau Củ Pedigree (3Kg)
Bach Hoa Online,Thùng 24 Ly Mì Khoai Tây Cung Đình Hương Vị Lẩu Tôm Chua Cay
Bach Hoa Online,Sữa Bột Full Cream Devondale (1Kg / Túi)
Bach Hoa Online,"Bột Chuối Xanh Ftaky OCOP 3 Sao, Sấy Lạnh, Giàu Tinh Bột Kháng hộp 500g"
Bach Hoa Online,Dầu Oliu Nguyên Chất Thượng Hạng Oleum Crete
Bach Hoa Online,"Combo Bánh Tráng Phơi Sương, Bơ, Muối Tép Hành Phi Viettin Mart 400g/850g"
Bach Hoa Online,15KG Thức ăn cho mèo Minino Tuna Flavored - Thức ăn hạt cho mèo vị cá ngừ
Bach Hoa Online,Thức Ăn Cho Mèo Con Whiskas Junior 2-12 MonthsVị Cá Biển 450g/Túi
Bach Hoa Online,"Cà Phê ESPRESSO - Rang Mộc Nguyên Chất (Gói 500g) Tặng Thìa Đong Cà Phê - Pha Máy Hoặc Pha Phin - Hậu Đậm, Vị Đắng Nhẹ, Mùi Hương Thanh Thoát- Coffee New"
Bach Hoa Online,Trà Dây Thìa Canh hộp 30 Túi Lọc x 3Gram của Siêu Thị Thiên Nhiên
Bach Hoa Online,Wonder Cats - Thức ăn hạt CHO MÈO MỌI LỨA TUỔI loại 1kg/5kg
Bach Hoa Online,Bánh Quy Bơ Hình Thú VIETTINMART 500g
Bach Hoa Online,Tã Lót Chuồng Miếng Lót Vệ Sinh Cho Chó Mèo Siêu Thấm Hút Dono
Bach Hoa Online,Khô gà lá chanh thơm ngon chất lượng hiệu SK FOOD - Hũ 300G
Bach Hoa Online,Canh rong biển đậu hũ khô Nagaya (canh Miso) Nhật Bản 100g
Bach Hoa Online,"Dầu ăn Sailing Boat Gold Plus 1L giàu Omega 3,6,9 và chất chống oxy hóa [FREESHIP]"
Bach Hoa Online,Cà phê hạt/bột pha máy PROCAFFE MISCELA. Túi 1kg Cà phê rang mộc nguyên chất - Hàng chính hãng
Bach Hoa Online,Thùng 24 Lon Nước Uống Có Gaz Pepsi Vị Chanh Không Calo (320ml/Lon)
Bach Hoa Online,Thức uống sữa trái cây vị cam Vinamilk Hero - Thùng 48 hộp 110ml
Bach Hoa Online,"Gạo Mầm Vibigaba Hộp 1Kg - Ổn định đường huyết và huyết áp, làm chậm quá trình lão hóa và giúp hệ tiêu hóa khỏe mạnh"
Bach Hoa Online,"Bột Hạt Lanh Nâu Ấn Độ – Giàu Omega-3, Chất Xơ, Hỗ Trợ Tiêu Hóa, Tốt cho tim mạch, Túi 400g"
Bach Hoa Online,Trung Nguyên Legend Success 3 - Lon 340gr
Bach Hoa Online,Trà cây xạ đen hòa bình - Gói 1kg
Bach Hoa Online,Cà phê bột truyền thống số 1 (500gr) Coffee Tree 100% nguyên chất gu đậm hương nhẹ
Bach Hoa Online,"Sữa bột Wincofood GoldCare Canxi: dinh dưỡng ít béo ngừa tiểu đường, bổ sung canxi giúp xương chắc khỏe, MUFA, PUFA tốt cho tim mạch, phù hợp cho người từ 30 tuổi trở lên."
Bach Hoa Online,200gr Trà cỏ ngọt
Bach Hoa Online,Trà sơn mật hồng sâm - Gói 1kg
Bach Hoa Online,1kg Trà mảng cầu xiêm
Bach Hoa Online,Combo 2 Chai Dầu Ăn Hoa Cải Ajinomoto (1Lít/Chai)
Bach Hoa Online,Thùng 48 Hộp Sữa dinh dưỡng Hương Dâu Vinamilk ADM (110ml)
Bach Hoa Online,Thùng 48 Hộp Sữa Trái Cây Hương Dâu KUN 110ml/hộp(có thẻ)
Bach Hoa Online,Thùng 48 Chai Sữa Chua Uống Cam KUN 85ml/chai
Bach Hoa Online,Trà Khổ Qua Rừng Túi Lọc (Sấy Lạnh) Hương Sen Việt (25 Túi x 2g)
Bach Hoa Online,Thùng 12 hộp Sữa Tươi Tiệt Trùng Giàu Canxi Ít Béo Meadow Fresh 1L hàng New Zealand
Bach Hoa Online,Đậu Lăng xanh (Green Lentil) nhập khẩu từ Canada
Bach Hoa Online,Thức Ăn Cho Mèo Royal Canin Hairball Care  2kg
Bach Hoa Online,Bột ngũ cốc Calsome
Bach Hoa Online,Thức Ăn Cho Mèo Con Royal Canin Kitten (2kg)
Bach Hoa Online,Thùng 24 Lon Nước Tăng Lực Red Bull (250ml x24 Lon)
Bach Hoa Online,"Hộp thiếc Bánh Quy Yến Mạch Quaker 400G 3 vị (Hạnh Nhân, Socola, Nho Khô)"
Bach Hoa Online,"Thùng 48 hộp Thức Uống Sữa Tươi Trái Cây Tươi NuVi Vị Nho 180ml - Tăng Cường Chiều Cao, Phát Triển Trí Não"
Bach Hoa Online,Thùng 48 hộp sữa tươi tiệt trùng TH True Milk  hương dâu tự nhiên 110ml
Bach Hoa Online,HẠT HƯỚNG DƯƠNG TÂN LỘC PHÁT HẠT ĐỀU GIÒN THƠM
Bach Hoa Online,COMBO SỮA ĐẶC CÓ ĐƯỜNG ÔNG THỌ ĐỎ VINAMILK CÓ NẮP VẶN - HỘP GIẤY 1 KG
Bach Hoa Online,Nước Tương MAGGI Đậu Nành Thanh Dịu 450ml
Bach Hoa Online,Thùng 30 Gói Mì 3 Miền Gold Tôm Chua Cay Đặc Biệt 75g
Bach Hoa Online,Bột trà xanh Matcha nguyên chất Nhật Bản
Bach Hoa Online,Combo 3 Lay’s Stax Khoai Tây Miếng Vị Thịt Nướng BBQ 90gr
Bach Hoa Online,Combo 3 Lay's Stax Khoai Tây Miếng Vị Tôm Hùm Nướng Ngũ Vị 90gr
Bach Hoa Online,[DATE MỚI] [ 5KG ] - Thức ăn hạt Cho Mèo Mọi Lứa Tuổi Catsrang chính hãng
Bach Hoa Online,[TOP SALE] TỔ YẾN CHƯNG ĐƯỜNG PHÈN 100% Tổ Yến Thật (Hàm Lượng 30%) (6 Lọ X 70ML) - Đệ Nhất Yến Đảo - Tăng Sức Đề Kháng - Kích Thích Tiêu Hóa - An Thần - Bổ Phế - Long Đờm - Giảm Ho - Tăng Cường Trí Nhớ - Kéo Dài Thanh Xuân
Bach Hoa Online,Cà Phê Robusta B'Lao Farm Cà Phê Nguyên Chất Dành Cho Pha Phin Và Pha Máy Gu Truyền Thống Đắng Đậm Thơm C1
Bach Hoa Online,COMBO 5 Gói Thức Ăn Hạt Cho Mèo Trưởng Thành Từ Thái Lan Zoi Cat 1kg - YonaPetshop
Bach Hoa Online,Khoai Tây Que Phô Mai Viettin Mart 500G
Bach Hoa Online,Xúc Xích Cao Cấp Dinh Dưỡng Cho Chó Mèo Taotaopets Mẫu Mới 30x15g - YonaPetshop
Bach Hoa Online,"Bột sắn dây nguyên chất Thành Nhàn (500g)- 100% Sắn dây tự nhiên loại 1, an toàn, sạch sẽ không chất bảo quản"
Bach Hoa Online,"Bột cacao nguyên chất GUfoods - Thành phần tự nhiên, Không pha trộn, Eat clean, Pha chế healthy, Làm đẹp (hũ 150g)"
Bach Hoa Online,Rượu Vang Trắng Ballon D'OR Sauvignon Blanc Varietal 750ml 12% - 14% - Không Hộp
Bach Hoa Online,"Cà phê hạt Robusta nguyên chất 100% 1kg - Coffee Tree thơm ngon, đậm đà"
Bach Hoa Online,Trung Nguyên Legend - Cà phê phin giấy Americano - Hộp 10 gói x 10gr
Bach Hoa Online,Quả táo đỏ thái lát - Loại cao cấp thơm ngon (500gr)
Bach Hoa Online,Trung Nguyên Legend - Cà phê hoà tan rang xay Cappuccino Mocha - Hộp 12 gói x 18gr ( có sữa)
Bach Hoa Online,Trà tim sen - Cao cấp
Bach Hoa Online,Thùng 48 hộp Sữa đậu nành Vinamilk hạt đậu đỏ 180ml
Bach Hoa Online,Trung Nguyên Legend - Cà phê hạt rang Success 2 - Bịch 1kg
Bach Hoa Online,Đậu lăng nâu Whole Brown Lentils
Bach Hoa Online,Thùng 12 Hộp Sữa Tươi Tiệt Trùng Vinamilk 100% Organic Không Đường (1lít)
Bach Hoa Online,Giấm táo hữu cơ Bragg
Bach Hoa Online,Gạo Hạt Ngọc Trời Tiên Nữ (5KG)
Bach Hoa Online,"Sữa bột Bonecare dưỡng chất cho xương và khớp dành cho người từ 30 tuổi trở lên phòng ngừa đau xương khớp, viêm khớp, đặc biệt là người bệnh xương và khớp"
Bach Hoa Online,Mì Trứng Cao Cấp Meizan (500g)
Bach Hoa Online,Đồ Ăn Cho Chó Vị Thịt Bò Và Các Loại Rau Củ Pedigree Dạng Bao (10kg)
Bach Hoa Online,Thùng 24 Ly Mì Hảo Hảo Handy Hương Vị Tôm Chua Cay
Bach Hoa Online,Combo 3 Bánh Gooka Stick Wafer Bibica 90g
Bach Hoa Online,Đường Phèn Trắng/Đường Cát Trắng 500g VietTin Mart
Bach Hoa Online,NHO VÀNG SẤY KHÔ TÂN LỘC PHÁT
Bach Hoa Online,Cà Phê Arabica Nguyên Chất Đất Cà Phê 250g | Pure Arabica Coffee Cầu Đất Đà Lạt - Gu Thanh Nhẹ
Bach Hoa Online,"Bộ 4 Túi Đựng Vật Liệu Lọc 37x29cm dùng trong các hệ thống lọc bể cá koi, máy lọc nước hồ cá, bể cá cảnh"
Bach Hoa Online,Máy hút cặn vệ sinh bể cá 6IN1 Tích Hợp bơm BY-X20 & BY-X25
Bach Hoa Online,"Bột Rau Má Đậu Xanh Dalahouse 200g, Thức Uống Mát Lành, Thanh Nhiệt Cơ Thể, Tốt Cho Người Tiểu Đường"
Bach Hoa Online,"Cà phê viên nén Lamosi Coffee Capsule, 604 Breakfast Blend"
Bach Hoa Online,Trà Dưỡng Nhan 5 Vị Hộp 30 Túi Lọc x 10Gr Của Siêu Thị Thiên Nhiên
Bach Hoa Online,Cà phê Arabica cầu đất B'LAO FARM cà phê nguyên chất rang mộc dành cho Cold Brew - pha phin và pha máy thơm ngọt hậu C5
Bach Hoa Online,HẠT LANH NÂU CANADA - HẠT NHẬP KHẨU HÀNG DATE MỚI LIÊN TỤC
Bach Hoa Online,Thức ăn cho mèo mọi lứa tuổi Catsrang
Bach Hoa Online,Bột Báng Nấu Chè Viettin Mart 500g
Bach Hoa Online,Xoài Sấy Dẻo Muối Ớt Viettin Mart 1kg
Bach Hoa Online,Xí muội trần bì Viettin Mart 250g
Bach Hoa Online,Combo 12 gói pate Nekko cho mèo 70g
Bach Hoa Online,Hạt Điều Mật Ong LAFOOCO túi 100g
Bach Hoa Online,"Tương ớt Mường Khương 250ml, đặc sản Lào Cai, cay thơm tự nhiên, ko hóa chất "
Bach Hoa Online,Trà sữa trân châu đường đen Yoki 400g
Bach Hoa Online,Combo 1 hộp (20 gói) xốt gia vị hoàn chỉnh Barona 80g
Bach Hoa Online,"Bột kem béo pha trà sữa V73 (1KG) - Độ béo vừa phải, thích hợp nhiều gu thưởng thức trà sữa - SP Chính Hãng (Bột kem béo hiệu V73 (1kg/bao))"
Bach Hoa Online,"Combo 5 Hộp Trà Trinh Nữ Hoàng Cung Trị U Xơ Tử Cung, Tiền Liệt Tuyến Túi Lọc - Nguyên Thái Trang (Hộp 2gr X 50 Gói)"
Bach Hoa Online,Trà Bồ Công Anh Giúp (Hộp 50 Túi Lọc X 2g)- Nguyên Thái Trang – Thảo Dược Thiên Nhiên – Tốt Cho Sức Khỏe
Bach Hoa Online,Trà dây thìa canh
Bach Hoa Online,Ngũ cốc hoa quả Calbee Furugura Nhật Bản
Bach Hoa Online,Nước mắm Lê Gia- Cá cơm 650ml
Bach Hoa Online,Kẹo Hắc Sâm Vitamin Hàn Quốc (300g)
Bach Hoa Online,"1 Bịch Tã lót cho chó mèo đi vệ sinh vào khay, chuồng bằng giấy siêu thấm hút"
Bach Hoa Online,Thùng 12 hộp sữa tươi tiệt trùng tách béo Meadow Fresh 1L hàng New Zealand
Bach Hoa Online,Thùng 48 hộp sữa chua uống hương dâu Yomilk 170ml
Bach Hoa Online,Thùng 48 hộp thức uống sữa trái cây vị dưa hấu Vinamilk Hero 110ml
Bach Hoa Online,"Bột đậu gà sấy lạnh nguyên chất siêu mịn, không biến đổi gen - Cold drying Chickpea powder non GMO"
Bach Hoa Online,Hàng loại 1 - Đậu nành đen xanh lòng (đậu tương đen) không biến đổi gen - Black soybean non GMO
Bach Hoa Online,Trung Nguyên Legend - Cà phê sữa hòa tan G7 Gold Rumi - Hộp 14 gói x 18gr
Bach Hoa Online,"Cà Phê ROBUSTA Thượng Hạng - Trọng Lượng 200g, 500g, 1kg - Rang Mộc Nguyên Chất - Hương Thơm Dịu, Hậu Đậm, Vị Đắng - Phù Hợp Pha Phin Và Pha Máy - Coffee New"
Bach Hoa Online,Trà Rau Má Mã Đề Cỏ Mực Hộp 30 Túi Lọc Của Siêu Thị Thiên Nhiên
Bach Hoa Online,Bánh Xà Lam Dừa Nướng Viettin Mart 6 Cái
Bach Hoa Online,Hạt Điều Vỡ Đôi HOLINUT/ Hạt điều tươi nấu sữa
Bach Hoa Online,Combo 1 hộp (20 gói) Gia Vị Nướng Muối Ớt Barona 80g ướp ngon chuẩn vị không cần nêm nếm
Bach Hoa Online,"Thức ăn Rùa Nước GREENABC – Cung cấp dinh dưỡng tăng kích thước, mai cứng – Hộp 50g và 230g"
Bach Hoa Online,Cà phê nguyên chất BLEND B’Lao Farm 30% cà phê Robusta 70% cà phê Arabica cà phê rang mộc pha phin pha máy ngọt hậu B37
Bach Hoa Online,Hạt Diêm mạch Quinoa - Nhập khẩu Mỹ / Thương Hiệu Holinut - 500g và 1kg
Bach Hoa Online,Socola  Beryl's Tiramisu Almond Milk Chocolate 180g
Bach Hoa Online,Cà phê phin giấy Arabica Cầu Đất DalatFarm - Hộp 10 túi x 10 g
Bach Hoa Online,Pate cho mèo NEKKO GRAVY 70g
Bach Hoa Online,"Trà mãng cầu GUfoods (hũ 100g) - Hỗ trợ giấc ngủ, Cải thiện tinh thần, Thanh mát, Eat clean, Healthy"
Bach Hoa Online,"Pate Cho Mèo Lớn, Pate Whiskas Adult Cá Ngừ Cho Mèo Túi 12 Gói x 80g"
Bach Hoa Online,Nước Yến Sào win'sNest Đường Phèn (6 lọ x 70 ml/ Lốc)
Bach Hoa Online,"Bột hạt Lanh nâu Ấn Độ 250g, sử dụng ngay, tiện lợi"
Bach Hoa Online,Trà Túi Lọc Atiso Hộp 25 Gói - Thương hiệu Hùng Phát
Bach Hoa Online,Miến Mỹ Vị ( 1 thùng 60 gói)
Bach Hoa Online,Gia Vị Nấu Súp Gà Tự Nhiên Vipep 100g
Bach Hoa Online,Thức ăn cho mèo - Súp Thưởng Ciao Churu cho Mèo (1 túi 4 thanh)
Bach Hoa Online,Muối Tiêu Lá Chanh Natas Hũ 65g-Muối Đa Năng
Bach Hoa Online,Gạo Thơm Thượng Hạng Nàng Sen 5kg - Thơm ngon dẻo nhiều - Chuẩn nhà hàng 5 sao
Bach Hoa Online,Đồ Ăn Cho Chó Vị Thịt Bò Và Các Loại Rau Củ Pedigree Dạng Bao (20kg)
The Thao Da Ngoai,"BG- Ghế ngoài trời S12 có túi đeo,có thể gập lại,Ghế cắm trại,ghế di động,ghế bãi biển,ghế dã ngoại - Size M"
The Thao Da Ngoai,Áo Tập Gym Nam Cộc Tay SA476 - Chất Thun Cotton Mềm Mịn - Co Giãn 4 Chiều Đỉnh
The Thao Da Ngoai,Quần Jogger Thể Thao Nam Chât Đẹp Phong Cách Hàn SZone SQ531J
The Thao Da Ngoai,Phao bơi kết hợp túi khô đựng đồ chống nước SPB01
The Thao Da Ngoai,"Kìm Bóp Cơ Tay Điều Chỉnh Lực 5-60kg Cỡ To Đẹp Chắc Chắn, Kìm Bóp Tay 100kg - Kìm Bóp Tay Đếm Số Tự Động - Chính hãng dododios - Giao Màu Ngẫu Nhiên"
The Thao Da Ngoai,Quần Dài Thể Thao Nam Slimfit vải thun loại 1 dày đặn hàng cao cấp co giãn 2 chiều không nhăn không xù không nhão SZone SQ531
The Thao Da Ngoai,"Quần Đùi Gym Nam 2 Lớp - Lót Quần Legging, Quần Short Thể Thao, Quần Legging Nam Liền Quần Đùi Tập Gym Nam SZone SQ516"
The Thao Da Ngoai,"Giày Promax PI86 chuyên dụng chơi Pickleball, Tennis mẫu mới dành cho nam, chơi trên mọi mặt sân, diêu bền - Chính hãng"
The Thao Da Ngoai,Quần Bơi Nam Đen Họa Tiết Vảy Cá Phong Cách Chuyên Nghiệp SZone SQB109
The Thao Da Ngoai,QUẦN GIỮ NHIỆT COMBAT PRO LEGGING TẬP GYM NAM DÁNG DÀI MÀU ĐEN SQ518
The Thao Da Ngoai,Quần Tập GYM Nam Form Ngắn Thun Lỗ Kim Thông Thoáng Mát Mẻ Cõ Giãn Tốt SZone SQ493
The Thao Da Ngoai,Quần giữ nhiệt COMBAT PRO Quần Legging Nam tập Gym bóng đá bóng rổ SQ518
The Thao Da Ngoai,"Dụng cụ tập cơ bụng RW001 - RW099 - RW100 2 Bánh - 4 Bánh chống đẩy,Con lăn tập bụng thế hệ mới có trợ lực, chống trơn trượt,dụng cụ plank tập gym giúp eo thon gọn hàng cao cấp"
The Thao Da Ngoai,Quần Tập Thể Thao Nam RUNNING Cao Cấp SZone SQ494 - Quần Tập Gym - Quần Chạy
The Thao Da Ngoai,Quần Tập GYM Nam Cao Cấp SZone SQ492
The Thao Da Ngoai,Áo Giữ Nhiệt Thể Thao Nam - Áo Tập Gym Dài Tay Thun Mềm Mịn Co Giãn 4 Chiều SZone
The Thao Da Ngoai,"Giày Picklebball, Cầu lông Lefus L036 -New2025 (size 36-44 cho cả Nam và Nữ)"
The Thao Da Ngoai,Quần Tập GYM Nam ECHT Cao Cấp SQ492
The Thao Da Ngoai,Giày chơi thể thao pickleball Lefus L029
The Thao Da Ngoai,"Giày Mira chính hãng - Chuyên dụng cầu lông, bóng chuyền, bóng bàn - Đế kếp siêu bền"
The Thao Da Ngoai,"Phao bơi tập tay cho trẻ, phao bơi tay cho bé, set 2 phao tay"
The Thao Da Ngoai,"Giày Cầu lông, Pickleball Kumpoo E303 New2025 đế kếp 2 lớp chơi trên mọi mặt sân - Chính hãng"
The Thao Da Ngoai,"Kìm Bóp Tay, Kìm Tập Cơ Tay, Dụng Cụ Tập Cơ Tay Tập Gym Điều Chỉnh Lực 5-60kg Có Đếm (Màu Ngẫu Nhiên)"
The Thao Da Ngoai,"Túi chiết mỹ phẩm du lịch đựng dầu gội, dầu xả, sữa tắm tiện lợi có thể tái sử dụng Legaxi"
The Thao Da Ngoai,Quấn Cán Vợt KINGTEK K-G5S | Overgrip Cao Cấp Cho Pickleball  / Cầu Lông / Tennis | Êm Tay – Chống Trượt – Hút Mồ Hôi -
The Thao Da Ngoai,Đai quấn bảo vệ đầu gối thể thao AOLIKES A-7610 thoáng khí four spring sport knee support
The Thao Da Ngoai,Kính Bơi Cận Từ 2 Đến 8 Độ Kính Bơi Người Cận  Dây Đeo Êm Ái Đệm Mũi Dẻo Dai Chống UV Cleacco SG8100 Boro Sport
The Thao Da Ngoai,"Xà đơn treo tường 2018, tay nắm đệm mút êm ái, có chốt chống xoay xà, thích hợp nhiều cỡ cửa khác nhau, chịu tải 120kg"
The Thao Da Ngoai,"Tất tập yoga ,Vớ Chân Yoga, pilates barre quai chéo thấm mồ hôi gắn hạt silicon chống trơn trượt quai chéo kín ngón"
The Thao Da Ngoai,Bộ 2 đai trợ lực đầu gối AOLIKES A-7721 hỗ trợ dây chằng Sport Knee Protector
The Thao Da Ngoai,Ống tay chống nắng bảo vệ khuỷu tay AOLIKES A-7146 Sport Arm Sleeve
The Thao Da Ngoai,"Bộ Dụng Cụ Chống Đẩy Đa Năng 3 Trong 1 Tích Hợp Tập Bụng,Dây Kéo Tay "
The Thao Da Ngoai,Tất Vớ Bóng Đá Bảo Vệ Ống Đồng Kiểu Legging Thoáng Khí Football Leg Guard Plate Socks YE-7968
The Thao Da Ngoai,Vòng tập yoga 33cm (tặng kèm túi đựng tiện dụng)- Đen Xanh Ngọc
The Thao Da Ngoai,Đĩa Xoay Eo Nhựa - Màu ngẫu nhiên 
The Thao Da Ngoai,Tạ Tập Tay Nhựa 314 - 1KG Chuyên Tập Gym Yoga Pilates Thể Dục Tại Nhà
The Thao Da Ngoai,Cục Tẩy Mặt Vợt Pickleball Arronax Cao Cấp - Làm Sạch Mặt Vợt - Tiện Lợi - Nhỏ Gọn - Dễ Sử Dụng
The Thao Da Ngoai,BG Máy chạy bộ điện đơn năng TREADMILL  Model M2  - TM300(hàng nhập khẩu)
The Thao Da Ngoai,"Xà đơn treo tường gắn cửa đa năng cao cấp tập thể dục tại nhà,Tay Cầm Bọc Đệm PVC Chống Trượt"
The Thao Da Ngoai,BG Bánh Tạ Nhựa 1.25kg - 20KG Đặc Ruột  - Sẵn Kho Giao Liền - Tạ Miếng Nhựa
The Thao Da Ngoai,[HOT NEW MODEL] Giày Thể Thao Chạy Bộ Đường Trường GOYA SPEED - Màu Trắng
The Thao Da Ngoai,"BG Máy Chạy Bộ Điện Gia Đình ALL nhiều loại lựa chọn, Nhỏ Gọn, Gấp lại tiện lợi,  Màn Hình Điện Tử Có Điều Khiển ( hàng nhập khẩu)"
The Thao Da Ngoai,Khẩu Trang Thể Thao 2 Van Lớp Lọc Than Hoạt Tính Đa Năng Ngăn Bụi Đi Phượt Nam Nữ Unisex Legaxi
The Thao Da Ngoai,"Quần bơi nam, vải dày đẹp"
The Thao Da Ngoai,Bóng rổ Cao su Molten BG1600
The Thao Da Ngoai,Xà Đơn Treo Tường 2023 Thế Hệ Mới Tích Hợp Giọt Nước Chỉnh Thăng Bằng Chịu Lực 250kg Đại Nam Sport + Tặng Găng Tay Tập Xà
The Thao Da Ngoai,"Đai chạy bộ, Túi đeo hông chạy bộ LiveFit cao cấp - Running Belt - WB09"
The Thao Da Ngoai,Giày Thể Thao Nam Biti's
The Thao Da Ngoai,Túi Đựng Đồ Bơi Tiện Lợi Size 42x32CM Kiểu Thời Trang Chống Thấm Nước TB002 MayHomes Màu Ngẫu Nhiên
The Thao Da Ngoai,Dây Cáp Thép Phi 6mm CHẠY BỘ TRÊN KHÔNG ToanAnh TA - L602 - 2 Sợi
The Thao Da Ngoai,Giày đá bóng Dagger đã khâu Full Đế size từ 38 đến 43
The Thao Da Ngoai,"Kính bơi kháng khuẩn , mắt kính cao cấp trong suốt chống sương mù, bóng mờ, chống tia UV và cho góc nhìn rộng - nội địa Nhật Bản"
The Thao Da Ngoai,"Xà đơn treo tường, cửa điều chỉnh linh hoạt thế hệ mới 2022 chất liệu thép chống gỉ chịu lực lên tới 150kg, tay cầm có mút chống trơn trượt - giá rẻ nhất thị trường"
The Thao Da Ngoai,"Bộ 5 Dây Đa Năng Ngũ Sắc Đàn Hồi Kháng Lực Tập Gym , Fitness , Yoga, Rèn Luyện Sức Khoẻ Cho Nam Nữ  - Chất Lượng Hàng Loại 1- Hàng Chính Hãng MINIIN"
The Thao Da Ngoai,Giày cầu lông Promax nam nữ - phân phối chính hãng
The Thao Da Ngoai,"Xà đơn treo tường,TG01 gắn cửa điều chỉnh 72cm - 105cm và 93cm-140cm nặng 2kg, 2.5kg"
The Thao Da Ngoai,Bình Nước Xe đạp thể thao Camelbak Podium 710ml
The Thao Da Ngoai,Quần shorts thể thao nam 2 lớp không xuyên thấu 3 trong 1 - Gym - Bơi - Ngủ SQ469
The Thao Da Ngoai,Khung Bóng Rổ + Lưới
The Thao Da Ngoai,Khung bóng rổ thi đấu - có kèm lưới
The Thao Da Ngoai,"Giàn Xà Đơn,Xà Kép Thiết Bị Tập Luyện Máy Tập Tổng Hợp Tay Vai Bụng BG DB-001 CHIN- Đen (hàng nhập khẩu)"
The Thao Da Ngoai,"Giày cầu lông, pickleball XP V200 Nam/Nữ size 36-44 chơi trên mọi mặt sân"
The Thao Da Ngoai,"BG Tạ Bình Q312 Cao Su Mềm, chuông Ấm, Tạ Ấm 2kg, 4kg, 5kg, 6kg, 8kg, 10kg"
The Thao Da Ngoai,Thảm Tập Yoga Định Tuyến và loại trơn TPE Chống Trượt 6mm và 8mm
The Thao Da Ngoai,Giầy đinh đá bóng sân cỏ nhân tạo PRO MAX tặng kèm tất đá bóng
The Thao Da Ngoai,"Dây Nhảy Không Dây JR100 tại nhà lõi thép, tay cầm chống trượt, độ bền cao"
The Thao Da Ngoai,BG BỘ TẠ 30KG Tạ Tập Tay Đa Năng Điều Chỉnh 2 in 1 Kết Hợp Tạ Đẩy ( hàng nhập khẩu)
The Thao Da Ngoai,Cước tốt Fishing lihne
The Thao Da Ngoai,"Quần Đùi Thể Thao Nam Akydo PRO-MAX Phản Quang TRẮNG vãi XI , Chạy Bộ, Tennis, Tập Gym"
The Thao Da Ngoai,"Ghế Gấp Gọn, Ghế Xếp Giã Ngoại- Du Lịch-Cắm trại-Câu cá-YZ032"
The Thao Da Ngoai,"Quấn cán vợt cầu lông, quần cán vợt tennis dododios cho vợt Tennis Cầu lông, mềm mại thoáng khí chống trơn thoát mồ hôi, độ bám cao - dây quấn cán vợt cầu lông, dây quấn cán vợt tennis Hàng Chính Hãng"
The Thao Da Ngoai,Bộ 2 đai bảo vệ đầu gối hỗ trợ khớp gối AOLIKES A-7901 Knee Support Braces
The Thao Da Ngoai,"Túi đeo hông, đeo bụng tập gym, chạy bộ có ngăn để chai nước - Chính Hãng NAVIVU"
The Thao Da Ngoai,"Dây kháng lực loại dài AOLIKES A-3607 tập gym, yoga Long Resistance Bands"
The Thao Da Ngoai,Áo Tập Gym Nam Màu Trơn Vải Cotton 100% Co Giãn 4 Chiều Nhẹ - Thoải Mái - Đẹp SZone SA109
The Thao Da Ngoai,"Con Lăn Foam Roller Massage Gai 33cm - Ống Lăn Dãn Cơ Tập Gym, Yoga, Thể Hình miDoctor"
The Thao Da Ngoai,Bật Lửa Vỏ Zippo Brushed Brass Chính Hãng - Không Kèm Ruột Zippo
The Thao Da Ngoai,Combo bộ 2 vợt cầu lông AOLIKES YE-6631 và hộp 5 quả cầu cao cấp
The Thao Da Ngoai,Bộ Tạ Tập Tay 2 in 1 Kết Hợp Tạ Đẩy (20kg) Đa Năng 
The Thao Da Ngoai,Bình Nước Xe đạp thể thao Camelbak Podium 620ml
The Thao Da Ngoai,"Quần bơi nam Boxer YESURE DEENYT  Chất liệu Superfine polyester cao cấp , chống thấm , nhanh khô form Fitness thời trang (Tặng kèm nón bơi + bịt tai silicon) - Hàng Chính Hãng"
The Thao Da Ngoai,Xà Đơn Treo Tường Gắn Cửa Đen Đỏ Chịu Lực 150kg Chính Hãng Đại Nam Sport + Kèm Găng Tay Tập Xà
The Thao Da Ngoai,Bộ 5 mồi câu cá giả hình tôm có kèm lưỡi câu - Màu ngẫu nhiên
The Thao Da Ngoai,Đai Quấn Cổ Chân Bảo Vệ Mắt Cá Chân AOLIKES TC-7130
The Thao Da Ngoai,"1 Hộp Móc Câu - Lưỡi Câu Cá, cỡ 10 (gồm 50 cái/ hộp)"
The Thao Da Ngoai,"[Hộp 12 quả] Cầu lông chính hãng Agnite - lông ngỗng, lông vịt cao cấp - chắc chắn, chịu va đập, cầu bền đường bay ổn định"
The Thao Da Ngoai,"Vợt Pickleball giá rẻ Wika - Katta, vợt tập, vợt học sinh pickleball chính hãng - bảo hành 3 tháng"
The Thao Da Ngoai,"Túi đeo bụng, túi đeo hông, túi đeo chạy bộ đựng điện thoại tập thể dục thể thao tiện dụng - hàng chính hãng"
The Thao Da Ngoai,combo 3 quả bóng banh tennis chơi quần vợt cao cấp - độ nảy chuẩn quốc tế - hàng chính hãng dododios
The Thao Da Ngoai,"[All Size] KHÔNG KÈM BƠM BG Bóng Tập Yoga, Bóng Yoga Tròn  45cm - 55cm - 65cm - 75cm - 85cm Cỡ Đại Cao Cấp - Chính Hãng (Hàng nhập khẩu)"
The Thao Da Ngoai,"Tạ 20kg tập tay đẩy kết hợp Q305 , tạ nam nữ tập gym tập thon tay Giá tốt Hàng Chuẩn Chọn Lực Nặng Của Tạ Tùy chọn (hàng nhập khẩu)"
The Thao Da Ngoai,"BG Gậy tập thẳng lưng Blue 6015 , thanh gậy tập yoga chống gù lưng, mở vai hình chữ thập"
The Thao Da Ngoai,BG Xe đạp tập tại nhà thể dục 8701 / 8703 kết hợp tay chân - giúp rèn luyện sức khỏe hiệu quả
The Thao Da Ngoai,"Túi Đeo Hông,Đai Đeo Chạy Bộ Tập Thể Dục Phản Quang Chống Thấm Nước Cao Cấp Đại Nam Sport"
The Thao Da Ngoai,"[Cho Yogini Chuyên Nghiệp] Thảm tập yoga 2 lớp 8mm, 6mm Thế Hệ thảm 9.0 tặng kèm túi, thảm yoga định tuyến chất liệu cao su non TPE siêu bám, chống trượt, tập gym, thể dục tại nhà - Hàng chính hãng DoDoDios"
The Thao Da Ngoai,"Phao tập bơi liền thân cho bé 2-10 tuổi, Áo phao tập bơi trẻ em, Phao tay đỡ ngực bé trai bé gái - Chính hãng MINIIN (Giao họa tiết, mẫu ngẫu nhiên)"
The Thao Da Ngoai,"Cây gạch bạch huyết điện chẩn bằng sừng trâu đen (MH846) Mát xa, day ấn huyệt - Đả thông kinh mạch, lưu thông khí huyết, làm đẹp da"
The Thao Da Ngoai,"Cuộn cuốn cán vợt cầu lông, tennis VS chính hãng"
The Thao Da Ngoai,Đai bảo vệ đầu gối chạy bộ AOLIKES YE-7901 thiết kế kiểu Nhật Bản Knee Support Braces
The Thao Da Ngoai,Quả bóng rổ cao su gerustar số 5
The Thao Da Ngoai,Giầy Bóng Đá Wika Galaxy  - Full Màu Chính Hãng
The Thao Da Ngoai,Bộ tạ tay cao cấp mẫu KIM LOẠI đa năng điều chỉnh mới nhất có thanh nối tạ (hàng nhập khẩu)
The Thao Da Ngoai,VỎ ZIPPO SATIN CHROME CHÍNH HÃNG - KHÔNG KÈM RUỘT
The Thao Da Ngoai,Bó gối thể thao 3D Grey United Medicare (cặp) F02
The Thao Da Ngoai,Bật Lửa Zippo 267 Vintage Street Chrome
The Thao Da Ngoai,Giày Đá Bóng Prowin FX Plus PRFM0001D4 (EU
The Thao Da Ngoai,BG Sàn nhún 50 INCH Đệm bật nhún cao cấp có tay cầm Trampoline dành cho mọi lứa tuổi (hàng nhập khẩu)
The Thao Da Ngoai,Găng Tay Tập Gym Trợ Lực VALEO {Tặng Tước Dây} Dây Kéo Lưng Lifting Straps Deadlift Tập Tạ Tập Xà Hàng Chính Hãng (1 Đôi)
The Thao Da Ngoai,"Tất , Vớ Cao Cổ Nữ(Loang Màu)-(Giá 1 ĐÔI )Tất Thoáng Khí Có Đính Hạt Silicon Chống Trơn Trượt Freeszie 35-40,Tập Yoga, Pilates Gym Aerobic"
The Thao Da Ngoai,"Set 3 Lọ chiết mỹ phẩm, dầu gội du lịch siêu tiện lợi dung tích 60ml kèm túi zip"
The Thao Da Ngoai,Bộ 2 vợt bóng bàn tặng kèm 3 bóng AOLIKES A-9845 table tennis bat
The Thao Da Ngoai,Dây kháng lực miniband tập mông đùi AOLIKES A-3604 Hip Resistance bands
The Thao Da Ngoai,Đai bảo vệ đầu gối 4 lò xo trợ lực dây chằng AOLIKES A-7908 Sport Knee Pad
The Thao Da Ngoai,Găng tay tập gym hở mu AOLIKES A-7639 Sport Wrist Bands
The Thao Da Ngoai,Bộ 2 quấn bảo vệ cổ tay AOLIKES A-7936-2 Sport Pressure Wrist
The Thao Da Ngoai,"Dụng Cụ Hít Đất Chống Đẩy, Tập Cơ Bụng Chữ U, Dụng Cụ Tập Gym Tại Nhà Tiện Lợi - Hàng Loại 1 - Chính Hãng MINIIN"
The Thao Da Ngoai,"Xe đạp thể thao, xe đạp gấp gọn người lớn GoodFit tùy chỉnh độ nặng, tập thể dục tại nhà GF002MB"
The Thao Da Ngoai,Combo 4 sản phẩm : Bật lửa Zippo Brushed Brass Solid 204B+Xăng+Đá+Bấc
The Thao Da Ngoai,Quần Tập Gym Nam 2 Lớp Kết  Hợp Legging Chuyên Nghiệp - Quần Bóng Rổ - Quần Thể Thao Nam SZone SQ517
The Thao Da Ngoai,Quả bóng chuyền thi đấu da Nhật VB7400 tặng kèm lưới đựng bóng + kim bơm bóng
The Thao Da Ngoai,"Quấn Nẹp Cổ Tay Bảo Vệ Hỗ Trợ Xương Ống Khớp Cổ Tay Khi Tập Gym, Chơi Thể Thao Pressure Adjustable Wrist Support AOLIKES YE-7937 (1 chiếc)"
The Thao Da Ngoai,Thảm Tập Yoga 2 Lớp - Tặng Kèm Túi Đựng Thảm
The Thao Da Ngoai,Thảm Tập Yoga Eco Friendly TPE - Xanh Dương Đậm (6mm)
Thoi Trang Nam,Áo Len Cổ Lọ Nam SZone SAL222 Phong Cách Hàn Quốc
Thoi Trang Nam,Quần Lót BOXER Nam
Thoi Trang Nam,"Áo khoác cách nhiệt GOKING 2 lớp, form unisex cho nam nữ. Áo khoác dù ấm áp, cản gió hiệu quả, thích hợp đông và thu đông. Hàng hiệu Việt Nam cao cấp xuất khẩu"
Thoi Trang Nam,"21 mẫu áo thun Dragon Ball (phần 2/3), Songoku, Vegeta, Majinbu, Frieza, Pocolo. Áo phông anime 7 Viên Ngọc Rồng cho nam nữ trẻ em"
Thoi Trang Nam,"Áo bơi nam ngắn tay chống nắng, ổn định thân nhiệt"
Thoi Trang Nam,"Áo chống nắng nam,áo khoác đi nắng chất vải kim cương có big size 4xl cho người 100kg"
Thoi Trang Nam,"SAMURAI, mã G78. Áo thun nam nữ in siêu đẹp. Áo phông thoát nhiệt GOKING hàng hiệu cao cấp"
Thoi Trang Nam,"Đâu cũng được, miễn là đi cùng nhau, mã LV5. Áo phông in hình chữ đẹp. Áo thun hàng hiệu GOKING cho nam nữ, cặp đôi, teen, trung niên, đồng phục công ty, hội nhóm"
Thoi Trang Nam,Quần Đùi Đũi Nam SZone SQ501B
Thoi Trang Nam,"NEVER GIVE UP, mã logo-g174. Áo thun nam nữ in logo đẹp. Áo phông GOKING cho cặp đôi, gia đình, đội nhóm, đồng phục công ty"
Thoi Trang Nam,Combo 3 quần đùi mặc nhà - Giao màu ngẫu nhiên
Thoi Trang Nam,"DYNAMIC, mã G28. Áo thun hàng hiệu Goking cao cấp cho cả gia đình. Form unisex cho nam nữ, trẻ em. Quà tặng ý nghĩa cho bố mẹ, con cái, bạn bè, doanh nghiệp, hội nhóm"
Thoi Trang Nam,"WARRIOR, mã G16. Áo thun nam nữ cá tính, form unisex. Áo phông GOKING hàng hiệu, công nghệ in Nhật Bản sắc nét. Quà tặng cao cấp cho gia đình, cặp đôi, doanh nghiệp"
Thoi Trang Nam,Áo Sát Nách Thể Thao Nam Tập Gym - Chất Liệu Thun Lỗ Kim Cao Cấp SZone SA108
Thoi Trang Nam,Quần Bơi Nam Dáng Đùi Cao Cấp SZone SQB105 Vải Mềm Mại Co Giãn Cực Tốt Phong Cách Chuyên Nghiệp
Thoi Trang Nam,"Áo phông cổ bẻ Goking, form unisex cho nam nữ, công ty, đội nhóm, đồng phục cao cấp. Áo thun polo cá sấu hàng hiệu xuất khẩu"
Thoi Trang Nam,Áo len nam cổ cao 3cm hàng quảng châu vải len mềm mịn kiểu dáng hàn quốc
Thoi Trang Nam,Hộp 5 quần sịp nam cotton đủ size Quảng Châu
Thoi Trang Nam,Quần Bơi Nam Dáng Đùi Chất Vải Co Giãn Form Ôm Body SZone SQB105
Thoi Trang Nam,"Hộp combo 5 sịp đùi boxer nam SZone SQB101QC, sịp đùi nam, sịp đùi boxer nam"
Thoi Trang Nam,"Lục sắc, mã Goking1. Áo thun hàng hiệu cao cấp cho nam nữ, form unisex. Áo phông cho teen và trung niên, thời trang hiện đại"
Thoi Trang Nam,Quần lót nam cotton tạo dáng - Quần lót nam sịp đùi
Thoi Trang Nam,Quần Bò Nam Đen Trơn Dáng Skinny Phong Cách Đơn Giản Trẻ Trung SQ602A
Thoi Trang Nam,Quần bơi nam dáng lửng cao cấp
Thoi Trang Nam,"JAPAN, mã G273. Áo thun in đẹp cho nam nữ, cặp đôi, gia đình. Áo phông Goking hàng hiệu cao cấp"
Thoi Trang Nam,Quần Jogger Nam Lỗ Kim Phong Cách Thể Thao Sporty Năng Động SZone SQ530
Thoi Trang Nam,"Life is like a camera, mã logo.g253. Áo thun nam nữ in logo đẹp, form unisex. Áo phông GOKING hàng hiệu, quà tặng cao cấp cho gia đình, cặp đôi, lớp nhóm, doanh nghiệp"
Thoi Trang Nam,"JAPAN, mã G273. Áo thun in hình chữ siêu đẹp. Áo phông hàng hiệu GOKING cho nam nữ, cặp đôi, teen, trung niên. Quà tặng cao cấp cho gia đình, doanh nghiệp"
Thoi Trang Nam,Áo Ba Lỗ Cổ Vuông Nam SZone
Thoi Trang Nam,Quần lót boxer nam hình sao
Thoi Trang Nam,Áo ba lỗ cổ vuông nam phong cách Hàn Quốc
Thoi Trang Nam,Quần đùi đũi nam
Thoi Trang Nam,Áo Cotton Ngắn Tay 100% Cotton Gildan Premium Nhập Khẩu Phong Cách Basic Cổ Tròn Không Viền
Thoi Trang Nam,"URBAN STYLE 89, mã G107. Áo thun nam nữ in chữ siêu đẹp. Áo phông thoát nhiệt GOKING hàng hiệu cao cấp"
Thoi Trang Nam,"TOKYO JAPAN, mã G34. Áo thun nam nữ siêu đẹp. Áo phông thoát nhiệt Goking hàng hiệu"
Thoi Trang Nam,Quần Jean Nam Skinny Đen Trơn SZone SQ602B
Thoi Trang Nam,"Áo khoác gió cách nhiệt GOKING, có mũ dấu sau cổ. Form unisex cho nam nữ. Ngoài vải dù, trong lót vải cào cao cấp. Chống nắng gió bụi"
Thoi Trang Nam,"The Dog, mã logo.g215. Áo thun nam nữ in logo đẹp. Áo phông GOKING hàng hiệu, quà tặng cao cấp cho gia đình, cặp đôi, lớp nhóm, doanh nghiệp"
Thoi Trang Nam,"Follow your HEART but take your BRAIN with you, mã G69. Áo phông siêu dễ thương cho nam nữ, form unisex. Áo phông hàng hiệu Goking, quà tặng cao cấp cho gia đình, cặp đôi, doanh nghiệp"
Thoi Trang Nam,"RUN, mã G26. Áo thun in chữ siêu đẹp cho nam nữ, form unisex. Áo phông hàng hiệu Goking, quà tặng cao cấp cho gia đình, cặp đôi, doanh nghiệp, hội nhóm"
Thoi Trang Nam,Áo Phông Nam Cotton 100% In Hình 3D Cao Cấp Có Big Size - Áo Thun Nam Ngắn Tay Chất Mát Mùa Hè SZone PM55
Thoi Trang Nam,"Áo thun trơn polo cổ trụ, form unisex cho nam nữ. Áo phông hàng hiệu Goking, quà tặng cao cấp cho gia đình, cặp đôi, doanh nghiệp"
Thoi Trang Nam,Quần shorts đũi nam SQ501
Thoi Trang Nam,"Áo khoác nam 2 lớp GOKING, vải dù ấm áp, cản gió hiệu quả, thích hợp đông và thu đông"
Thoi Trang Nam,"WHALE, mã G274. Áo thun in đẹp cho nam nữ, cặp đôi, gia đình. Áo phông Goking hàng hiệu cao cấp"
Thoi Trang Nam,"SKATE BOARDING, free your jump, mã G137. Áo thun nam nữ in siêu đẹp. Áo phông thoát nhiệt GOKING hàng hiệu cao cấp"
Thoi Trang Nam,"Chim Cú, mã G90. Áo thun in hình chữ siêu đẹp. Áo phông hàng hiệu GOKING cho nam nữ, cặp đôi, teen, trung niên. Quà tặng cao cấp cho gia đình, bạn bè, doanh nghiệp"
Thoi Trang Nam,"UNSTOPABLE đa sắc, mã G61. Áo thun hàng hiệu Goking, form unisex cho nam nữ, trẻ em, bé trai gái. Áo phông in đẹp, quà tặng cao cấp"
Thoi Trang Nam,"TOKYO, mã G23. Áo thun hàng hiệu Goking cho nam nữ. Áo phông in chữ đẹp, công nghệ Nhật Bản sắc nét. Quà tặng cao cấp cho gia đình, doanh nghiệp"
Thoi Trang Nam,Quần Lót Cotton Siêu Mỏng Thiết Kế Quyến Rũ Cho Nam
Thoi Trang Nam,"TOKYO, mã G91. Áo thun nam nữ in siêu đẹp. Áo phông thoát nhiệt GOKING hàng hiệu cao cấp"
Thoi Trang Nam,"AZTEX SKULL, mã G10. Áo thun nam in hình đẹp. Áo phông nam thoát nhiệt Goking hàng hiệu cao cấp"
Thoi Trang Nam,"WHALE, mã logo.g274. Áo thun nam nữ in logo đẹp, form unisex. Áo phông GOKING hàng hiệu, quà tặng cao cấp cho gia đình, cặp đôi, lớp nhóm, doanh nghiệp"
Thoi Trang Nam,"High Voltage, mã G144. Áo thun nam nữ in hình con hổ siêu đẹp. Áo phông thoát nhiệt GOKING"
Thoi Trang Nam,"Áo khoác gió cách nhiệt GOKING có mũ, form unisex cho nam nữ. Ngoài vải dù, trong lót vải cào cách nhiệt. 3 túi to rộng. Chống nắng gió lạnh"
Thoi Trang Nam,Áo Đũi Nam Mát Mẻ Mùa Hè SZone SA501
Thoi Trang Nam,Quần lót nam xuyên thấu boxer
Thoi Trang Nam,"NEVER GIVE UP, mã G120. Áo thun truyền động lực cho nam nữ, form unisex. Áo phông hàng hiệu Goking, quà tặng cao cấp cho gia đình, cặp đôi, doanh nghiệp"
Thoi Trang Nam,"CUBA HAVANA, mã G74. Áo thun du lịch cho nam nữ siêu đẹp, form unisex. Áo phông hàng hiệu Goking, quà tặng cao cấp cho gia đình, cặp đôi, doanh nghiệp, hội nhóm"
Thoi Trang Nam,"Ăn chơi là phải có hội, mã TB1. Áo thun team building đồng đội, áo phông đẹp cho lớp nhóm, công ty. Áo phông hàng hiệu Goking, form unisex cho nam nữ, trẻ em, bé gái trai"
Thoi Trang Nam,"Áo phông cổ trụ Goking, form unisex cho nam nữ, công ty, đội nhóm, đồng phục cao cấp. Áo thun polo cá sấu hàng hiệu vnxk"
Thoi Trang Nam,"Áo sơ mi đũi tay lỡ nam SA555, hàng đẹp cao cấp đến từng mũi kim"
Thoi Trang Nam,Quần Jean nam cao cấp ống đứng le511 màu xanh đen trơn vải co giãn xuất khẩu dáng slimfit
Thoi Trang Nam,Quần Jean nam Leman đen mài xám JD14 - Slim Form
Thoi Trang Nam,"TOKYO, mã G159. Áo thun hàng hiệu GOKING, form unisex cho nam nữ, trẻ em, bé trai gái. Áo phông in hình chữ đẹp. Quà tặng cao cấp cho gia đình, cặp đôi, hội nhóm, doanh nghiệp"
Thoi Trang Nam,"PARIS, mã G108. Áo phông GOKING hàng hiệu, form unisex cho nam nữ, trẻ em, bé trai gái. Áo thun in hình siêu đẹp, quà tặng cao cấp cho gia đình, cặp đôi, hội nhóm, doanh nghiệp"
Thoi Trang Nam,"Think Outside The Box, mã G143. Áo thun in chữ siêu đẹp, form unisex cho nam nữ, trẻ em, bé trai gái. Áo phông GOKING hàng hiệu"
Thoi Trang Nam,Áo khoác nam mới đẹp lót lông nhung cao cấp thời trang thời trang-A1018
Thoi Trang Nam,"Surfing California, mã G76. Áo thun du lịch siêu đẹp. Áo phông hàng hiệu GOKING cho nam nữ, trẻ em, teen, trung niên. Quà tặng cao cấp"
Thoi Trang Nam,"Cha & Con, mã G72. Áo thun hàng hiệu GOKING, form unisex cho nam nữ, trẻ em, bé trai gái. Áo phông in hình đẹp. Quà tặng cao cấp cho gia đình, cặp đôi, hội nhóm, doanh nghiệp"
Thoi Trang Nam,"GAME OVER, mã G52. Áo thun in chữ siêu đẹp cho nam nữ, form unisex. Áo phông hàng hiệu Goking, quà tặng cao cấp cho gia đình, cặp đôi, doanh nghiệp"
Thoi Trang Nam,"I DO IT FOR YOU, mã G57. Áo thun Goking hàng hiệu cao cấp. Áo phông in chữ đẹp cho nam nữ, cặp đôi, gia đình. Quà tặng cao cấp cho người thân, doanh nghiệp"
Thoi Trang Nam,"HANDSOME, mã G37. Áo thun in chữ siêu đẹp, form unisex cho nam nữ, trẻ em. Áo phông GOKING hàng hiệu, công nghệ in Nhật Bản sắc nét. Quà tặng cao cấp cho gia đình, cặp đôi, doanh nghiệp"
Thoi Trang Nam,"Áo Sơ Mi Nam Công Sở Trung Niên Ngắn Tay Anton Màu Xanh Than Thoáng Mát, Thấm Hút Mồ Hôi - NC130"
Thoi Trang Nam,"Samurai, mã Goking3. Áo thun Nhật Bản đẹp cho nam nữ, áo phông thoát nhiệt GOKING hàng hiệu cao cấp"
Thoi Trang Nam,Áo vest dạ nam trẻ trung cao cấp NAD70
Thoi Trang Nam,Áo quạt điều hòa làm mát công nghệ Nhật Bản
Thoi Trang Nam,ÁO KHOÁC LEN NAM CÀI NÚT
Thoi Trang Nam,Quần kaki nam Aligro ALGK047
Thoi Trang Nam,Áo Khoác Dù Nam Hai Lớp Chống Nắng Gió Bụi Bẩn Cao Cấp AD48 - ShopN6 (Nhiều Màu)
Thoi Trang Nam,Áo khoác nam đẹp NMT16
Thoi Trang Nam,Áo đũi nam thời trang đẹp
Thoi Trang Nam,"Áo khoác Goking cơ bản 2 lớp, form unisex cho nam nữ, vải dù ấm áp, cản gió hiệu quả, thích hợp đông và thu đông"
Thoi Trang Nam,Áo sơ mi nam dài tay họa tiết Khatoco A1MD498T1-CNIN613-2609-D
Thoi Trang Nam,"Áo Polo Nam Màu Oliu Cao Cấp 100% Cotton, Thoáng Mát, Kháng Khuẩn - Gold Rhino"
Thoi Trang Nam,"Quần boxer nam, combo quần lót đùi nam cao cấp chất thun lạnh kháng khuẩn co giãn 4 chiều phong cách nam tính - LOCATSE"
Thoi Trang Nam,Quần kaki nam Khatoco (tặng vớ cao cấp)
Thoi Trang Nam,Quần kaki nam quần thô màu vàng chuẩn Form Slimfit chất liệu kaki bền đẹp cao cấp co giãn tốt tôn dáng  ALIGRO ALGK019
Thoi Trang Nam,"Freedom Rock, mã G145. Áo thun nam nữ cá tính, form unisex. Áo phông GOKING hàng hiệu, công nghệ in Nhật Bản sắc nét. Quà tặng cao cấp cho gia đình, cặp đôi, doanh nghiệp"
Thoi Trang Nam,Áo sơ mi nam công sở trung niên dài tay trắng thương hiệu Anton- XA12
Thoi Trang Nam,Quần Nam Harem ống côn phong cách Hàn Quốc - T0205
Thoi Trang Nam,Quần kaki tím than túi hộp bảo hộ lao động SHUNI loại dày
Thoi Trang Nam,Áo Khoác Big Size Nam Nữ Áo Khoác Kaki Unisex Chống Nóng Chống Nắng Chống Lạnh Chống Gió 2 Lớp Có Cổ Cao Thời Trang Nam Tính Hàn Quốc Cao Cấp QK36 - ShopN6
Thoi Trang Nam,Áo thun Polo trơn nam có cổ Phúc An 2033 có size lớn (over size)
Thoi Trang Nam,ÁO THUN NAM CAO CẤP CỔ BẺ PEGA IN
Thoi Trang Nam,Quần lót nam không viền may siêu mỏng túi lồi thoải mái
Thoi Trang Nam,Áo Khoác Nam Big Size Áo Khoác Dù Nam Dày Hai Lớp Cổ Cao Chống Nắng Tia Uv Chống Gió Chống Lạnh Hàn Quốc Cao Cấp QD28 - ShopN6 (Nhiều Màu)
Thoi Trang Nam,Áo Khoác Nam Cardigan Nam Len Cao Cấp Thời Trang SZone SAL219
Thoi Trang Nam,Áo Khoác Nam Áo Khoác Dù Dày Nam Hai Lớp Lót Nỉ Chống Lạnh Chống Gió Chống Nắng Tia UV Cao Cấp AD64 - ShopN6 (Nhiều Màu)
Thoi Trang Nam,Áo khoác nam KK243
Thoi Trang Nam,ÁO KHOÁC DÙ NAM 06
Thoi Trang Nam,"Quần Short kaki nam, Phong cách trẻ trung và năng động"
Thoi Trang Nam,Áo Sơ Mi Nam Tay Lỡ Vài Đũi Phong Cách
Thoi Trang Nam,Quần jean không co giãn Q62 MuiDoi
Thoi Trang Nam,Áo khoác jeans nam hoodie AB05
Thoi Trang Nam,"Hộp 5 Quần lót nam cotton lụa – Siêu đẹp, mềm mịn, thoáng mát"
Thoi Trang Nam,Quần tây nam không ly Khatoco Q1M478R0-INGI309-2503-0-XÁM TRẮNG
Thoi Trang Nam,Quần jogger nam nữ túi hộp JKN12345 cạp chun chất kaki dày dặn đứng dáng nổi bật phong cách thể thao full size
Thoi Trang Nam,"Combo 5 Quần Lót Nam Thun Lạnh Lưng To Menlive ML1 – Size M–4XL, Co Giãn 4 Chiều"
Thoi Trang Nam,"Áo vest Blazer Linen nam,Blazer nam Đũi Việt 2 cúc, form rộng chất vải linen mềm mại phong cách trẻ trung"
Thoi Trang Nam,Quần Jean nam Leman xanh bạc rách JD18 - Slim Form
Thoi Trang Nam,Sơ mi măng sét Anlimen Gentle Cuff Shirt - AGS03
Thoi Trang Nam,Áo sơ mi rộng tay dài nam nữ unisex phong cách trẻ trung hàn quốc vải lụa mềm mịn mát ít nhăn -MRD01
Thoi Trang Nam,Áo thun PT cổ tròn nam
Thoi Trang Nam,"Chim cú nghệ thuật, mã G24. Áo thun nam nữ siêu đẹp. Áo phông thoát nhiệt Goking hàng hiệu"
Thoi Trang Nam,Áo Sơ Mi Nam Trắng Trơn Dài Tay Công Sở Trung Niên Thương Hiệu Anton Vải Nano Chống Nhăn - SRD05
Thoi Trang Nam,Áo Sơ Mi Trắng Form Rộng Unisex Nam Nữ Tay Dài Hàn Quốc Kiểu Cổ Bẻ Vải Lụa Nhiều Màu - SMD01
Thoi Trang Nam,Combo 6 quần đùi mặc nhà nam cao cấp kate 100% cotton
Thoi Trang Nam,"Áo Phông Nam Lính Mỹ (2 Màu), Chất Liệu Mềm Mại, Thoáng Mát, Chống Nhăn, Phom Dáng Xuông Trẻ Trung, Năng Động (U289)-HÀNG CHÍNH HÃNG"
Thoi Trang Nam,Quần short thun nam thể thao tập gym - A058
Thoi Trang Nam,QUẦN THUN NAM DÀI THỂ THAO BO ỐNG
Thoi Trang Nam,Áo thun Polo nam Novelty 200029N
Thoi Trang Nam,ÁO KHOÁC NAM 08
Thoi Trang Nam,Áo điều hòa quạt gió công nghệ Nhật Bản
Thoi Trang Nam,[FREEMAN] Combo 5 quần lót nam 6034
Thoi Trang Nam,Áo sơ mi nam ngắn tay
Thoi Trang Nam,Áo thun nam có cổ NS012
Laptop May Vi Tinh Linh Kien,Phần mềm diệt Virus Bkav Pro - Hàng chính hãng
Laptop May Vi Tinh Linh Kien,Dây mạng bấm sẵn 2 đầu Cat6 UTP Patch Cords dài 1M UGREEN NW102 11201 - Hàng Chính Hãng
Laptop May Vi Tinh Linh Kien,Phần Mềm Diệt Virus BKAV Pro Internet Security AI (1 năm) - Hàng Chính Hãng
Laptop May Vi Tinh Linh Kien,Bộ chia mạng 5/ 8 cổng switch 5/ 8 port 10/100Mbps chia tín hiệu lan Mercusys MS105 MS108 - Hàng chính hãng
Laptop May Vi Tinh Linh Kien,USB 3.0 Lexar JumpDrive V400 | Dung lượng 32GB / 64GB | Bảo hành 2 năm - Hàng Chính Hãng
Laptop May Vi Tinh Linh Kien,Đầu bấm mạng RJ45 Cat6 Ugreen 50962 (Hộp 50 cái) - Hàng chính hãng
Laptop May Vi Tinh Linh Kien,"Hộp mực TN B022 Prospect dùng cho máy in Brother HL-B2000D, HL-B2080DW, DCP-B7535DW, MFC-B7715DW - Hàng chính hãng"
Laptop May Vi Tinh Linh Kien,USB 2.0 cao cấp vỏ kim loại đẹp UD9 Insightful 16GB / 32GB / 64GB - Hàng nhập khẩu
Laptop May Vi Tinh Linh Kien,Máy In Laser Đa Năng Brother DCP-L2520D - Hàng Chính Hãng
Laptop May Vi Tinh Linh Kien,"Box ổ cứng Lexar E300 M.2 SSD Enclosure hỗ trợ NVMe SSD 2280/2260/2242/2230, USB 3.2 Gen 2 - Hàng chính hãng"
Laptop May Vi Tinh Linh Kien,TP-Link  TL-SG1005D - Switch 5 Cổng Gigabit Desktop - Hàng Chính Hãng
Laptop May Vi Tinh Linh Kien,Hộp đựng ổ cứng di động 2.5 inch USB 3.1 Gen 2 ORICO 2139C3-CR - Hàng chính hãng
Laptop May Vi Tinh Linh Kien,"Cục phát wifi từ sim 4G 5G kèm pin 10.000mA TP10000 phát liên tục 24 tiếng, tốc độ cao 300Mbps kết nối cho 10 thiết bị vô cùng tiện lợi - hàng nhập khẩu"
Laptop May Vi Tinh Linh Kien,"Ổ đĩa CD/DVD gắn ngoài cho máy tính,xách tay,Macbook,1 USB 3.0 Type-C Đầu ghi CD/DVD di động-Hàng Chính Hãng"
Laptop May Vi Tinh Linh Kien,Máy tính để bàn mini – Máy chủ Server – Mini PC – Intel NUC JK01 (Hàng chính hãng)
Laptop May Vi Tinh Linh Kien,USB 3.2 Team Group C175 - Hàng chính hãng
Laptop May Vi Tinh Linh Kien,Box đọc ổ cứng M.2 Ngff/mvme SSD- USB 3.1 SSD ngoài Type-C di động M2 SSD hộp NVMe PCIe Hợp kim nhôm sang trọng- Hàng Chính Hãng
Laptop May Vi Tinh Linh Kien,Ổ Cứng Di Động WD My Passport Ultra Silver 2.5'' 1TB 2TB 4TB - Hàng Chính Hãng
Laptop May Vi Tinh Linh Kien,Hộp Ổ Cứng SSD M205C3 ORICO M.2 NGFF SSD (6G)- Hàng Chính Hãng
Laptop May Vi Tinh Linh Kien,Ổ Cứng Gắn Ngoài HDD Toshiba Canvio Advance Hàng Chính Hãng
Laptop May Vi Tinh Linh Kien,USB 128GB Kingston DTX- Hàng chính hãng
Laptop May Vi Tinh Linh Kien,"Hộp mực 85A / 35A (hàng nhập khẩu) dùng cho máy in HP Laser P1005, 1006, 1102 và Canon LBP 6000, MF3010, 6030 - Cartridge CB435A / CE285A  mới 100%"
Laptop May Vi Tinh Linh Kien,Bộ loa hội nghị Jabra Speak 410 - Hàng Chính Hãng
Laptop May Vi Tinh Linh Kien,USB Transcend JetFlash 700 TS32GJF700 128GB - USB 3.1 - Hàng Chính Hãng
Laptop May Vi Tinh Linh Kien,Bộ Kích Sóng Wifi Xiaomi Repeater Pro - Hàng Nhập Khẩu
Laptop May Vi Tinh Linh Kien,Bàn phím kiêm chuột không dây mini UKB 500 Mini Keyboard
Laptop May Vi Tinh Linh Kien,USB SanDisk CZ50 16GB – USB 2.0 – Hàng Chính Hãng
Laptop May Vi Tinh Linh Kien,TP-Link Archer C50 - Router Băng Tần Kép Không Dây AC1200 - Hàng Chính Hãng
Laptop May Vi Tinh Linh Kien,"HDD Box 2,5"" Transcend StoreJet 25S3 USB3.0 - Hàng chính hãng"
Laptop May Vi Tinh Linh Kien,USB Transcend JetFlash 700 TS64GJF700 64GB - USB 3.0/3.1 - Hàng Chính Hãng 
Laptop May Vi Tinh Linh Kien,"Usb Phát Wifi Từ Sim 3G, 4G Max Speed, tốc độ cao, xài đa mạng - USB Dcom 4G LTE Wifi Modem - Hàng chính hãng"
Laptop May Vi Tinh Linh Kien,Hộp mực in 26A 052 cho máy in Canon LBP 214dw 424dw 426dw HP M402d/ M402dn/ M426fdn/ M426fdw Hàng chính hãng Alpha Cartridge
Laptop May Vi Tinh Linh Kien,Hộp box SSD Lexar E100 | gắn SSD 2.5 inch dung lượng 128G - 8TB | Giao tiếp USB 3.2 Gen 1 - Bảo hành 1 năm - Hàng Chính Hãng
Laptop May Vi Tinh Linh Kien,USB 2.0 SanDisk Cruzer Blade CZ50 64GB - Hàng Chính Hãng
Laptop May Vi Tinh Linh Kien,"Bộ Phát Wifi 3G 4G OLAX WD680 Tốc Độ 150Mb Dùng Sim Tất Cả Nhà Mạng, Nhỏ Gọn Tiện Lợi - Hàng Chính hãng"
Laptop May Vi Tinh Linh Kien,Ổ cứng Camera Toshiba S300 Hàng Chính Hãng
Laptop May Vi Tinh Linh Kien,USB 3.1 SanDisk Ultra Luxe CZ74 150MB/s (Bạc) - Hàng Chính Hãng
Laptop May Vi Tinh Linh Kien,Ổ Cứng SSD Lexar NM620 M.2 2280 NVMe 256GB - Hàng Chính Hãng
Laptop May Vi Tinh Linh Kien,Quạt Tản Nhiệt Coolmoon V2 RGB - Hàng nhập khẩu
Laptop May Vi Tinh Linh Kien,"Bộ phát Wifi TP-LINK TL-WR845N 300 Mbps, 3 ăng ten rời - Hàng Chính Hãng"
Laptop May Vi Tinh Linh Kien,Thiết Bị Phát Sóng Wifi Chuẩn N Tenda N301 (300Mbps) - Trắng - Hàng Chính Hãng
Laptop May Vi Tinh Linh Kien,Hôp mực in W1107A/107A CÓ CHÍP cho máy in HP 107a/107W/MFP 135a/135W/137fnw - Hàng nhập khẩu
Laptop May Vi Tinh Linh Kien,Sạc dành cho laptop Lenovo Slim USB-C 65W Charger for ThinkPad X1 Tablet Type-C Adapter Hàng nhập khẩu.
Laptop May Vi Tinh Linh Kien,Bộ Phát Router WiFi 6 TP-Link Archer AX12 Băng Tần Kép AX1500 - Hàng Chính Hãng
Laptop May Vi Tinh Linh Kien,"Mực nạp đa năng KT221 (tặng kèm phễu) (hàng nhập khẩu) dùng cho hộp mực 12A, 35A, 85A, 49A, 53A, 26A, 05A, 78A, 83A"
Laptop May Vi Tinh Linh Kien,USB Kingston 64GB DataTraveler Exodia(DTX/64GB) - Hàng chính hãng
Laptop May Vi Tinh Linh Kien,Phần mềm diệt Virut Trend Micro Internet Security - 1PC/12 tháng -Hàng chính hãng
Laptop May Vi Tinh Linh Kien,"Ổ Cứng Di Động Seagate Expansion Portable 2.5"" USB 3.0 - Hàng Chính Hãng"
Laptop May Vi Tinh Linh Kien,Mực in laser trắng đen Brother TN-B022 cho máy in HL-B series - Hàng chính hãng
Laptop May Vi Tinh Linh Kien,Cáp mạng 2 đầu đúc sẵn Cat6 UTP 26AWG UGREEN NW102 20170 dài 50M - Hàng chính hãng
Laptop May Vi Tinh Linh Kien,Máy in mã vạch - in tem nhãn XPrinter XP 350B - Hàng Chính Hãng
Laptop May Vi Tinh Linh Kien,BỘ 5 Chai Mực đổ Thuận Phong TP15 dùng cho máy in HP M102 / MFP M130 - Hàng Chính Hãng
Laptop May Vi Tinh Linh Kien,Ổ Cứng Di Động WD Elements 1TB 2.5 USB 3.0 - WDBUZG0010BBK - Hàng Chính Hãng
Laptop May Vi Tinh Linh Kien,USB 2.0 Team Group C141  4GB / 8GB / 16GB / 32GB  INC Taiwan - Hàng chính hãng
Laptop May Vi Tinh Linh Kien,Bàn phím không dây HyperWork SilentKey Mini | TS01M - Hàng Chính Hãng - Tặng Kèm Bộ Vệ Sinh 4 Món
Laptop May Vi Tinh Linh Kien,Adapter sạc laptop đa năng 8 đầu dùng cho nhiều dòng máy - Hàng chính hãng / Hàng nhập khẩu
Laptop May Vi Tinh Linh Kien,"Mực nạp LN 85A 35A Cho máy in Canon  6030, 6230, 3050. HP P1102, P1006, M12A, M15A, M28A - hàng chính hãng"
Laptop May Vi Tinh Linh Kien,Bộ Phát Wifi Di Động TP-Link TL-MR105 4G LTE Tốc Độ 300Mbps - Hàng Chính Hãng
Laptop May Vi Tinh Linh Kien,Bộ Chuyển Đổi Card WiFi PCIe TP-Link Archer TX55E Bluetooth 5.2 Wi-Fi 6 AX3000 - Hàng Chính Hãng
Laptop May Vi Tinh Linh Kien,Mực đổ cho máy in Canon 2900/ 3000/ 3500/ 251/252/ 6860... / HP 400/ 401/ 402/ 1010/1020/1200/ 1320/ 5200/ 2035/ 2055 - HA140g
Laptop May Vi Tinh Linh Kien,Bộ Phát WiFi 4G/5G LTE - Bộ Phát Wifi Di Động 4G/5G LTE Nhỏ Gọn Tiện Lợi - Tốc Độ 150Mb Hỗ Trợ Tất Cả Nhà Mạng - Hàng Chính Hãng
Laptop May Vi Tinh Linh Kien,Ổ cứng cắm trong SSD Team 2.5'' STD SATA3 CX2 256GB - Hàng Chính Hãng
Laptop May Vi Tinh Linh Kien,Ổ Cứng Camera WD Purple 2TB/64MB/3.5 IntelliPower - WD20PURZ - Hàng Chính Hãng
Laptop May Vi Tinh Linh Kien,Phần Mềm diệt Virut BKAV Pro Internet Security 1PC/1 năm - Hàng chính hãng 
Laptop May Vi Tinh Linh Kien,Ổ Cứng Camera Seagate SkyHawk 1TB ST1000VX005 - Hàng chính hãng
Laptop May Vi Tinh Linh Kien,Adapter Nguồn Sạc 87W PD Cáp USB-C 2M dùng cho MacBook Pro MacBook Air Cổng USB Type C - Hàng Nhập Khẩu New Seal
Laptop May Vi Tinh Linh Kien,Ổ Cứng Để Bàn WD My Book 4TB/6TB/8TB/12TB/14TB/16TB/18TB 3.5 inch USB Gen 1 Hàng Chính Hãng
Laptop May Vi Tinh Linh Kien,Bộ Chia Tín Hiệu Swich TP-Link SG108 Để Bàn 8 Cổng 10/100/1000Mbps - Hàng Chính Hãng
Laptop May Vi Tinh Linh Kien,Máy in đa chức năng HP LaserJet M236dw (9YF95A)- Hàng chính hãng
Laptop May Vi Tinh Linh Kien,Màn hình máy tính VIEWSONIC LCD MONITOR 22 inch VA2215-H - Hàng chính hãng
Laptop May Vi Tinh Linh Kien,USB SanDisk CZ73 Ultra Flair - USB 3.0 - Hàng Chính Hãng
Laptop May Vi Tinh Linh Kien,Bộ Phát Wifi TP-Link Archer MR400 Băng Tần Kép 4G LTE AC1200 - Hàng Chính Hãng
Laptop May Vi Tinh Linh Kien,Máy tính văn phòng mini Intel NUC6CAYS - Chưa bao gồm RAM & SSD - Hàng chính hãng
Laptop May Vi Tinh Linh Kien,Cáp mạng đúc sẵn 2 đầu Cat 5 dài 2M Ugreen NW103 11231 - Hàng chính hãng
Laptop May Vi Tinh Linh Kien,Ổ Đĩa Rời Đọc Và Ghi CD/DVD Transcend TS8X DVDS-K - Hàng Chính Hãng
Laptop May Vi Tinh Linh Kien,Màn Hình LG 24MP88HV-S 24inch FullHD 5ms 60Hz IPS Speaker - Hàng Chính Hãng
Laptop May Vi Tinh Linh Kien,TP-Link  TL-WR845N - Router Không Dây Chuẩn N Tốc Độ 300Mbps - Hàng Chính Hãng
Laptop May Vi Tinh Linh Kien,TP-Link  TL-WN822N - USB Wifi (high gain) chuẩn N tốc độ 300Mbps - Hàng Chính Hãng
Laptop May Vi Tinh Linh Kien,Máy In Laser Đa Năng Brother DCP-L2520D - Hàng Chính Hãng - 8C5H1300119
Laptop May Vi Tinh Linh Kien,"Wi-Fi Di Động 4G LTE Mercusys MT110 4G LTE đến 150Mbps, Thẻ SIM Cắm và Chạy, 10 Giờ Sử Dụng, Ứng Dụng Dễ Điều Khiển - Hàng chính hãng"
Laptop May Vi Tinh Linh Kien,[HÀNG CHÍNH HÃNG] Máy in phun màu Brother DCP-T436W
Laptop May Vi Tinh Linh Kien,Hộp mực 136A (W1360A) dùng cho máy in HP M211d/ M211dw/ M236dw/ M236sdw CÓ SẴN CHIP NHẬN MỰC - Hàng nhập khẩu
Laptop May Vi Tinh Linh Kien,"Free ship- set 4 màu Mực in phun màu  BT-D60BK cho máy in  DCP-T310/510W/710W/MFC-T810W/T910W, hàng nhập khẩu."
Laptop May Vi Tinh Linh Kien,[Tổng Hợp] Bộ kích sóng Wifi xuyên tường 5G 1200Mbps 5GHz Chuyên Dụng Chất Lượng Cao-  Hàng chính hãng
Laptop May Vi Tinh Linh Kien,Máy chiếu thông minh Yaber K2s tích hợp Loa JBL Android Tivi Netflix bản quyền  Full-HD 4K- Hàng Chính Hãng - Thương hiệu Máy chiếu gia đình và văn phòng hàng đầu
Laptop May Vi Tinh Linh Kien,Phần mềm diệt virus Kaspersky Premium 1 Thiết bị/năm -  Hàng Chính Hãng
Laptop May Vi Tinh Linh Kien,Router Wifi AC Xiaomi 4A Gigabit Trắng - Hàng chính hãng - Router phát wifi XIaomi chính hãng Trải nghiệm wifi tốc độ cao
Laptop May Vi Tinh Linh Kien,HDD Box chuẩn M2 NVME sang Type-C tốc độ 10GBS ORICO - M2PV-C3 – Hàng Chính Hãng
Laptop May Vi Tinh Linh Kien,Sạc dành cho Laptop Dell (Các loại) 19.5V 2.31A 45W chân kim nhỏ - Kèm Dây nguồn - Hàng Nhập Khẩu
Laptop May Vi Tinh Linh Kien,Máy in Brother HL-L2321D- hàng chính hãng
Laptop May Vi Tinh Linh Kien,"Hộp mực máy in Canon LBP 6230DN, 6230DW, 6200D, MF4410 có lỗ nạp mực"
Laptop May Vi Tinh Linh Kien,TP-Link M7000 | Bộ Phát Wi-Fi Di Động 4G LTE 150Mbps | Chính Hãng
Laptop May Vi Tinh Linh Kien,USB 3.1 SanDisk Ultra Luxe CZ74 128GB 150MB/s (Bạc) - Hàng Chính Hãng
Laptop May Vi Tinh Linh Kien,Ổ cứng SSD 256GB Lexar NS100 2.5-Inch SATA III - Hàng Chính Hãng
Laptop May Vi Tinh Linh Kien,USB SanDisk CZ430 Ultra Fit 128GB - USB 3.1 - Hàng Chính Hãng
Laptop May Vi Tinh Linh Kien,Ổ Cứng Di Động Transcend M3G 1TB Slim USB 3.0/3.1 TS1TSJ25M3G - Hàng Chính Hãng
Laptop May Vi Tinh Linh Kien,HDD Box ORICO USB3.0/3.5/2.5 6228US3-C Hàng Chính Hãng
Laptop May Vi Tinh Linh Kien,Bộ Kích Sóng Wifi Repeater 300Mbps TP-Link TL-WA855RE -  Hàng Chính Hãng
Laptop May Vi Tinh Linh Kien,TP-Link TL-SF1005D - Bộ Chia Tín Hiệu Để Bàn 5 cổng 10/100Mbps - Hàng Chính Hãng
Laptop May Vi Tinh Linh Kien,TP-Link  TL-SG1008D - Switch Để Bàn 8 Cổng  - Hàng Chính Hãng
Laptop May Vi Tinh Linh Kien,Ổ cứng Di Động Transcend StoreJet H3B 1TB USB 3.0/3.1 - TS1TSJ25H3B - Hàng Chính Hãng
Laptop May Vi Tinh Linh Kien,TP-Link  TL-WN821N - USB Wifi Chuẩn N Tốc Độ 300Mbps - Hàng Chính Hãng
Giay Dep Nam,Giày Sneaker nam phong cách hàn quốc Hamishu-HMS223
Giay Dep Nam,"1 chai xi đánh giày Gloking, dạng lỏng dễ dàng ngấm sâu làm mềm và làm bóng da"
Giay Dep Nam,Dép quai kẹp Bitis nam (38-43)
Giay Dep Nam,Giày Sneaker Vải Canvas Nam Nữ E18 Chocolate Dincox
Giay Dep Nam,"Dép đúc siêu nhẹ nam, nữ DUWA - Hàng chính hãng - TK2272"
Giay Dep Nam,Lót Giày Nam Chất Liệu Cao Su Non Mềm Êm LGN2022
Giay Dep Nam,Giày Thể Thao Nam Hunter Core DSMH10900
Giay Dep Nam,Dép Nam BIGGBEN May Viền Da Bò Thật Cao Cấp DN322
Giay Dep Nam,"Giày nam Da bò Buộc dây SUNPOLO SPH424 (Xanh navy, Nâu)"
Giay Dep Nam,Giày Sandal Nam The Bily Quai Chéo - Màu Đen BL01D
Giay Dep Nam,Dép Nam Quai Ngang HÀ NAM Da Bò Thật Cao Cấp DNA2140
Giay Dep Nam,"Dép Sục, Dép Sapo Nam Da Bò SUNPOLO SUT327 (Đen, Nâu)"
Giay Dep Nam,Đón gót giày cho mọi tư thế gỗ tự nhiên nguyên khối - Dài 55cm (DGH907) Cho giày Nam & Nữ
Giay Dep Nam,Giày Sneaker Vải Canvas Unisex C40 Off/white Dincox Đơn Giản Tinh Tế
Giay Dep Nam,01 cặp lót giày thể thao 4D có gờ chống sốc giảm mỏi gang bàn chân - buybox - BBPK36
Giay Dep Nam,Chuck Taylor Classic Black Canvas Low | Giày Thể Thao Đen Cổ Thấp M9166C
Giay Dep Nam,Giày Thể Thao Biti's Nam Hunter X DSMH10500
Giay Dep Nam,Sandal Biti's nam
Giay Dep Nam,Giày Sandal Nam The Bily 3 Quai Ngang - Màu Đen BL04
Giay Dep Nam,GIÀY LƯỜI DA BÒ CAO CẤP VA2001
Giay Dep Nam,"Giày Lười, Giày Mọi Nam Da Bò SUNPOLO CS5052 (Đen, Nâu)"
Giay Dep Nam,"Giày Lười Nam Da Bò SUNPOLO SUS511 (Đen, Nâu)"
Giay Dep Nam,Giày lười nam da bò đế cao su mũi tròn SUNPOLO MOI015 có big size lớn 45 46
Giay Dep Nam,Dép Nam Quai Ngang HÀ NAM Da Bò Thật Cao Cấp DNA2112
Giay Dep Nam,Giày tây nam công sở da bò BIGGBEN cao cấp GT207
Giay Dep Nam,Dép nam bít mũi da bò Trường Hải màu đen đế cao 3.5cm HÌNH ẢNH THẬT
Giay Dep Nam,Giày sục nam da bò mũi nhọn Trường Hải đế cao 3.5cm phong cách lịch sự BM0455
Giay Dep Nam,Giày tây tăng chiều cao Trường Hải da bò cao cấp cao 6.5 cm GT0591
Giay Dep Nam,Dép bít mũi nam BIGSIZE da bò cao cấp Trường Hải BM1056022
Giay Dep Nam,Giày Slip On Unisex Vans - VN000EYEBLK
Giay Dep Nam,Giày Sandal Nam BIGGBEN Da Bò Thật SD68
Giay Dep Nam,Giày mọi nam da bò đế cao su mũi tròn SUNPOLO MOI015 có big size 45 46
Giay Dep Nam,Giày Tây Nam BIGGBEN Da Bò Thật GT17
Giay Dep Nam,Dép Nam Quai Ngang Da Bò Cao Cấp SUNPOLO SUA5D - Đen (Size
Giay Dep Nam,"Xịt Khử Mùi Giày Công Sở Thể Thao Nano Bạc Hoàng Gia 100ml - Khử khuẩn giày nam nữ, khử mùi hiệu quả"
Giay Dep Nam,Dép quai kẹp Biti's nam (39-43)
Giay Dep Nam,Giày Sneaker Vải Canvas Nam Nữ E18 White Dincox Shoes Sang Trọng
Giay Dep Nam,"Dép quai ngang nam, nữ siêu nhẹ DUWA - Hàng chính hãng - TK9056"
Giay Dep Nam,Dép Nam Quai Ngang HÀ NAM Da Bò Thật Cao Cấp DNA2210
Giay Dep Nam,Giày Thể Thao Nam Biti's Hunter X DSMH09700
Giay Dep Nam,Giày Sandal Nam The Bily Quai Chéo - Đế Trắng Lót Đen Màu Đen BLDTMD01
Giay Dep Nam,Giày lười nam da bò SUNPOLO CS5077- 2 Phiên bản màu
Giay Dep Nam,Dép Nam Bít Mũi Da Bò Thật BIGGBEN Cao Cấp DN304
Giay Dep Nam,Giày thể thao trung cấp Bitis nam
Giay Dep Nam,"Giày Tây Nam Da Bò SUNPOLO MU0112 Lịch lãm (Đen, Nâu)"
Giay Dep Nam,GIày Sandal Nam Da Bò BIGGBEN Cao Cấp SD116
Giay Dep Nam,Dép Nam Quai Ngang HA NAM Da Bò Thật Cao Cấp DN2077
Giay Dep Nam,Giày Boot Da Bò Nam BIGGBEN Cao Cấp BT4
Giay Dep Nam,Giày Tây Nam BIGGBEN Da Bò Thật  GT161
Giay Dep Nam,Combo 3 Chai xịt Khử Mùi Hôi Giầy Dép Mũ Bảo Hiểm Hando 120ml
Giay Dep Nam,Dép Nam Quai Ngang Da Bò Cao Cấp SUNPOLO SUA12D - Đen (Size
Giay Dep Nam,Dép nam quai ngang da bò đế cao su DQN020 phiên bản đen
Giay Dep Nam,"Chai Tẩy Trắng Giày - Lọ Tẩy Ố Giày Dép - Nước Tẩy Trắng Giày Dép Túi Xách, Lọ Đánh Giày Vệ Sinh Giày Trắng"
Giay Dep Nam,DÉP NAM  DA BÒ CAO CẤP VATIS
Giay Dep Nam,Sandal Thể Thao Eva Phun Nam Biti's Hunter HEM000700
Giay Dep Nam,Dép quai kẹp Biti's nam
Giay Dep Nam,GIÀY LƯỜI DA BÒ NAM CAO CẤP VATIS VA2036
Giay Dep Nam,Giày Sandal Nam The Bily Quai Chéo Đôi -  Đế Trắng Lót Đen Màu Đen BLDTMD02
Giay Dep Nam,Giày lười da nam công sợ Bụi Leather G121 - Da bò Nappa cao cấp
Giay Dep Nam,Dép nhựa Bitis nam
Giay Dep Nam,Dép quai ngang Bitis nam
Giay Dep Nam,Giày Sneaker Da Unisex DINCOX D20 Black Năng Động Cá Tính
Giay Dep Nam,Đón gót giày bằng sừng bóng đẹp (DGH903) Đón gót giày mọi tư thế Cho giày Nam & Nữ - Tiện lợi
Giay Dep Nam,"Giày Mọi, Giày Lười Nam Da Bò SUNPOLO SU5059 Hiện đại (Đen)"
Giay Dep Nam,Combo 5 đế lót giày mùi quế
Giay Dep Nam,Lót Giày Hỗ Trợ Nâng Vòm Cho Bàn Chân Bẹt Spenco Total Support Max
Giay Dep Nam,Dép quai ngang nam da bò cao cấp TH_QN044
Giay Dep Nam,Dép Nam BIGGBEN Da Bò Thật Cao Cấp DN175
Giay Dep Nam,"Chai Cọ Tẩy Trắng Giày Dép Túi Xách Plac 100ml Đầu Chổi, Nước Tẩy Vết Bẩn Ố Vàng, Dung Dịch Tẩy Rửa Vệ Sinh Giày Dép Chuyên Dụng Cho Gia Đình"
Giay Dep Nam,DÉP DA BÒ CAO CẤP VATIS VA2035
Giay Dep Nam,Giày nam mũi tròn bigsize da bò cao cấp Trường Hải đế cao su may chắc chắn không trơn
Giay Dep Nam,"Dép nam bít mũi chất liệu da bò cao cấp SUNPOLO ABI019 (Đen, Nâu)"
Giay Dep Nam,Giày Sandal Nam HA NAM Da Bò Thật Cao Cấp DNA2136
Giay Dep Nam,Dép cao su 4 quai chéo đế dày
Giay Dep Nam,Giày Mọi Nam BIGGBEN Da Bò Thật GM223
Giay Dep Nam,Giày tây nam Trường Hải da bò cao cấp nâu cao 4cm đế cao su GT0201
Giay Dep Nam,Dép Nam BIGGBEN Da Bò Thật Cao Cấp DN198
Giay Dep Nam,dép cao su nam nữ 2 quai ngang
Giay Dep Nam,Giày Tây Nam BIGGBEN Da Bò Thật GT105
Giay Dep Nam,Giày Mọi Đế Âm Nam BIGGBEN Da Bò Thật Cao Cấp GM117
Giay Dep Nam,Giày mọi nam da bò đế cao su mũi tròn SUNPOLO MOI011
Giay Dep Nam,Dép quai hậu nam VN2519 size 39-45 VINASAN. Hàng Việt Nam xuất khẩu được sx theo công nghệ tiêu chuẩn cao Nhật Bản
Giay Dep Nam,Sandal xốp Bitis nam mẫu 2022
Giay Dep Nam,Giày sandal nam da bò thật BIGGBEN cao cấp SD127
Giay Dep Nam,Dép Nam Quai Ngang Da Bò Thật BIGGBEN Cao Cấp DN307
Giay Dep Nam,"Giày Nam, Giày Tây Nam Da Bò SUNPOLO SPH428 (Đen, Nâu)"
Giay Dep Nam,Giày Sandal Nam The Bily Quai Chéo - Màu Trắng BL01T
Giay Dep Nam,Giày Sandal Nam The Bily Quai Chéo Đôi - Màu Xám BL02X
Giay Dep Nam,"Giày Lười Nam Da Bò SUNPOLO SU4010 (Đen, Nâu)"
Giay Dep Nam,Dép Nam Da Bò BIGGBEN Cao Cấp DN224
Giay Dep Nam,Giày mọi nam da bò cao cấp Trường Hải GM236
Giay Dep Nam,Dép Nam BIGGBEN Da Bò Thật Cao Cấp DN197
Giay Dep Nam,Dép Nam BIGGBEN May Đế  Da Bò Thật DN40
Giay Dep Nam,Dép Da Nam BIGBEN May Đế Da Bò Thật DN38
Dien Tu Dien Lanh,"Remote Điều Khiển TV Dành Cho SAMSUNG Smart Tivi 4K, QLED - NO VOICE- Hàng nhập khẩu"
Dien Tu Dien Lanh,Máy lạnh Daikin Inverter 2 HP FTKZ50VVMV - Hàng chính hãng (chỉ giao HCM)
Dien Tu Dien Lanh,"Remote Điều Khiển Cho TV LED, Smart TV, Ti Vi Thông Minh TCL - Hàng nhập khẩu"
Dien Tu Dien Lanh,"Chân Kê Đế Chống Rung Máy Giặt, Tủ Lạnh Sét 4 Đế Tăng Giảm Độ Cao Hàng Nhập Khẩu"
Dien Tu Dien Lanh,Google Tivi LED Sony 4K 43 inch K-43S30 VN3 - Hàng Chính Hãng
Dien Tu Dien Lanh,(Chắc Chắn) Khung Đế Chân Kê Máy Giặt - Tủ Lạnh Cao Cấp KhoNCC Hàng Chính Hãng - Có 4 Bánh Xe Di Chuyển - KLM-KCTLMG4B
Dien Tu Dien Lanh,Tủ Lạnh Sharp SJ-X215V-DG 215L Inverter - Hàng Chính Hãng (Chỉ giao HCM)
Dien Tu Dien Lanh,Khung kệ treo tivi cố định Cảnh Phong hàng loại dày kích thước từ 19-85inch - Hàng Chính Hãng
Dien Tu Dien Lanh,Tủ lạnh mini KEMIN 6L CAT HEAD Chính hãng
Dien Tu Dien Lanh,[Loại Chuẩn] Chân Đế Kê Máy Giặt Tủ Lạnh Đa Năng KhoNCC Hàng Chính Hãng - Điều Chỉnh Phù Hợp Kích Cỡ Máy Giặt 6 -> 9Kg - KLVQ-4690-CKRE
Dien Tu Dien Lanh,Máy Lạnh Mitsubishi Electric 1 HP MS-JS25VF - Chỉ giao HCM
Dien Tu Dien Lanh,Tủ đông Hòa Phát HCF-106S1N1 - Hàng chính hãng
Dien Tu Dien Lanh,Tủ lạnh Hitachi Inverter 509 lít R-FW650PGV8-GBK
Dien Tu Dien Lanh,Tivi box Xiaomi Mi Box S EU 4K- Tiếng Việt - Hàng Chính hãng - PFJ4086EU
Dien Tu Dien Lanh,"Remote Điều Khiển Giọng Nói Dành Cho TCL Smart TV, Tivi Thông Minh TCL Netflix - Hàng chính hãng"
Dien Tu Dien Lanh,ĐIỀU KHIỂN CHO TIVI SONY RMF-TX200P - hàng nhập khẩu
Dien Tu Dien Lanh,Máy rửa bát 8 bộ cao cấp Nagakawa NK8D61M- Bảo hành 2 năm - Made in Malaysia - Hàng chính hãng
Dien Tu Dien Lanh,Tủ lạnh Electrolux 94 Lít EUM0930AD-VN
Dien Tu Dien Lanh,Tủ lạnh Hitachi R-WB640PGV1(GCK) 569 lít - Hàng chính hãng( Chỉ giao tại HCM) 
Dien Tu Dien Lanh,Điều khiển chuột bay chức năng giọng nói.
Dien Tu Dien Lanh,Tủ đông đứng Hòa Phát 147L 5 ngăn HUF 350SR1 - Hàng chính hãng
Dien Tu Dien Lanh,TỦ ĐÔNG MINI SANAKY 100 LÍT VH-1599HY ĐỒNG (R600A) - CHỈ GIAO HCM
Dien Tu Dien Lanh,"Tủ Đông Dàn Đồng Sanaky VH-4099W1 ( 2 Chế Độ Đông, Mát) (400L) - Hàng Chính Hãng"
Dien Tu Dien Lanh,Giá Treo Tivi Góc Xoay Nhập Khẩu North Bayou P4 (32-55inch) 
Dien Tu Dien Lanh,Máy Lạnh Mitsubishi Heavy 1.5 HP SRK/SRC12CT-S5
Dien Tu Dien Lanh,Máy Lạnh LG Inverter 1 HP V10APF
Dien Tu Dien Lanh,Máy giặt Toshiba Inverter 17 kg AW-DUN1800MV(SG) - Hàng chính hãng
Dien Tu Dien Lanh,Tủ lạnh Toshiba Inverter 233 lít GR-RT303WE-PMV(52)-Hàng chính hãng
Dien Tu Dien Lanh,TỦ LẠNH SHARP INVERTER  SJ-X198V-DG 198L - HÀNG CHÍNH HÃNG (CHỈ GIAO HCM)
Dien Tu Dien Lanh,Máy giặt Toshiba Inverter 10.5 kg TW-T21BU115UWV(MG) - Hàng chính hãng - Chỉ giao HCM
Dien Tu Dien Lanh,Máy giặt Casper Inverter 8 kg WF-8VG1 - Hàng chính hãng - Chỉ giao HCM
Dien Tu Dien Lanh,Tủ mát mini Alaska 70 lít LC 70 - Hàng chính hãng (Chỉ giao HCM)
Dien Tu Dien Lanh,Tủ lạnh Samsung Multidoor Inverter 488 lít RF48A4010B4/SV MỚI 2021 - HÀNG CHÍNH HÃNG - CHỈ GIAO HCM
Dien Tu Dien Lanh,Máy Rửa Chén Galanz W60B1A401M-AE5(SS) 1850W - Chỉ Giao HCM
Dien Tu Dien Lanh,Máy Nước Nóng Ariston AN2 30 R - 2.5 - FE (2500W)
Dien Tu Dien Lanh,"Bộ 2 Đá khô CO2 DK250 giữ lạnh sữa, bia, rượu, Hộp băng khô dạng gel cho quạt điều hòa, du lịch, phượt"
Dien Tu Dien Lanh,"BẢO VỆ TỦ LẠNH, THIẾT BỊ LẠNH VỚI STANDA BẢO VỆ AN TOÀN TUYỆT ĐỐI "
Dien Tu Dien Lanh,Máy Nước Nóng Panasonic DH-4MP1VW (4500W)
Dien Tu Dien Lanh,Tủ lạnh Hitachi Inverter 540 lít R-FW690PGV7 GBK
Dien Tu Dien Lanh,Điều khiển tivi dành cho TCL smart Netflix - Hàng chính hãng 
Dien Tu Dien Lanh,MÁY SẤY THÔNG HƠI TOSHIBA TD-H80SEV(WK) - Hàng chính hãng - Chỉ giao HCM
Dien Tu Dien Lanh,"Hộp nhựa 8/10/15/24/36 ngăn đựng linh kiện điện tử, ốc vít, phụ kiện trang sức, mô hình đa năng"
Dien Tu Dien Lanh,HÀNG CHÍNH HÃNG - Máy nước nóng trực tiếp Panasonic DH-4US1VW
Dien Tu Dien Lanh,Máy giặt sấy Electrolux Inverter 11 kg EWW1142Q7WB - chỉ giao HCM
Dien Tu Dien Lanh,Giá Treo TiVi Xoay Đa Năng North Bayou P4 Mẫu 2021 Màu Đen Lắp Cho Màn Hình 32 inch - 55 inch Nhập Khẩu
Dien Tu Dien Lanh,Máy Giặt Samsung Inverter 9.5kg WW95TA046AX/SV - Chỉ Giao HCM
Dien Tu Dien Lanh,Tủ đông Hòa Phát HCF 106S1ĐSH 107 lít - Hàng chính hãng
Dien Tu Dien Lanh,Tủ lạnh Samsung Inverter 256 lít RT25M4032BU/SV - HÀNG CHÍNH HÃNG
Dien Tu Dien Lanh,Tủ Đông Sanaky VH-4099A3 (320L) - Hàng Chính Hãng
Dien Tu Dien Lanh,Tủ đông Sanaky 260 lít VH-3699W1
Dien Tu Dien Lanh,Máy Nước Nóng FERROLI QQ EVO 15L ME (2500W)
Dien Tu Dien Lanh,AQR-T220FA(FB) - Tủ lạnh Aqua inverter 189 lít AQR-T220FA - Hàng chính hãng (chỉ giao HCM)
Dien Tu Dien Lanh,Bình đun nước nóng tức thời Ariston AURES PREMIUM 4.5P - Hàng chính hãng
Dien Tu Dien Lanh,Tủ lạnh Hitachi Inverter 569 lít R-WB640PGV1 GMG - Hàng chính hãng( Chỉ giao HCM)
Dien Tu Dien Lanh,Google Tivi Sony 4K 43 inch KD-43X81DK - Model 2022
Dien Tu Dien Lanh,Máy Lạnh Toshiba Inverter 2 HP RAS-H18E2KCVG-V - Chỉ giao tại HCM
Dien Tu Dien Lanh,"Điện trở tự ngắt phi 58 Ceramic Titan, hỗ trợ điện (nhiệt) phi 58 - 2000W  dùng cho máy nước nóng năng lượng "
Dien Tu Dien Lanh,Máy nước nóng Ariston SL BLU 20 - 2.5 - FE (2500W)
Dien Tu Dien Lanh,"Remote Điều Khiển Dùng Cho Smart TV, Internet TV, LED TV SAMSUNG AA59-00582A - Hàng nhập khẩu"
Dien Tu Dien Lanh,Tủ Đông Sanaky VH-6699HY3 (530L) - Hàng Chính Hãng
Giay Dep Nu,Giày Cao Gót Nữ Da Bò Thật BIGGBEN Cao 4 Phân GCG15
Giay Dep Nu,Giày Đế Xuồng Nữ BIGGBEN Da Bò Thật Cao 7 Phân SDX68
Giay Dep Nu,Giày Sandal Cao Gót Da Bò BIGGBEN Cao 10.5 Phân SDCG128
Giay Dep Nu,Giày bít da Bitis nữ
Giay Dep Nu,Dép Cao Gót Nữ BIGGBEN Da Bò Cao 4 Phân DCG79
Giay Dep Nu,Dép Đế Xuồng Nữ BIGBEN Da Bò Thật Cao 5 Phân DX40
Giay Dep Nu,Dép Sục Nữ Da Bò BIGGBEN Cao Cấp SBN40
Giay Dep Nu,Giày Sandal Nữ Đế Xuồng BIGGBEN Da Bò Thật SDX20
Giay Dep Nu,Giày sandal nữ Trường Hải đế cao 2.5cm quai dép da bò thật không nổ da đế cao su không trơn thời trang cao cấp SDN082
Giay Dep Nu,Giày Sandal Nữ Đế Xuồng BIGGBEN Da Bò Thật SDX16
Giay Dep Nu,set 5 Bộ Dây Giày Cao Su Đàn Hồi Thắt BuộcThông Minh Sneaker V-Laces 14 Sợi 2 Nút Chỉnh Size Nam Nữ
Giay Dep Nu,Giày Đế Xuồng Nữ BIGGBEN Da Bò Thật Cao 5 Phân SDX70
Giay Dep Nu,Giày Sandal Nữ BIGGBEN Da Bò Thật SDN08
Giay Dep Nu,Giày đế xuồng nữ da bò cao cấp BIGGBEN SDX24
Giay Dep Nu,Giày Sandal Nữ The Bily 03W Quai Ngang - Màu Đen BL03WD
Giay Dep Nu,Giày Sandal Đế Xuồng Nữ Da Bò BIGGBEN Cao Cấp SDX32
Giay Dep Nu,Dép Đế Xuồng Nữ Da Bò BIGGBEN Cao Cấp DX30
Giay Dep Nu,Giày Sandal Đế Xuồng Nữ Da Bò BIGGBEN Cao Cấp SDX26
Giay Dep Nu,Giày Sandal Cao Gót Da Bò BIGGBEN Cao 7 Phân SDCG63
Giay Dep Nu,Giày Sandal Nữ BIGGBEN Da Bò Thật SDN54
Giay Dep Nu,Giày Sandal Cao Gót Nữ BIGGBEN Cao Cấp SDCG50
Giay Dep Nu,Dép Nữ Đế Xuồng BIGGBEN Da Bò Thật DX23
Giay Dep Nu,2 cặp miếng lót mũi giày cao gót 4D êm chân thoáng khí - buybox - BBPK14
Giay Dep Nu,Giày Sandal Nữ BIGGBEN Da Bò Thật SDN33
Giay Dep Nu,"Dép Đế Xuồng Nữ BIGBEN Da Bò Thật Cao 4,5 Phân DX50"
Giay Dep Nu,Giày Đế Xuồng Nữ BIGGBEN Da Bò Thật Cao 5 Phân SDX55
Giay Dep Nu,Giày nữ đế xuồng 3cm hở mũi Trường Hải da bò thật màu đen DX135
Giay Dep Nu,Giày sandal xuồng nữ da bò BIGGBEN cao cấp SDX34
Giay Dep Nu,Giày Sục Đạp Gót Mules Vải Sneaker Unisex Tăng Chiều Cao 4cm DINCOX E10 Black
Giay Dep Nu,Giày Nữ Búp Bê Đế Bệt HÀ NAM Da Bò Thật Thời Trang Cao Cấp 2cm GBBN2038
Giay Dep Nu,Dép nữ đế xuồng Trường Hải cao 6.5cm quai dép da bò thật không bong tróc đế cao su không trơn thời trang cao cấp DXN0822
Giay Dep Nu,Lót Giày Tăng Chiều Cao EVA Nửa Bàn Cao Winwinshop88 (3.3 cm) - Xám
Giay Dep Nu,Dép Xỏ Ngón Nữ Da Bò Thật BIGGBEN Cao Cấp DXN47
Giay Dep Nu,Giày Sandal Cao Gót BIGGBEN Da Bò Thật Cao 12 Phân SDCG95
Giay Dep Nu,Dép Nữ Da Bò Thật BIGGBEN Cao 3 Phân DNQN45
Giay Dep Nu,Giày Búp Bê Nữ Hỡ Mũi Da Bò Thật BIGGBEN Cao 5 Phân BB126
Giay Dep Nu,Giày sandal nữ da bò thật HÀ NAM đế xuồng gót cao 5cm DNU2021
Giay Dep Nu,Dép Sục Nữ Hở Mũi BIGGBEN Da Bò Cao Cấp SBN32
Giay Dep Nu,Giày Sandal Nữ Đế Xuồng BIGGBEN Da Bò Thật SDX21
Giay Dep Nu,Giày Sandal Nữ Đế Xuồng BIGGBEN Da Bò Thật SDX19
Giay Dep Nu,Giày sandal nữ Trường Hải gót vuông 4cm màu đen đế cao su mềm dẻo chống trơn thời trang cao cấp XDN236
Giay Dep Nu,Dép quai ngang nữ đế cao 4cm thời trang cao cấp Trường Hải QN225
Giay Dep Nu,Giày Búp Bê BIGGBEN Da Bò Thật Cao Cấp BB29
Giay Dep Nu,Túi Đựng Giày Đa Năng Vải Không Dệt Có Dây Rút Du Lịch Bảo Quản Giày Dép Chống Bụi Bẩn Ố Vàng
Giay Dep Nu,Cuộn Băng quấn ngón tay ngón chân 4.4 mét Băng khớp Bảo vệ Tay Giảm đau khi Chơi Tennis Quần vợt Bóng rổ Bóng chuyền Legaxi
Giay Dep Nu,Dép Cao Gót Nữ BIGGBEN Da Bò Cao 4 Phân DCG75
Giay Dep Nu,Giày Cao Gót Da Bò Thật BIGGBEN Gót 7 Phân SDCG73
Giay Dep Nu,Dép nữ da bò thật BIGGBEN cao cấp DNQN37
Giay Dep Nu,Giày Sandal Nữ BIGGBEN Da Bò Thật SDN51
Giay Dep Nu,Giày Sandal Nữ BIGGBEN Da Bò Thật SDN40 - 35
Giay Dep Nu,Dép Nữ Đế Xuồng BIGGBEN Da Bò Thật DX3
Giay Dep Nu,Sandal Nữ BIGGBEN Da Bò Thật Cao Cấp SDN06
Giay Dep Nu,"Combo 2 miếng lót gót chân cao su mềm  , bảo vệ gót chân ,cổ chân ,khi mang giày"
Giay Dep Nu,"Dép nữ thời trang đế bằng 4cm Trường Hải 2 màu đen,xám DN155"
Giay Dep Nu,Lọ/Bình/Chai Xịt Khử Mùi Giày Công Nghệ NANO BẠC Mùi Dịu Nhẹ 260ml khử Mùi Hôi Dép Chân Tủ Giày Bình Sịt Khử mùi Giày
Giay Dep Nu,"Boots thời trang nữ cao gót, da lì đính hạt, mũi nhọn ROSATA RO606 - 10p - HÀNG VIỆT NAM - BKSTORE"
Giay Dep Nu,Dép Nữ Da Bò Thật BIGGBEN Cao Cấp DNQN60
Giay Dep Nu,Bàn chải đánh giày lông heo XIMO phiên bản cho giày vải sneaker
Giay Dep Nu,Chai Xịt Tạo Bọt Vệ Sinh Giày XIMO Cao Cấp 300ml
Giay Dep Nu,Giày lười nữ da bò đế bệt khóa ngang Trường Hải nhiều màu GM123V
Giay Dep Nu,Dép Nữ Da Bò Thật BIGGBEN Cao Cấp DNQN53
Giay Dep Nu,Giày Sandal Nữ Da Bò Thật BIGGBEN Cao Cấp SDN83
Giay Dep Nu,2 Miếng Lót Gót Giày Nữ 4D Chống Đau Gót Giảm size Cho Giày Bị Rộng LGCN2023
Giay Dep Nu,Giày sandal nữ da bò thật BIGGBEN cao cấp SDN73
Giay Dep Nu,Dép Nữ Da Bò BIGGBEN Cao Cấp DNQN36
Giay Dep Nu,Giày Búp Bê Nữ Da Bò BIGGBEN Cao Cấp BB106
Giay Dep Nu,Dép Nữ Đế Xuồng HÀ NAM Da Bò Thật Cao Cấp 4cm DNU2075
Giay Dep Nu,Giày Sandal Cao Gót BIGGBEN Da Bò Thật SDCG56
Giay Dep Nu,Dép Nữ Cao Gót BIGGBEN Cao Cấp DCG39
Giay Dep Nu,Giày Sandal Nữ BIGGBEN Da Bò Thật SDN62
Giay Dep Nu,Bộ 2 Dán lót giày êm chân chống trầy gót Milliken - màu sắc ngẫu nhiên
Giay Dep Nu,Giày Sandal Nữ Đế Xuồng BIGGBEN Da Bò Thật SDX17
Giay Dep Nu,Giày nữ đế xuồng da bò cao cấp Trường Hải DX218
May Anh,"Camera Wifi iMOU trong nhà 2 mắt Ranger Dual 10MP IPC-S2XP-10M0WED, 6MP IPC-S2XP-6M0WED-Hàng chính hãng"
May Anh,Đầu Ghi Hình HD 4MP 4 Kênh Chuẩn H.265 Pro+ HIKVISION DS-7204HQHI-K1 - Hàng chính hãng
May Anh,Camera WiFi Thông Minh TP-Link TC60 An Ninh Cho Gia Đình - Hàng Chính Hãng
May Anh,Camera IP Wifi PTZ FullColor 4MP ngoài trời Imou Cruiser IPC S42FP hàng chính hãng
May Anh,"Camera WIFI ngoài trời IMOU S21FP, S41FP có màu ban đêm, xoay 360 độ - Hàng chính hãng"
May Anh,Camera IP Wifi hồng ngoại EZVIZ C3TN 2MP H256 - Hàng chính hãng
May Anh,Camera Wifi Ezviz CS-H1C (2.0MP) - Hàng chính hãng
May Anh,Camera Eziz Ngoài Trời H8C 2MP/ C8C 4Mp - Đèn Còi Báo Động - Màu Ban Đêm - Đàm Thoại 2 Chiều - Xoay 360 Độ - Hàng chính hãng
May Anh,Camera wifi trong nhà quay quét 3MP IMOU IPC-A32EP- Hàng chính hãng
May Anh,"Chân Đế Dome cho camera Ezviz, Imou, Yoosee - Hàng Chính Hãng"
May Anh,"Camera IMOU Cruiser 2MP/4MP, Camera ngoài trời, xoay 360, chống nước IP66, đàm thoại hai chiều, tích hợp còi và đèn chiếu sáng - Hàng Chính Hãng"
May Anh,"EZVIZ H9c 3K 10MP , 2K 6MP, Camera 2 Mắt WiFi Ngoài Trời Xoay 360 ống kính kép có màu ban đêm-Hàng chính hãng"
May Anh,Camera Dahua IP Wifi  Imou IPC-C22EP-imou - Hàng chính hãng
May Anh,"Camera Wi-fi EZVIZ H8C 2MP Ngoài Trời, Quay Quét 360 Độ, Đàm Thoại 2 Chiều, Ghi Hình Màu Ban Đêm- Hàng Chính Hãng"
May Anh,Đầu Ghi Hình Camera HD TVI 8 Kênh Turbo 4.0 Hikvision DS-7108HQHI-K1 - Hàng chính hãng
May Anh,Bộ Camera Hikvision full color có màu ban đêm full phụ kiện lắp đặt hàng chính hãng
May Anh,"Camera IP 4 MP HIKVISION DS-2CD1043G0-IUF, có mic (Hàng Chính hãng Hikvision)"
May Anh,Tấm hắt sáng 80x80cm - Hỗ trợ chụp ảnh cho ánh sáng tự nhiên
May Anh,Thẻ Nhớ Micro Sd Yoosee 32Gb Class 10 90M/s - Hàng Chính Hãng
May Anh,Tay cầm chống rung Gimbal Hohem iSteady X - tay cầm chống rung 3 trục cho điện thoại nhẹ nhất thế giới - Hàng chính hãng
May Anh,Camera WIFI trong nhà xoay 360 Ezviz C6N 2MP/4MP đàm thoại 2 chiều - Hàng chính hãng
May Anh,"Camera Ezviz H6C Pro 2K 4mp, Nút Call Gọi Điện-hàng chính hãng"
May Anh,"Camera imou Bullet IPC-F42FP 4.0 Megapixel , Full color có màu ban đêm - hàng chính hãng"
May Anh,Camera Wifi Trong Nhà EZVIZ BC2 2MP Tích Hợp Pin Sạc 2.000mAh - Đàm Thoại 2 Chiều - Hàng Chính Hãng
May Anh,Ống Nhòm Barska Lucid 8x21mm(AB13273) - Hàng chính hãng
May Anh, Ống nhòm một mắt Carson CF-618 - Hàng chính hãng
May Anh,Bộ sạc nhanh và 4 viên Eneloop Panasonic 2000 mah - Hàng chính hãng
May Anh,Kính thiên văn BARSKA Starwatcher  30070 - 225 Power  - Hàng chính hãng
May Anh,"Ống nhòm một mắt chống nước, chống sương mù Barska Blackhawk 10x40 WP - Hàng chính hãng"
May Anh,"Camera Wifi Ezviz H8 3M 2K Quay 360 độ, Tính hợp AI, Đàm Thoại 2 Chiều, Có Màu Đêm - Hàng chính hãng"
May Anh,"Chân Đế Camera, Giá Đỡ Camera Dán Tường Trong Suốt - Hàng Chính Hãng"
May Anh,Chân máy chiếu Wanbo đa năng có thể điều chỉnh từ 30 - 170cm Xoay 360° - Hàng chính hãng
May Anh,Ống Nhòm Barska Porro 12x50 - Hàng chính hãng
May Anh,Nguồn Tổng Camera 8 KÊNH 60W HIKVISION DS-2FA1205-C8 - Hàng Chính Hãng
May Anh,Camera IP Yoosee 2031 Thế Hệ Mới 8 Led 5Mpx Góc Rộng Siêu Nét Full Hd Hồng Ngoại Quay Đêm Hàng Chính Hãng
May Anh,Gói hút ẩm Secco - Hàng chính hãng
May Anh,"Đầu ghi hình camera IP 8MP tích hợp POE Chuẩn nén video H.265+ Độ phân giải ghi hình tối đa 8MP, 4/8/16 kênh mã SP 76xxNI-K1 - Hàng chính hãng"
May Anh,"Camera IP Wifi Trong Nhà Ezviz TY1 2MP Quay Quét 360 độ, Đàm Thoại 2 Chiều - Hàng chính hãng"
May Anh,Camera IMOU A52  Xoay 360° Full HD 5.0MP Siêu Nét Góc Rộng Đàm Thoại Hai Chiều- HÀNG CHÍNH HÃNG
May Anh,DÂY DA SEN ĐEO MÁY ẢNH  - CHÍNH HÃNG KHẮC TÊN
May Anh,Ống Nhòm Barska Lucid 10x42mm - Hàng chính hãng
May Anh,bộ sạc pin aa panasonic CC55C sạc nhanh hàng chính hãng
May Anh,Bộ Pin Sạc 1.5V AA / AAA Doublepow Cao Cấp L151 Kèm 2 Pin Sạc 1.5V 2750mWh - Hàng Chính Hãng
May Anh,Đèn led video Ulanzi VIJIM VL120 RGB hàng chính hãng
May Anh,Trọn bộ 8 camera Hikvision và đầu ghi chính hãng 
May Anh,"Camera Wi-fi EZVIZ C6N 2MP Trong Nhà, FHD 1080P, Quay Quét 360 Độ, Đàm Thoại Hai Chiều - Hàng Chính Hãng"
May Anh,Camera IP wifi ngoài trời IMOU Cruiser SE 2MP/4MP - Hàng Chính Hãng
May Anh,Camera IP POE thân trụ 2MP HIKVISION DS-2CD1023G0E-I(L) hàng chính hãng
May Anh,Ống Nhòm Barska Escape 7x50 - Hàng chính hãng
May Anh,"Tripod Chân đế bạch tuộc dùng cho máy ảnh, điện thoại đặt trên mọi địa hình Ulanzi MT-33 - Hàng nhập khẩu"
May Anh,Ống nhòm mini bỏ túi Carson JD-718 MiniScout - Hàng chính hãng
May Anh,Gậy Chống Rung Gimbal Stabilizer L08 - Có 3 Chân Đỡ - Nút Bấm Bluetooh Hàng Cao Cấp - Hàng Nhập Khẩu
May Anh,"Camera IMOU Cue 2E, Camera IP độ phân giải 2 megapixel, phát hiện người bằng AI thông minh - Hàng Chính Hãng"
May Anh,Camera dùng Pin sạc không dây Ezviz BC2 Mini đàm thoại 2 chiều - Hàng chính hãng
May Anh,VIETMAP BM9 - Thiết bị dành cho màn hình theo xe ô tô - Tích hợp Dẫn đường - Vietmap S2 Vietmap Live - Hàng chính hãng 
May Anh,Đầu ghi hình camera IP 4 kênh HIKVISION NI-Q1 - Hàng chính hãng
May Anh,Camera IP HIKVISION DS-2CD1123G0E-I 2.0 Megapixel – Hàng Nhập Khẩu
May Anh,1 Kg gói hút ẩm loại 10gr (100 gói) nhãn hiệu MAX DESI hàng chính hãng
May Anh,25 Gói hút ẩm máy ảnh Clay loại 2gr - Hàng chính hãng
May Anh,Ống Kính Laowa 10-18mm F/4.5-5.6 FE Zoom For Sony E-Mount - Hàng Chính Hãng
May Anh,Ống Kính Viễn Vọng Barska Benchmark 8-24x58mm WP - Hàng chính hãng
May Anh,"Ulanzi U-SELECT FT-01 - Tripod Bạch Tuộc Xoay 360° Cho Smartphone, Gopro, Máy Ảnh, Tải Trọng 2 Kg - Hàng Chính Hãng"
May Anh, Ống nhòm cao cấp Barska Crush 10x42mm (Xanh da trời) - Hàng chính hãng
May Anh,Chân đế cao cấp Carson The Rock Monopod TR-500 - Hàng chính hãng
May Anh,Ống nhòm Barska Lucid View 10x42mm New - Hàng chính hãng
May Anh,Camera KBVISION KX-2011C4 2.0 Megapixel - Hàng nhập khẩu
May Anh,Camera  HD-TVI  hình trụ hồng ngoại 20m 2MP Hikvision DS-2CE16D0T-IRP - Hàng Chính Hãng
May Anh,Đầu ghi hình 5 in 1 16 kênh HIKVISION DS-7216HGHI-K1 - HÀNG CHÍNH HÃNG
May Anh,"Trọn Bộ Camera HIKVISION 2.0MP - Full HD 1080P - Đủ Bộ 4 mắt 2.0MP, Đầu ghi vỏ Kim loại, Hdd 1TB & Phụ kiện lắp đặt - Hàng chính hãng"
May Anh,Đầu Ghi Hình HD - Dahua XVR1A08 - Hàng Chính Hãng
May Anh,"Camera IMOU Bullet 2/2C/2E 2MP ( IPC-F22P), Camera Ngoài Trời, Chống nước IP67, Chuẩn nén H265, Theo dõi chuyển động, Quay Màu ban đêm - Hãng Chính Hãng"
May Anh,CAMERA WIFI IP EZVIZ C1C CS-C1C-D0-1D2WFR 1080P Full HD - HÀNG CHÍNH HÃNG
May Anh,Vantech Camera 3.0MP Supper Starlight Bullet VP-2200IP-Hàng chính hãng
May Anh,Micro thu âm Saramonic Blink 500 B2 - Hàng Chính Hãng
May Anh,Máy nhắc chữ Teleprompter TC7 Lensgo Hàng Chính Hãng
May Anh,Micro thu âm không dây Saramonic Blink 500 Pro B2 (TX+TX+RX) - Hàng Chính Hãng
May Anh,"Ulanzi MG-002 / MG-003 - Tripod MiNi Có MagSafe N52, Bluetooth Remote, Hỗ Trợ Xoay 360 Độ Cho Điện Thoại - Hàng Chính Hãng"
May Anh,Mic thu âm Comica CVM-VM10II B - Hàng Nhập Khẩu
Phu Kien Thoi Trang,Nón beanie vành tròn Mũ tròn Miki Hat thêu chữ See You 404 phong cách Hiphop Ulzzang form unisex nam nữ
Phu Kien Thoi Trang,Cặp Cài Tai Giữ Mắt Kính Bằng Silicon Chống Trượt Tiện Dụng
Phu Kien Thoi Trang,Kẹp tóc càng cua kẹp tóc cho nữ phong cách Hàn Quốc
Phu Kien Thoi Trang,"Khăn Quàng Cổ Lông Thỏ Buộc Nơ siêu xinh (kèm ảnh , video thật)"
Phu Kien Thoi Trang,Máy đo nồng độ cồn trong hơi thở mẫu mới cầm tay nhỏ gọn
Phu Kien Thoi Trang,"Combo 5 đôi tất vớ nam cổ cao, vớ Cotton co dãn thoáng mát"
Phu Kien Thoi Trang,"Găng Tay Hở 2 Ngón Unisex Chống Nắng, Có Thể Sử Dụng Cảm Ứng Điện Thoại"
Phu Kien Thoi Trang,Mũ Nón Vành Che Nắng Chống Tia UV Travellers Có Dây Đeo Tiện Dụng Khi Đi Câu Cá Leo Núi
Phu Kien Thoi Trang,Quần tất mỏng chất dai cho nữ - Da
Phu Kien Thoi Trang,Tất lưới đùi viền sọc cực sexy
Phu Kien Thoi Trang,Quần tất nữ hàn quốc
Phu Kien Thoi Trang,5 đôi tất nam U.ni chống hôi chân cổ ngắn hàng chuẩn
Phu Kien Thoi Trang,"(Hàng cao cấp) Kính Trong suốt nam nữ cao cấp chống nắng uv, chống gió bụi"
Phu Kien Thoi Trang,Kẹp tóc con bướm - kẹp tóc càng cua 5 răng - kẹp tóc trong suốt - kẹp gấp 5 răng mẫu mới
Phu Kien Thoi Trang,NHIỀU MẪU Ghim cài áo đính đá xích cao cấp - ghim cài vest cưới Tien Nguyen
Phu Kien Thoi Trang,"Khăn lau kính Nano chống bám hơi nước, chống mờ sương, sạch bụi bẩn và dấu vân tay, Công nghệ Nhật Bản - Hộp 100 Miếng"
Phu Kien Thoi Trang,Kính Mắt Thời Trang Kim Loại Cao Cấp Cho Nữ
Phu Kien Thoi Trang,Bờm cài tóc tết - tóc giả thắt bím SIZE LỚN
Phu Kien Thoi Trang,"Khăn lau mắt kính nano chống hơi nước chuyên dụng Hộp 100pcs lau mũ bảo hiểm, màn hình điện thoại, laptop chống bám bụi"
Phu Kien Thoi Trang,Gọng kính 8085 nhựa cao cấp siêu bền thời trang nam nữ OURESS
Phu Kien Thoi Trang,Mũ bucket nữ thời trang không thêu logo với chất liệu vải cotton thoáng mát dễ thấm hút mồ hôi
Phu Kien Thoi Trang,Set mũ len kèm khăn len cực ấm cho bớt mùa đông lạnh giá
Phu Kien Thoi Trang, Mũ nón bucbet TRƠN 2 mặt- nón tai bèo vành
Phu Kien Thoi Trang,Khăn rằn campuchia xanh dương
Phu Kien Thoi Trang,"Nón kết chữ S dành cho nam và nữ, chất liệu vải dù trơn bóng, gắn sò to 2 bên hông nón - Hạnh Dương"
Phu Kien Thoi Trang,Combo 5 Đôi Tất Vớ Nam Thể Thao Cổ Dài Mix Màu Thương Hiệu MRM FASHION
Phu Kien Thoi Trang,Kẹp tóc đính đá trái tim
Phu Kien Thoi Trang,Set 5 đôi tất hài nữ nửa bàn chân cực đẹp siêu hot TH01
Phu Kien Thoi Trang,Lược Massage và Chải Khi Gội
Phu Kien Thoi Trang,Combo Phụ kiện thời trang Đuôi cosplay cáo nhân tạo Cosplay + nơ cổ + kẹp tóc (Halloween / Lễ hội / Trang phục hóa trang)
Phu Kien Thoi Trang,Kẹp Tóc Nơ Bong Bóng Nhiều Lớp Hoa Cho Nữ - Phụ Kiện Tóc Dễ Thương
Phu Kien Thoi Trang,Găng tay da nam nữ chống nước cảm ứng điện thoại Rhino G903 Găng tay đi xe máy lót nỉ Siêu Ấm
Phu Kien Thoi Trang,Mũ nón len 2 lớp nam nữ tặng kèm khăn choàng cổ y hình chống lạnh logo thời trang Hàn Quốc dona23061201
Phu Kien Thoi Trang,Combo 3 đôi tất (vớ) nam cổ dài sợi modal thoáng khí khử mùi - CB1M001
Phu Kien Thoi Trang,Kính gọng nam nữ thời trang nhựa dẻo Hàn Quốc
Phu Kien Thoi Trang,"NHIỀU MẪU Ghim cài áo vest, phụ kiện cài áo - Full box"
Phu Kien Thoi Trang,Lens trong suốt có độ cận dòng cao cấp chất liệu Silicone Hydrogel Angel Eyes độ cận 1 - 15
Phu Kien Thoi Trang,Lens đen giãn tròng Tokyo Night nhãn hiệu Angel Eyes ( Độ cận 0-8 độ )
Phu Kien Thoi Trang,SET 50/10 khẩu trang KF94 4D Bảo Long Mask kháng khuẩn chống bụi mịn sản xuất tại Việt Nam theo công nghệ 4D và chuẩn KF94 Hàn Quốc
Phu Kien Thoi Trang,"Kính Râm, Kính Mát Nam Cơn Ao Fullbox Phụ Kiện Tròng Thủy Tinh Chống Nắng Chống Lóa UV Cao cấp"
Phu Kien Thoi Trang,"( Hàng Chuẩn ) Ống Tay Chống Nắng, Găng Tay Chống Nắng Hàn Quốc Chống Tia UV Dành Cho Nam Và Nữ Let's slim"
Phu Kien Thoi Trang,Mũ lưỡi trai thêu hoa cúc họa mi rơi cánh hot trend dành cho cả nam và nữ - Hạnh Dương
Phu Kien Thoi Trang,Khẩu Trang Pitta Nhật Bản Small Chic - Gói 3 cái (mẫu mới 2020)
Phu Kien Thoi Trang,Dây buộc tóc Scrunchies lụa in hoa cúc HD98
Phu Kien Thoi Trang,Khăn choàng cổ nam nữ siêu nhẹ - UNQ001
Phu Kien Thoi Trang,Combo 3 Đôi Tất Cổ Trung Cùng Màu Cotton Thương Hiệu MRM Manlywear
Phu Kien Thoi Trang,"Khẩu trang chống nắng, chống tia UV #003710 Nhật Bản"
Phu Kien Thoi Trang,Bộ 10 Đôi Tất Cổ Cao Chống Hôi Chân Cho Nam HLPT04 Hàng Xuất Khẩu Nhật Bản (Freesize)
Phu Kien Thoi Trang,Combo 10 Tất Nam Chống Hôi Chân
Phu Kien Thoi Trang,Băng đô turban giữ tóc bản to chất liệu cao cấp cho bạn gái TB07
Phu Kien Thoi Trang,"Khăn trùm kín mặt chống nắng, chống tia UV khi đi xe dành cho cả nam và nữ - Hàng chính hãng Khẩu Trang Unisex Văn Phòng Phượt Dã Ngoại Du Lịch"
Phu Kien Thoi Trang,Sét 8 Kẹp Tóc Size To Phong Cách Hàn Quốc
Phu Kien Thoi Trang,"Nón tai bèo nam nữ Nhiều Tiền Để Làm Gì thời trang, vành rộng chống nắng tốt - Hạnh Dương"
Phu Kien Thoi Trang,Lens nâu tự nhiên có độ Mochi thương hiệu Angel Eyes đường kính 14.2 có độ từ 0 đến 6
Phu Kien Thoi Trang,Kính râm Nam thời trang cao cấp - Form to bản siêu sang chảnh
Phu Kien Thoi Trang,Nón chống nắng rộng vành mũ chống nắng đa năng đặc biệt có thể thao dây kéo phía trên đỉnh đầu
Phu Kien Thoi Trang,"Mũ Lưỡi Trai Kaki Nam Nữ US ARMY U833, Kiểu Dáng Nón Beret 2 Lớp Thời Trang Cao Cấp- HÀNG CHÍNH HÃNG"
Phu Kien Thoi Trang,"Nón beret nam, mũ mỏ vịt dành cho người trung niên, không thêu họa tiết, chất liệu vải oát mềm mại, tăng giảm size dễ dàng"
Phu Kien Thoi Trang,Dây Lưng Cá Sấu Liền Nguyên Tấm Bản Rộng 4cm. Dây Được Đan Viền Thủ Công Rất Đẹp
Phu Kien Thoi Trang,"Mũ lưỡi trai nam nữ vải lưới thoáng mát thời trang không logo, không thêu, che nắng tốt, bảo vệ da"
Phu Kien Thoi Trang,Sét 2 kẹp tóc nhựa bền Song An Eco KAH118
Phu Kien Thoi Trang,Bộ sưu tập bờm sắt siêu bền Song An Eco
Phu Kien Thoi Trang,Cài áo hoa vải
Phu Kien Thoi Trang,"Kẹp đá sang trọng , phụ kiện kẹp tóc xinh"
Phu Kien Thoi Trang,Vớ tất ren nữ  thoáng chân
Phu Kien Thoi Trang,Thắt Lưng Nam Cao Cấp AT Leather P119 - Đen
Phu Kien Thoi Trang,MŨ BERET NAM DA BÒ CAO CẤP BHY1907 | BAO HA LEATHER
Phu Kien Thoi Trang,"Găng tay giữ ấm mùa đông chống gió, kháng nước mưa eXtreme GT2301 Bao tay thể thao cảm ứng điện thoại đi xe máy, xe đạp lót nỉ cho nam nữ, bảo hộ đi phượt"
Phu Kien Thoi Trang,Mặt Khóa cho dây thắt lưng da cá sấu thật 3.5cm Kim loại đúc nguyên khối không gỉ sét
Phu Kien Thoi Trang,"Mũ Mmlg M Ballcap - Nón lưỡi trai thời trang cho nam, nữ, unisex - MMLGC025"
Phu Kien Thoi Trang,Mũ bucket trơn ️ Nón tai bèo vành tròn trơn 2 mặt Ulzzang form unisex nam nữ - BK02
Phu Kien Thoi Trang,Khẩu trang y tế 4 lớp Khánh An 3DN95 kháng khuẩn màng lọc đặc biệt giúp ngăn cản 95% bụi mịn và lọc khuẩn trên 98
Phu Kien Thoi Trang,Gọng kính 8089 nhựa cao cấp siêu bền thời trang nam nữ OURESS
Phu Kien Thoi Trang,"Kính Râm, Kính Mát Nam Nữ Mắt Tròn 2 Tròng Mở Nắp 2in1 Gọng Kim Loại Cao Cấp"
Phu Kien Thoi Trang,"Kẹp búi tóc Hàn Quốc (Loại Đẹp), cặp tóc tổ chim bằng nhung - tiemcuaxu"
Phu Kien Thoi Trang,Kẹp mái KAH146 basic 8cm dễ sử dụng
Phu Kien Thoi Trang,"Combo 6 lô uốn tóc tự dính size nhỏ 2,5cm"
Phu Kien Thoi Trang,"Găng tay nữ da cừu phối ren nữ tính - BHY8700 Bao tay da mùa đông, lót lông mềm, tích hợp cảm ứng"
Phu Kien Thoi Trang,Kẹp tóc - kẹp gấp ngọc trai
Phu Kien Thoi Trang,Thắt Lưng Nam Lịch Lãm AT Leather ATN01 - Đen
Phu Kien Thoi Trang,Nón mũ beret mỏ vịt nam nữ thời trang Hàn Quốc dona22110507
Phu Kien Thoi Trang,"Nón bucket, mũ tai bèo nam nữ vành tròn Hàn Quốc thêu chữ ký, vải cotton cao cấp"
Phu Kien Thoi Trang,Khẩu trang y tế Khánh An 4 lớp kháng khuẩn SMS hộp 50 cái
Phu Kien Thoi Trang,Kẹp tóc kim loại dạng dài nơ đính đá sang trọng ( mẫu mới )
Phu Kien Thoi Trang,"Gọng Kính Cận, Kính Giả Cận Nữ Mắt Mèo Viền Dày Ánh Nhũ Nữ Tính,  Chống Ánh sáng Xanh, Gọng Nhựa Dẻo TR90 Đen, Nâu, Trong Suốt - BLUE LIGHT"
Phu Kien Thoi Trang,"Mũ Trùm Đầu Làm Khô Tóc, Khăn Quấn Tóc Siêu Thấm Hút Hình Gấu 26cm"
Phu Kien Thoi Trang,Gọng kính 8088 nhựa cao cấp siêu bền thời trang cá tính nam nữ OURESS
Phu Kien Thoi Trang,[VIDEO]- Khăn lụa choàng cổ dáng dài cao cấp 180x90cm- Quà tặng ý nghĩa cho phái đẹp- CHỌN MẪU
Phu Kien Thoi Trang,Găng Tay Chống Nắng Xỏ Ngón Let's Slim Ngăn Ta UV
Phu Kien Thoi Trang,Khăn turban ống cotton tube co giãn 9 kiểu dùng có video hướng dẫn
Phu Kien Thoi Trang,Kẹp tóc kim loại phong cách Hàn Quốc cá tính nhiều mẫu lựa chọn
Phu Kien Thoi Trang,KẸP BÚI LƯỚI CÔNG SỞ HOA HỒNG
Phu Kien Thoi Trang,"Nón kết nhung YES YOU CAN, chất liệu vải mềm mượt, kiểu dáng thời trang cá tính, có khóa tăng giảm size - Hạnh Dương"
Phu Kien Thoi Trang,"Cột Tóc Vải Scrunchies, Dây Buộc Tóc Scrunchies Nhiều Màu Hàn Quốc SC03 cực kì xinh xắn"
Phu Kien Thoi Trang,"Cặp tóc nơ phong cách Hàn Quốc cực xinh, kẹp nơ sau dễ thương KT13 được các bạn nữ cực kỳ yêu thích"
Phu Kien Thoi Trang,Dây buộc tóc Scrunchies lụa dáng dài dễ thương HD78
Phu Kien Thoi Trang,KHẨU TRANG PITTA MÀU TRẮNG SIZE REGULAR (GÓI 3 CÁI)
Phu Kien Thoi Trang,Thắt Lưng Da Cá Sấu thật. Da Bông Hông Cá Sấu Rất Đẹp Và Mềm. Kích Thước Chuẩn 3.5*120cm Rất Dễ Sử Dụng
Phu Kien Thoi Trang,Băng đô len Vintage cho bạn gái TB49
Phu Kien Thoi Trang,Cài tóc tai mèo
Phu Kien Thoi Trang,"Hộp đựng mắt kính có móc treo, Hộp đựng mắt kính thiết kế khóa kéo có móc treo nhỏ gọn tiện dụng - Màu đen"
Dong Ho Va Trang Suc,Đèn Pha Led Bi Cầu Mini T90 PRO 12000LM Siêu Sáng Chân H4 Gắn Ô tô và Xe Máy Bảo Hành 12 Tháng
Dong Ho Va Trang Suc,Combo 2 vỉ 20 viên Pin Đồng hồ G4 – LR626 – 377 – SR626 – 177
Dong Ho Va Trang Suc,Dây chuyền nam titan cao cấp thời trang inox thép không gỉ kiểu bông dừa trangsucpt 7mm PTDCNA170
Dong Ho Va Trang Suc,(3 cái) Nút che cổng sạc đồng hồ Garmin (NGM)
Dong Ho Va Trang Suc,Pin Nhật Maxell SR927SW / SR927W / SR927 / 927 / 395 Chính Hãng 1 Viên
Dong Ho Va Trang Suc,(TẶNG KÈM CHỐT VÀ DỤNG CỤ THAY DÂY) Dây đúc đồng hồ inox không rỉ 7 mắt đủ size 18mm 19mm 20mm 21mm 22mm
Dong Ho Va Trang Suc,"Dụng cụ tháo và lắp dây da, dây inox hai đầu chuyên nghiệp"
Dong Ho Va Trang Suc,Vòng Gỗ Trắc Hai Màu TOKDODO Vân Đặc Biệt VIP ( Hàng Nguyên Khối Không Ghép )
Dong Ho Va Trang Suc,Pin CR2032 Maxell Lithium 3V vỉ 5 viên
Dong Ho Va Trang Suc,"Vòng Tay Phong Thủy Thạch Anh Tóc Vàng Thiên Nhiên AAAA mix Bạc 925, Mạng Thổ - Kim, Món Qùa Trang Sức  Phong Thủy May Mắn Ý Nghĩa  VK002 BlackMount"
Dong Ho Va Trang Suc,Vòng tay chỉ đỏ may mắn
Dong Ho Va Trang Suc,Vòng tay phụ kiện vòng tay hoa khô vòng tay may mắn
Dong Ho Va Trang Suc,Vòng điều hoà huyết áp cải thiện sức khỏe FCM001 - Hàng nhập khẩu
Dong Ho Va Trang Suc,Đồng hồ nam dây nhựa Casio W-218H-4BVDF
Dong Ho Va Trang Suc,"Vòng tay đá thạch anh đen khắc kinh phật mix charm cung hoàng đạo MS224 -M-8, Vòng tay phong thủy hợp mệnh Thủy, Mộc, Thổ cho nam và nữ"
Dong Ho Va Trang Suc,Đồng Hồ Nam Citizen Dây Thép Không Gỉ BM8452-99P - Mặt Vàng
Dong Ho Va Trang Suc,"[BH 2 Năm Động Cơ] Hộp xoay đồng hồ 4 chế độ xoay - Hộp đựng 2 đồng hồ cơ, lên dây cót đồng hồ cơ"
Dong Ho Va Trang Suc,Dây Đeo Đồng Hồ Vải Dù Nato - Dây Đồng Hồ Nam 18mm 20mm 22mm
Dong Ho Va Trang Suc,"Dây Đồng Hồ Da Bò Italy Cao Cấp Màu Đen Size 15/17/19/21/23/25mm - Dây Da Đồng Hồ Da Bò Thật 100%, Bảo Hành 12T"
Dong Ho Va Trang Suc,Dây chuyền hai lớp đính ngọc trai nhân tạo thời trang
Dong Ho Va Trang Suc,"Đồng hồ thông minh trẻ em KT18 WONLEX , 4G Android , gọi video , định vi GPS , WIFI"
Dong Ho Va Trang Suc,Mũ Tắm Trùm Tóc ĐỘI ĐẦU BẠN GÁI HOẠT HÌNH - Nón Tắm Hình Thú Tránh Ướt Tóc - Mũ Chụp Ủ Tóc Có Thun
Dong Ho Va Trang Suc,Dây đeo Samsung Watch 46mm (DSK-2)
Dong Ho Va Trang Suc,Dây Xiaomi Mi Watch Lite - Chất silicone
Dong Ho Va Trang Suc,"Vòng tay huyết áp Nhật bản, Nữ, Dài 21cm, rộng 0.7cm, mẫu Tahoma-007, Kèm hộp đựng Crown.X"
Dong Ho Va Trang Suc,Pin Đồng hồ đeo tay Maxell SR927SW 1.55V 395 vỉ 5 viên
Dong Ho Va Trang Suc,"Bộ Vòng đeo tay phong Thủy Gỗ Đàn Hương Lụa Vàng Tự Nhiên Ấn Độ, Kèm Hộp đựng lót nhung nỉ"
Dong Ho Va Trang Suc,Vòng Đeo Tay Chỉ Đỏ Đính Đá Cẩm Thạch Tự Nhiên Kèm Túi Nhung Phù Hợp Làm Quà Tặng
Dong Ho Va Trang Suc,VÒNG THẠCH ANH TÍM TỰ NHIÊN GIÁC ĐẬM  SIZE 10MM  NỮ MỆNH HỎA THỔ
Dong Ho Va Trang Suc,Bông tai đính đá Topaz xanh tự nhiên chuôi bac
Dong Ho Va Trang Suc,Hộp đựng đồng hồ gỗ Songmics 2 tầng - Đẳng cấp châu Âu Hàng chính hãng
Dong Ho Va Trang Suc,Dây đeo cho Huawei Watch GT6/ GT5/ GT4/ GT3/ GT3 Pro/ 5/ 4/ 4 Pro/ 3/ 3 Pro/ GT Runner/ GT2e/ GT2/ GT2 Pro (DB)
Dong Ho Va Trang Suc,Pin CR2032 Nhật Bản 3V Date 2032 Hàng Cao Cấp
Dong Ho Va Trang Suc,5 Viên Pin Đồng Hồ SR626 / SR621 / SR716 / SR521 / SR616 / SR516 / SR721 / SR920 / SR927 Maxell Chính Hãng
Dong Ho Va Trang Suc,"Vòng đeo tay huyết áp Nhật bản, dài 21cm, bản rộng 12li, kèm hộp đựng CrownX.436B lót nhung nỉ"
Dong Ho Va Trang Suc,(TẶNG CHỐT VÀ DỤNG CỤ THAY DÂY)Dây đồng hồ da các màu đủ size đảm bảo ảnh thật và giá rẻ nhất thị trường
Dong Ho Va Trang Suc,"Dây Thun Co Giản, Dây Cước Đàn Hồi Xỏ Chuỗi Hạt size 1mm dài 100m"
Dong Ho Va Trang Suc,Dây Da Đồng hồ Da Bò thật Size Nữ Nhiều Màu [Tặng Hộp Gỗ
Dong Ho Va Trang Suc,Nhẫn nam titan mặt kim cương
Dong Ho Va Trang Suc,Vòng Tay Trầm Hương 108 Hạt Từ Trầm Tốc Lào Tự Nhiên
Dong Ho Va Trang Suc,Nhẫn nam đen trắng
Dong Ho Va Trang Suc,Vòng điều hòa huyết áp Nhật Bản - ND001
Dong Ho Va Trang Suc,Đồng hồ nữ dây nhựa Casio LQ-139BMV-7ELDF
Dong Ho Va Trang Suc,Đồng hồ nữ dây da Casio LTP-1094Q-7B4RDF
Dong Ho Va Trang Suc,Đồng hồ unisex Casio A158WA-1DF
Dong Ho Va Trang Suc,Đồng Hồ Nam Dây Nhựa Casio MQ-24-7B3LDF - Đen
Dong Ho Va Trang Suc,Dây đeo đồng hồ da bò màu trắng Size 14/15/16/17/18/19/20/21/22mm - Dây đồng hồ da bò Thật 100% - Bảo Hành 12 Tháng
Dong Ho Va Trang Suc,Dây đồng hồ Handmade Da Cá Sấu Navy Chỉ Trắng Size 20/22mm - Dây Đeo Da Cá Sấu Thật 100% - Bảo Hành 12 Tháng
Dong Ho Va Trang Suc,"Dây Đồng Hồ Da Bò Italy Cao Cấp Màu Nâu Size 15/17/19/21/23/25mm - Dây Da Đồng Hồ Da Bò Thật 100%, Bảo Hành 12T"
Dong Ho Va Trang Suc,1 Vỉ 5 Viên Pin Maxell Nhật Bản Cho Đồng Hồ Đeo Tay Nhiều Kích Cỡ SR621SW / SR626SW / SR920SW / SR521SW / SR927SW / SR721SW / SR616SW / SR512SW
Dong Ho Va Trang Suc,"Dây đồng hồ nato vải dù D121 cỡ 18mm; 20mm, 22mm thoải mái đi trời mưa, lắp cho dây đeo đồng hồ dw rolex hublot orient seiko casio"
Dong Ho Va Trang Suc,Đồng Hồ Nữ Casio Chính Hãng LTP-VT01D-7B Dây Kim Loại
Dong Ho Va Trang Suc,Hộp Đựng Đồng Hồ Cơ 4 Xoay Và 6 Trưng Bày Da Cao Cấp
Dong Ho Va Trang Suc,Đồng hồ unisex dây kim loại Casio Standard chính hãng A700W-1ADF
Dong Ho Va Trang Suc,VÒNG TAY HUYẾT ÁP NHẬT BẢN-HÀNG NHẬP KHẨU
Dong Ho Va Trang Suc,Dây Đồng Hồ Da Bò Tặng Kèm Chốt và Dụng cụ
Dong Ho Va Trang Suc,Nhẫn nam nhịp tim dạ quang
Dong Ho Va Trang Suc,Dây đeo cổ bằng gốm kiểu Vintage (VGOM25)
Dong Ho Va Trang Suc,Dây chuyền nam mạ vàng 24k ô vuông cá tính
Dong Ho Va Trang Suc,VÒNG ĐIỀU HÒA HUYẾT ÁP NHẬT BẢN - ND35
Dong Ho Va Trang Suc,Đồng hồ nữ dây nhựa Casio LRW-200H-4E2VDR
Dong Ho Va Trang Suc,Vòng Tay Phong Thủy Đá Mắt Hổ Xanh Lục
Dong Ho Va Trang Suc,Đồng Hồ Nam Dây Nhựa Casio MQ-24-1BLDF - Đen
Dong Ho Va Trang Suc,Vòng cổ Phiten Rakuwa extreme cross TG782052/TG782053/TG782152/TG782153 - Đỏ
Dong Ho Va Trang Suc,Dây đồng hồ cho Amazfit Active Max/ GTR 4/ 3/ 3 Pro/ GTR 2/ 2e/ GTR/ GTR mini/ Oppo Watch S/ X/ X2/ X3 (DT)
Dong Ho Va Trang Suc,Dây đồng hồ da bò Bụi Leather D101- Da thật khâu tay thủ công cao cấp - Bảo hành 12 tháng
Dong Ho Va Trang Suc,[2 cái] Con đỉa dây đồng hồ - Phụ kiện dây da đồng hồ (CDDD)
Dong Ho Va Trang Suc,Dây đồng hồ kim loại dạng lưới mắt khúc khóa bướm
Dong Ho Va Trang Suc,Bông tai đá tròn
Dong Ho Va Trang Suc,Hộp đựng đồng hồ - Hộp đựng 10 đồng hồ bằng gỗ màu nâu
Dong Ho Va Trang Suc,Dây Đồng Hồ NIBOSI Lưới Hít Khóa Nam Châm
Dong Ho Va Trang Suc,Vòng tay trầm hương 108 hạt 8 ly nam nữ
Dong Ho Va Trang Suc,Bông tai hoa hồng ngọc trai sang trọng
Dong Ho Va Trang Suc,Bông tai nam
Dong Ho Va Trang Suc,Bộ 3 vòng tay cao su giúp bỏ thói quen xấu (3 màu)
Dong Ho Va Trang Suc,2 vỉ pin đồng hồ đeo tay
Dong Ho Va Trang Suc,Đồng Hồ Nữ Dây Da Casio LTP-1094Q-7B6RDF (24mm) - Nâu
Balo Va Vali,Hộp Đựng Bàn Chải Đánh Răng Đồ Dùng Du Lịch (Cao Cấp) - Hôp Đựng Kem Đánh Răng Du Lịch Phượt Dã Ngoại Văn Phòng
Balo Va Vali,"Balo công sở nam nữ đi làm đi học balo laptop chống sốc chống nước đẹp nhỏ gọn cho học sinh, sinh viên giá rẻ - Hàng chính hãng"
Balo Va Vali,"Balo Laptop Nam Nữ Cao Cấp, Ba Lô Công Sở Nhiều Ngăn Rộng Rãi Tiện Dụng, Balo Đi Chơi, Du Lịch, Dã Ngoại"
Balo Va Vali,AS - VALI DU LỊCH
Balo Va Vali,"Vali Du Lịch LUG SATACO S20/S24/S28 MD24185 Nhựa ABS Hạn Chế Trầy Xước, Khóa Số Bảo Mật An Toàn"
Balo Va Vali,Balo Laptop 14 inch KMORE Zion - Hàng Chính Hãng
Balo Va Vali,Túi Chống Sốc WiWU Minimalist Sleeve Dùng Cho Laptop Chống Thấm Nước - Hàng Chính Hãng
Balo Va Vali,"Túi Xách Du Lịch Có Ngăn Để Giày, Tập Gym, Đi Bơi Chống Nước Cao Cấp 2 Tầng , Có Nhiều Ngăn Tiện Dụng - HÀNG CHÍNH HÃNG MINIIN"
Balo Va Vali,Balo nữ thời trang cao cấp phong cách mới
Balo Va Vali,Balo Du Lịch Chống Thấm Nước 90L BLH2067 BEE GEE
Balo Va Vali,Túi đựng mỹ phẩm túi đựng đồ du lịch bằng nhựa chống thấm WASHBAG gọn nhẹ tiện lợi - Chính hãng
Balo Va Vali,Balo laptop đa chức năng cao cấp phong cách cá tính mới 15.6
Balo Va Vali,Balo nữ sinh đi học không thấm nước cao cấp phong cách hàn quốc 15.6
Balo Va Vali,Vali du lịch kéo cao cấp Size 24inch- Chất lượng cao  KS-155 - Vàng hồng
Balo Va Vali,Vali du lịch Vali kéo cao cấp chính hãng Size 24inch  KS-218 - Vàng
Balo Va Vali,Vali kéo du lịch cao cấp bảo hành chính hãng Size 24inch- KS 219 - Hồng nhạt
Balo Va Vali,Túi Đựng Mỹ Phẩm PaKaSa - Hàng Chính Hãng
Balo Va Vali,Ba lô nam thông minh đa năng cao cấp phong cách châu âu
Balo Va Vali,Kobo Sage Cover - Bao da chính hãng dùng cho máy đọc sách Kobo Sage
Balo Va Vali,Vali kéo du lịch Kingsun xách tay máy bay size 20inch KS-219-Xanh lam nhạt
Balo Va Vali,Túi đựng đồ mỹ phẩm cotton tiện dụng 205880
Balo Va Vali,[ Combo 5 ] Túi Đựng Giày Vải Không Dệt - Hàng Chính Hãng
Balo Va Vali,"Balo laptop Arctic Hunter chất liệu Oxford chống nước, có cổng USB - B00120"
Balo Va Vali,Balo mini Mr Vui 804 kích thước nhỏ gọn tiện dụng chắc chắn
Balo Va Vali,Balo da nam  cao cấp phong cách mới
Balo Va Vali,Balo Túi Xách Du Lịch KhoNCC Hàng Chính Hãng - Loại Cỡ Lớn Nhiều Ngăn Bằng Vải Dù Cho Du Lịch – Phượt Thủ – KKT-BL-1833D (Nhiều màu)
Balo Va Vali,"Ba lô nam thời trang cao cấp phong cách châu âu chứa laptop 15,6 inh"
Balo Va Vali,Ba lô du lịch thể thao nam công suất lớn phong cách châu âu hiện đại đã tích hợp công nghệ 4.0
Balo Va Vali,Túi xách du lịch thể thao nam công suất lớn chất lượng cao
Balo Va Vali,Túi du lịch thời trang HARAS HR257
Balo Va Vali,Vali du lịch kéo tay  TN 20 inch
Balo Va Vali,Balo nam balo laptop nam đi học đi chơi đi làm thời trang cao cấp
Balo Va Vali,"Balo Laptop Nam Nữ Cao Cấp, Balo Đựng Máy Tính Chống Sốc, Chống Thấm Nước Nhỏ Gọn Phù Hợp Học Sinh, Sinh Viên, Công Sở"
Balo Va Vali,Balo nam da bò BHM9197 Ba lô laptop 14inch
Balo Va Vali,"Túi xách du lịch thể thao nam cỡ lớn phong cách cá tính, hiện đại"
Balo Va Vali,Balo laptop du lịch HS 2001 - Màu
Balo Va Vali,Cặp Đa Năng Laptop 15.6 inch SAKOS Hybrid - Hàng Chính Hãng
Balo Va Vali,Balo laptop thông minh size 15.6inh và size 17.5inh thời trang công sở cao cấp phong cách mới
Balo Va Vali,Vali kéo American Tourister Curio Spinner EXP TSA Book Open
Balo Va Vali,Balo Thời Trang Tiện Lợi SAKOS MELODY - Hàng Chính Hãng
Balo Va Vali,Ba lô du lịch thể thao nam công suất lớn phong cách hiện đại – BLLN1002
Balo Va Vali,"Vali Kéo Vải Du Lịch SAKOS SPAZIO 4.5 - Size XS (20inch)/ Xách Tay (Cabin) - Khóa TSA - Chống Thấm, Trượt Nước"
Balo Va Vali,"Balo Nam, Nữ Thời Trang Đa Năng, Balo Laptop Thời Trang Đi Học Cao Cấp Teement Chống Nước Cổng Sạc USB 9003 - Hàng Chính Hãng"
Balo Va Vali,Balo laptop nam đa chức năng cao cấp phong cách mới 15.6
Balo Va Vali,Balo du lịch thời trang đa năng chống nước cao cấp phong cách mới
Balo Va Vali,Túi xách chính hãng TOMTOC (USA) 360* Shoulder Bags - A42-C01 cho Macbook 13-14 inch/Ultrabook 13 inch
Balo Va Vali,"Balo Laptop Chống Nước Xbags Naituo Màu Đen Cao Cấp, Nhiều Ngăn Tiện Dụng, Đựng Laptop 15.6 Inch, Sang Trọng XB2002!"
Balo Va Vali,"Balo laptop công nghệ, khóa số chống trộm chống rạch chống nước cao cấp phong cách mới"
Balo Va Vali,"Balo Laptop Nam Nữ XBags Naituo Xb2002 – Nhiều Ngăn Tiện Dụng, Chống Sốc, Chống Thấm, Đựng Laptop 15.6 Inch, Phù Hợp Đi Học Và Đi Làm!"
Balo Va Vali,"Balo Laptop Du Lịch Thời Trang Cao Cấp SAKOS ZEN Dành Cho Laptop 14 Inch (14"")"
Balo Va Vali,Balo anello Unisex Vải Polyester 10 Ngăn Đeo 2 Kiểu AT-C1225
Balo Va Vali,Túi bọc bảo vệ vali -Áo vỏ bọc vali - 3 Con Gấu Đứng
Balo Va Vali,"Balo dây rút vải, vải dù, đựng giấy tờ A4, laptop, quần áo, giày thể thao MÀU ĐEN"
Balo Va Vali,"Túi Chống Sốc Laptop 14 inch 15.6 inch Cao Cấp Chống Thấm Nước, Thời Trang, Nhiều Màu Sắc Cá Tính, Vải Trơn Mịn Sịn"
Balo Va Vali,Set 3  Túi Đựng Mỹ Phẩm Trong Suốt Chống Thấm Nước Đa Dạng Kích Thước Đi Biển Đi Bơi Tiện Lợi Du Lịch
Balo Va Vali,"Balo cầu lông thể thao NATOLI đựng giày, đựng vợt cầu lông, chống nước cao cấp BST ProSport Backpack B26"
Balo Va Vali,Túi đựng laptop Eager laptop bag T7 chính hãng NATOLI bao laptop chống sốc dày dặn kháng nước
Balo Va Vali,"Túi Chống Sốc dành cho Laptop 11""/12""/13""/14”/15.6"" TARGUS Cypress EcoSmart - Hàng Nhập Khẩu"
Balo Va Vali,Balo nữ sinh đi học đi làm đi chơi cao cấp mang phong cách hàn quốc
Balo Va Vali,"Balo Laptop 15.6 Inch Siêu Nhẹ, Chống Bám Bụi Mr Vui 898 - Hàng Chính Hãng"
Balo Va Vali,"Túi đựng giày bóng đá 2 ngăn màu đen TN Bags – Túi đựng giày chống nước cao cấp, năng động cho tập gym thể thao TN.B9001"
Balo Va Vali,Balo nam nữ vải canvas cao cấp phong cách mới
Balo Va Vali,TẶNG TÚI ĐỰNG GIÀY + THẺ TAG  - Vali kéo TRIP P808 nhựa PC/ABS chịu lực tốt có đủ size 20-24-28inch - Bảo Hành 5 năm - Hàng chính hãng
Balo Va Vali,Túi Xách Du Lịch Cỡ Lớn Thời Trang HARAS HR272
Balo Va Vali,Balo Laptop Sakos Wayvie
Balo Va Vali,Ba lô nam thời trang cao cấp phong cách châu âu
Balo Va Vali,Balo UNISEX  Thời Trang HARAS HRS008
Balo Va Vali,Balo ANELLO vải polyester 10 ngăn đeo 2 kiểu AT-C1225 - Màu
Balo Va Vali,Túi bọc bảo vệ vali -Áo vỏ bọc vali - 3 Con Gấu Xanh Đen
Balo Va Vali,Túi bọc bảo vệ vali -Áo vỏ bọc vali - Hand Digital
Balo Va Vali,Túi Kéo Du Lịch Macat Innova 5 (48 x 25 cm) - Đỏ
Balo Va Vali,"Túi Xách Du Lịch Thời Trang Nam Nữ Cao Cấp Teement Phong Cách Mới, Nhiều Ngăn, Chống Thấm Nước- Hàng Chính Hãng"
Balo Va Vali,Ba Lô Canvas Sinh Viên Phong Cách Hàn Quốc 208069m
Balo Va Vali,Dây đai ràng vali dây đai hành lý
Balo Va Vali,Balo nam sinh viên đi học đi chơi đi làm siêu nhẹ chống thấm nước cao cấp phong cách hàn quốc
Balo Va Vali,Balo Đi Học Hàn Quốc Ulzzang Thời Trang Nam Nữ Youbaili Deli - Phù Hợp Cho Học Sinh Cấp 2 Cấp 3 Tiểu Học Trung Học Sinh Viên Chống Nước Đựng Được Laptop Đi Chơi Du Lịch Dễ Thương Cute Nhiều Màu Cá Tính Unisex Nam Nữ
Balo Va Vali,Vali kéo Samsonite Upscape Spinner EXP
Balo Va Vali,"Túi chống sốc, cặp Đựng Laptop13.3 Inch – 14.1 Inch - 15.6 Inch - BEEGEE - TL5526"
Balo Va Vali,MTS5 - 36x27 cm - 25 Túi chống sốc bọc bóng khí
Balo Va Vali,Vali Kéo Du Lịch Laka Màu Đen  Phối đỏ  Có Nắp - 22 Inch
Balo Va Vali,Túi Chống Sốc STARGO LEDGER Dành Cho Laptop 14 Inch
Balo Va Vali,"TÚI CHỐNG SỐC, CẶP ĐỰNG MACBOOK, LAPTOP, SURFACE - TẶNG KÈM VÍ ĐỰNG SẠC CHUỘT"
Balo Va Vali,BALO LAPTOP 17 INCH MR VUI 776
Balo Va Vali,"Túi xách da chống sốc cho máy tính, macbook, laptop màu hồng cute - Tặng kèm gấu bông và ví đựng phụ kiện"
Balo Va Vali,Túi chống sốc dành cho MacBook Pro 13” New TOMTOC (USA) 360° Protective - A13-C02 - Hàng chính hãng
Balo Va Vali,Túi xách du lịch thời trang HARAS HR231
Balo Va Vali,Balo Laptop Mikkor The Ives Laptop TIB002 (15.6)
Balo Va Vali,Túi Chống Sốc Laptop Tucano BFM1314-R Mélange Second Skin 13-14
Balo Va Vali,Vali Du Lịch Macat M19BC - Đen (Tặng 1 Túi Du Lịch Đồng Bộ)
Balo Va Vali,Balo nam nữ đi học đi chơi thời trang cao cấp phong cách mới
Balo Va Vali,Túi đựng mỹ phẩm vãi lưới thoáng khí travelbag - Hàng chính hãng
Balo Va Vali,Túi tập gym túi xách thể thao túi đá bóng siêu đẹp có ngăn giày riêng
Balo Va Vali,"Balo Nam Đa Chức Năng Teement, Đựng Vừa Laptop 15.6 Inch Siêu Nhẹ, Chống Xước , Chống Nước Hiệu Quả - Hàng Chính Hãng"
Balo Va Vali,"Combo 2 ổ khóa vali , balo chữ thập - Hàng chính hãng "
Balo Va Vali,Ổ Khóa Vali Khóa Balo Mã Số Chữ Thập Tiện Ích - Hàng chính hãng
Balo Va Vali,"Vali Kéo Vải Du Lịch SAKOS CHAMPION 7 - Size (28inch)/ Ký Gửi (Đại) - Khóa TSA - Chống Thấm, Trượt Nước"
Balo Va Vali, Balo thể thao Mr Vui BLTT905 balo du lịch và đi làm (47 x 32 x 19 cm)
Balo Va Vali,Ba lô nữ công sở thời trang cao cấp phong cách mới
Balo Va Vali,Bộ Chiết Mỹ Phẩm Du Lịch 5 Món - Hàng Chính Hãng (Giao màu ngẫu nhiên)
Balo Va Vali,"Vali kéo Squasem AMERICAN TOURISTER - MỸ: Có khả năng mở rộng tăng sức chứa Hệ thống 4 bánh đôi, chắc chắn Khóa kéo đôi an toàn, Khóa số TSA bảo mật tiêu chuẩn Hoa Kỳ"
Balo Va Vali,Vali du lịch kéo cao cấp Size 24inch- Chất lượng cao  KS-155 - Xanh lam nhạt
Balo Va Vali,"Túi chống sốc đeo chéo dáng dọc Wiwu cho ipad, surface, macbook, laptop 12.9 inch, 13 inch"
Balo Va Vali,Túi Cần Kéo Du Lịch Thời Trang Cao Cấp SAKOS GIGANT - Hàng chính hãng
Balo Va Vali,"Ba lô nam thời trang đa năng tích hợp chế độ chống trộm cao cấp + sạc USB tiện dụng và siêu chống thấm nước(15,6"")"
Balo Va Vali,"Túi Đeo Tay Chạy Bộ Đựng Điện Thoại Chống Sốc Đa Năng Quấn Bắp Tay Cho Chạy Bộ, Đi Bộ, Tập Thể Thao, Tập Gym - Mai Lee"
Balo Va Vali,Túi bọc bảo vệ vali -Áo vỏ bọc vali - Sóng Biển
Balo Va Vali,Túi bọc bảo vệ vali -Áo vỏ bọc vali - Mũi Tên
Balo Va Vali,Balo Du Lịch Navicom 8936063595335 (35 x 45 cm) - Xanh Đen
Tui Vi Nu,COMBO 4 Vỏ bao hộ chiếu (passport) dẻo trong có khe đựng vé máy bay và các thoại thẻ hiệu Vỏ Bọc Hộ Chiếu
Tui Vi Nu,Túi đeo vai nữ YUUMY YN266
Tui Vi Nu,Túi đeo chéo da bò thật Venus Bụi Leather DC108 - Da bò Nappa cao cấp - Bảo hành 12 tháng
Tui Vi Nu,Túi Vải Canvas UAG - Hàng Chính Hãng
Tui Vi Nu,"Túi đeo chéo nam Da bò thật Bụi Leather DC106 - Nhiều ngăn tiện dụng, Unisex - Bảo hành 12 tháng"
Tui Vi Nu,"Túi đeo chéo nam, túi xách tay da bò thật Bụi Leather DC104 - Da bò Mill cao cấp, Unisex - Bảo Hành 12 tháng"
Tui Vi Nu,Túi Lata ( Thời trang nữ đi chơi size 22 - Túi đeo chéo da HN109 )
Tui Vi Nu,Ví Lata ( Thời trang nữ dáng cầm tay dáng dài - Ví da VN66 )
Tui Vi Nu,Ví Lata ( Thời trang nữ dáng cầm tay dáng dài - Ví da VN60 )
Tui Vi Nu,Ví nữ mini cầm tay khoá cài YUUMY Seasand YV52
Tui Vi Nu,Túi Lata ( Thời trang nữ công sở - Túi xách da TX09 )
Tui Vi Nu,Ví dài cầm tay nữ phong cách dễ thương trẻ trung YUUMY YV35
Tui Vi Nu,Túi đeo chéo nam nữ - túi bao tử thời trang BEE GEE 028 ( Trơn ) vải dù
Tui Vi Nu,Túi Xách Tay Công Sở Nữ Túi Đeo Chéo GENCE TX22 Da Bò Cao Cấp Màu Flake
Tui Vi Nu,Ví Yuumy ( Thời trang nữ kiểu cầm tay dáng dài - Ví da Verein YV91 )
Tui Vi Nu,Ví Lata ( Thời trang nữ cầm tay gấp gọn - Ví da VN76 )
Tui Vi Nu,"Ví nữ da thật cầm tay, ví da nam nữ nhiều ngăn, đựng vừa passport tích hợp công nghệ RFID Blocking IDIGO FW1 - 4311"
Tui Vi Nu,"Túi nữ đeo chéo nhỏ BHM003 Nhỏ gọn,tiện lợi, nhiều màu"
Tui Vi Nu,Ví Card Issho chất liệu Canvas thời trang đa màu sắc
Tui Vi Nu,Ví Lata ( Thời trang nữ cầm tay dáng dài - Ví da VN69 )
Tui Vi Nu,BAO VẢI YUUMY ( LOẠI TRUNG YBVLT )
Tui Vi Nu,Túi Vải Canvas - I Need Vitamin Sea
Tui Vi Nu,Túi Yuumy ( Thời trang nữ kiểu dáng basic size 24 - Túi đeo vai da Seasand YN228 )
Tui Vi Nu,Túi Lata ( Thời trang nữ đi chơi size 27 - Túi đeo chéo da HN99 )
Tui Vi Nu,Ví Yuumy ( Thời trang nữ cầm tay - Ví da Verein YV82 )
Tui Vi Nu,Túi Lata ( Thời trang nữ đi chơi size 18 - Túi đeo chéo da HN94 )
Tui Vi Nu,Ví Yuumy ( Thời trang nữ nắp gập kiểu cầm tay dáng dài - Ví da Seasand YV76 )
Tui Vi Nu,Túi đeo chéo nữ nhỏ gọn BHM7674 Da bò dập nổi họa tiết nhiều màu
Tui Vi Nu,Ví nữ cầm tay da bò handmade họa tiết cá Koi
Tui Vi Nu,Cặp công sở Trita ( Thời trang nam cao cấp đựng vừa laptop 14.6 inch - Cặp da TCA2 )
Tui Vi Nu,Túi Vải Canvas - Save Water Drink Wine
Tui Vi Nu,Ví Yuumy ( Thời trang nữ dáng cầm tay nhỏ gọn - Ví da Smooth YV120 )
Tui Vi Nu,Ví Yuumy ( Thời trang nữ xinh xắn kéo khóa cách điệu - Ví da Seasand YV97 )
Tui Vi Nu,Túi Lata ( Thời trang nữ đi chơi size 21 - Túi đeo chéo nữ HN89 )
Tui Vi Nu,VÍ SEN HOA EDITION  - CHÍNH HÃNG KHACTEN.COM
Tui Vi Nu,Túi Lata ( Thời trang nữ dự tiệc phối khóa  - Túi đeo chéo da HN86 )
Tui Vi Nu,Túi phụ kiện RINGKE Pouch đựng đồ cá nhân 5 ngăn kháng nước
Tui Vi Nu,Ví Dài Mini Da Epsom Handmade Lealux Mini Epsom Wallet 4
Tui Vi Nu,Túi Đeo Chéo Thời Trang Hàn Quốc HARAS HR281
Tui Vi Nu,Túi Vải Tote Đeo Chéo Balo Hình Chó Con Hàng Quảng Châu Cực Tốt
Tui Thoi Trang Nam,Ví nam nhỏ gọn handmade màu đen  đựng tiền da bò cao cấp Kalanos KBN790-Den
Tui Thoi Trang Nam,"Ví Nam Cao Cấp, Da Bò NAPA Láng Mịn, Mỏng Nhẹ, Size Trung, Kiểu Cổ Điển Tinh Tế - Sang Trọng, Dáng Ngang - Gập 2, Nhiều Ngăn Để Tiền Và Giấy Tờ Tiện Dụng - Hàng Chính Hãng SAIGIO"
Tui Thoi Trang Nam,"Bóp Da Đựng Thẻ ATM Nhỏ Gọn, Chất Da Pull-Up Mềm Mại, Trẻ Trung - Cá Tính, Thiết Kế Hiện Đại, Nhiều Ngăn Tiện Dụng, Đựng Thẻ Ngân Hàng, Card Danh Thiếp, Căn Cước Công Dân, Hình Lưu Niệm, Dáng Đứng - Gập 2 - Hàng Chính Hãng SAIGIO"
Tui Thoi Trang Nam,Clutch Da Hàng Hiệu Ví Nam Cầm Tay Công Sở GENCE HT11 Da Bò Cao Cấp Màu Đen Hai Phân Loại Khóa Thường Và Khóa Số
Tui Thoi Trang Nam,"Túi xách công sở nam - Túi đeo chéo nam BHM8579 vừa laptop 13inch, tài liệu A4"
Tui Thoi Trang Nam,Túi đeo chéo da bò VICTOR | M2CB-01 | Anh Tho leather
Tui Thoi Trang Nam,Cặp Công Sở Lata ( Thời trang nam basic - Cặp da CA40 )
Tui Thoi Trang Nam,Ví nam da bò khắc tên theo yêu cầu V101K - Bụi leather
Tui Thoi Trang Nam,Ví nam da bò Lata ( Thời trang nam gấp 2 dáng ngang - Ví da thật LVN97 )
Tui Thoi Trang Nam,Bóp nam / Ví nam SAM Leather da bò nhập khẩu kiểu dáng ngang cao cấp sang trọng - Ví da Saffiano Leather102
Tui Thoi Trang Nam,Ví Lata ( Thời trang nam đựng namecard nhỏ gọn - Ví da LVN76 )
Tui Thoi Trang Nam,Balo Lata ( Thời trang nam đi chơi cỡ nhỏ - Balo đeo chéo da BALC24 )
Tui Thoi Trang Nam,Bóp Nam Da Cá Sấu Nguyên Con 2 Mặt. THIẾT KẾ VÍ DÁNG ĐỨNG SANG TRỌNG
Tui Thoi Trang Nam,Túi đeo chéo nữ nam unisex chống thấm nước dạng rút Hàn quốc BEE GEE 091 du lịch thời trang
Tui Thoi Trang Nam,Ví nam da bò AT Leather - R02
Tui Thoi Trang Nam,Ví nam da bò Lata ( Thời trang nam - Ví da thật LVN53 )
Tui Thoi Trang Nam,Cặp Công Sở Lata ( Thời trang nam basic - Cặp da CA27 )
Tui Thoi Trang Nam,Ví nam da bò AT Leather 014
Tui Thoi Trang Nam,Túi Đeo Chéo Nam HARAS HRTK147VN (26 x 17 cm) - Xám
Tui Thoi Trang Nam,"Ví Da Nam Hàng Hiệu HERITAGE Siêu Bền Bỉ, Size Trung, Thiết Kế Cổ Điển, Đơn Giản, Dáng Ngang - Gập 2, Đựng Tiền và Thẻ ATM Tiện Dụng - Hàng Chính Hãng SAIGIO"
Tui Thoi Trang Nam,Ví mini nam da sáp ngựa điên V118 Bụi leather
Tui Thoi Trang Nam,"Ví da Wiwu Ambassdor Passport Wallet để thẻ, giấy tờ, vé máy bay có nhiều ngăn và trang bị thêm dây đai chắc chắn - Hàng chính hãng"
Tui Thoi Trang Nam,{DA CÁ SẤU THẬT} Bóp Da Cá Sấu 2 Mặt Bàn Tay Cá Sấu Màu Đen - Ví Nam Da Cá Sấu 2 Mặt Có Khoá Kéo Cao Cấp Dáng Ngang Thời Trang
Tui Thoi Trang Nam,Ví Nam Da Sáp Mini Dáng Ngang Handmade LEALUX Mini Handmade 4
Tui Thoi Trang Nam,Ví nam da bò AT028
Tui Thoi Trang Nam,Túi xách da nam cao cấp phong cách hiện đại mới
Tui Thoi Trang Nam,"Túi đeo ngực,đeo chéo phong cách châu âu đã tích hợp công nghệ 4.0"
Tui Thoi Trang Nam,Ví Da Nam AT Leather 049 (11.5 x 9.5 cm)
Tui Thoi Trang Nam,Túi đeo chéo du lịch nam nữ thời trang
Tui Thoi Trang Nam,Ví Nam At Leather AT040-N (11.5 x 10 cm) - Nâu
Tui Thoi Trang Nam,Túi Đeo Chéo Sành Điệu HARAS HR118 (26 x 17 cm) - Đen
Tui Thoi Trang Nam,Túi Đeo Chéo Nam Haras HRTK105 (26 x 17 cm) - Xanh
Tui Thoi Trang Nam,"[Deal hot] TÃ DÁN NGƯỜI LỚN CANNY SIZE M/L 10 MIẾNG/GÓI siêu mềm, siêu thấm hút vòng bụng 68-122cm"
Tui Thoi Trang Nam,"Túi Đeo Chéo 11 Inch có cổng sạc USB, vải trượt nước, nhiều ngăn phụ tiện ích KINGBAG JULIUS I - Hàng Chính Hãng"
Tui Thoi Trang Nam,Túi Đeo Chéo Thời Trang SAKOS MINUS - Size S
Tui Thoi Trang Nam,"Ví Nam Mini Nhỏ Gọn Cao Cấp, Da Bò SMALL PEBBLE Mềm Mại - Bền Bỉ, Chống Xước - Chống Nhăn Tốt, Thiết Kế Đơn Giản, Dáng Ngang - Gập 2, Đựng Tiền và Thẻ ATM Tiện Dụng"
Tui Thoi Trang Nam,"Ví Nam Cao Cấp, Da Bò NAPA Láng Mịn In Caro, Mỏng Nhẹ, Size Lớn, Thiết Kế Đơn Giản - Sang Trọng, Dáng Ngang - Gập 2, Ngăn Đựng Tiền Có Khóa Kéo, Nhiều Ngăn Để Giấy Tờ Tiện Dụng - Hàng Chính Hãng SAIGIO"
Tui Thoi Trang Nam,Cặp Công Sở Nam Lata CA14
Tui Thoi Trang Nam,Ví nam da bò Lata ( Thời trang nam - Ví da thật LVN84 )
Tui Thoi Trang Nam,"Túi xách công sở nam nữ đựng laptop 15 inch IDIGO MB2 - 6010, túi đựng tài liệu A4 ngăn kéo trước thanh lịch"
Tui Thoi Trang Nam,Cặp công sở Trita ( Thời trang nam đựng vừa laptop 13.3 inch - Cặp da TCA5 )
Tui Thoi Trang Nam,Ví nam da bò Trita ( Thời trang nam gấp 2 ngang - Ví da RVN04 )
Tui Thoi Trang Nam,Ví Nam Gù Cá Sấu Lớn 2 Mặt Cao Cấp
Tui Thoi Trang Nam,Ví Da Cá Sấu [NGUYÊN BÀN TAY CÁ SẤU CÓ MÓNG RẤT ĐẸP] Để Vừa Giấy Tờ Cũ
Tui Thoi Trang Nam,VÍ SEN 2 - CHÍNH HÃNG KHẮC TÊN
Tui Thoi Trang Nam,Ví nam da bò Lata ( Thời trang nam - Ví da thật LVN56 )
Tui Thoi Trang Nam,Cặp công sở thời trang CAYUUMY06
Tui Thoi Trang Nam,Túi Đeo Chéo  UNISEX Hàn Quốc Thời Trang HARAS HR225
Tui Thoi Trang Nam,Túi Đeo Chéo Nam Haras HRTK083 (26 x 17 cm) - Xanh
Tui Thoi Trang Nam,Ví ngang VICTOR - Da bò hạt | Anh Tho Leather
Tui Thoi Trang Nam,VÍ NAM SIÊU CẤP DÁNG ĐỨNG-NGANG VIỀN BỌC KIM LOẠI DA PU BỀN BỈ CỰC ĐẸP- HÀNG CHÍNH HÃNG
Tui Thoi Trang Nam,"Ví Nam Da Bò NAPA Mềm Mại - Vân Tự Nhiên, Size Lớn, Thiết Kế Cổ Điển, Đơn Giản - Mỏng Nhẹ, Dáng Ngang - Gập 2, Ngăn Đựng Tiền Có Khóa Kéo, Nhiều Ngăn Để Giấy Tờ Tiện Dụng - Hàng Chính Hãng SAIGIO"
Tui Thoi Trang Nam,Cặp Công Sở Lata ( Thời trang nam basic - Cặp da CA34 )
Tui Thoi Trang Nam,Ví Da Cá Sấu 2 Mặt Đan Viền [GÙ CÁ SẤU RẤT ĐẸP
Tui Thoi Trang Nam,túi xách nam da bò thật cao cấp phong cách mới
Tui Thoi Trang Nam,"Ví/ Bóp Nam Dáng Đứng Màu Nâu Dành cho Nam Da Bò Cao Cấp, Thiết Kế Tinh Tế, Thời Trang 2020 - ORCO (Kích thước 12 cm x 9 cm)"
Tui Thoi Trang Nam,Túi Đeo Chéo Nam HARAS HRTK083 (26 x 16.5 cm) - Đen
Tui Thoi Trang Nam,Túi Đeo Chéo Đa Năng TOMTOC Explorer Croxbody EDC Sling Bag 14 inch T24 (A54)
Tui Thoi Trang Nam,Cặp công sở Trita ( Thời trang nam phong cách đựng vừa laptop 13 inch - Cặp da TCA25 )
Tui Thoi Trang Nam,Cặp công sở Trita ( Thời trang nam phối ngăn - Cặp da TCA20 )
Tui Thoi Trang Nam,Túi Đeo Chéo Công Sở Túi Nam Hàng Hiệu GENCE TD07 Da Bò Cao Cấp Màu Đen Dáng Ngang
Tui Thoi Trang Nam,Túi Trita ( Thời trang nam nắp gập phối quai trên - Túi đeo chéo da RTN8 )
Tui Thoi Trang Nam,"Túi đeo chéo, đeo ngực nam Arctic Hunter YB00047 chất liệu Oxford chống thấm nước, thiết kế nhiều ngăn tiện dụng"
Tui Thoi Trang Nam,"Ví Da Nam Mềm Mại GENTLE, Size Lớn, Da Bò 100%, Thiết Kế Nhiều Ngăn, Đựng Giấy Tờ Xe, Đựng Tiền và Thẻ Tiện Dụng, Dáng Ngang - Gập 2 - Hàng Chính Hãng SAIGIO"
Tui Thoi Trang Nam,Cặp Công Sở Yuumy Cayuumy 03 Bò
Cham Soc Nha Cua,Túi Nước Giặt Xả Maxkleen Hương Vườn Sớm Mai (3.8kg)
Cham Soc Nha Cua,Lốc 4 Gói Khăn Ăn Napkin Bless You Alavie 33x33
Cham Soc Nha Cua,Combo 3 Gói Khăn giấy Đa Năng Saigon 500 tờ
Cham Soc Nha Cua,Thuốc Diệt Kiến Trong 1 Ngày Sạch Kiến Không Quay Lại Hanvet
Cham Soc Nha Cua,Combo 2 Lốc Giấy vệ sinh Bless You Alavie 9 (Lốc 9 cuộn)
Cham Soc Nha Cua,Combo 2 Lốc Giấy Cuộn Vệ Sinh Cao Cấp 2 Lớp Bless You (Lốc 6 Cuộn)
Cham Soc Nha Cua,Chai xịt đuổi chuột Thái Lan 300ml
Cham Soc Nha Cua,Chai thông tắc đường ống cống 800g nội địa Nhật Bản
Cham Soc Nha Cua,Nước Rửa Chén Hữu Cơ Bồ Hòn Và Tinh Dầu cam 500ml thương hiệu Ecocare
Cham Soc Nha Cua,Nước lau sàn hữu cơ Bồ hòn Ecocare tinh dầu Quế 1000ml 
Cham Soc Nha Cua,"Nước Giặt Xả Hữu Cơ Bồ Hòn ECOCARE 1L-2L-4L Tinh Dầu Hoa Bưởi, Sạch Khuẩn, Dịu Nhẹ Với Mọi Làn Da, Hương Thơm Mát"
Cham Soc Nha Cua,"Nước tẩy rửa bồn cầu hữu cơ Ecocare 1L làm sạch, diệt khuẩn, khử mùi hiệu quả với tinh dầu Sả chanh/Quế"
Cham Soc Nha Cua,Nước giặt xả hữu cơ Bồ Hòn Ecocare tinh dầu Hoa Bưởi  2000ml
Cham Soc Nha Cua,Bột Giặt Zily Xô 7Kg Hương Nước Hoa - Tặng 1 Dây Xả Vải Zily 10
Cham Soc Nha Cua,Viên vệ sinh máy rửa bát FINISH ( VỈ 3 VIÊN - ĐỨC CHÍNH HÃNG)
Cham Soc Nha Cua,Nước rửa chén Zily can 20kg - Tặng 1 Dây xả vải Zily 10 gói
Cham Soc Nha Cua,Combo Viên rửa bát finish Quantum Ultimate 50 Viên + muối rửa bát finish 1.2kg + nước làm bóng finish 40ml dùng cho Máy rửa bát chén ( combo finish rửa bát cao cấp nhất hiện nay )
Cham Soc Nha Cua,Viên rửa Chén Tổng Hợp Finish 100 Tabs classic Dùng Cho Máy Rửa Bát
Cham Soc Nha Cua,Combo Muối rửa bát finish 1.5kg + Nước làm bóng finish 750ml dùng cho Máy rửa bát chén ly
Cham Soc Nha Cua,Nước Tẩy Xịt Rửa Cáu Cặn Mảng Bám Đa Năng Canxi Nhà Tắm Gạch Men Vòi Nước FanSen
Cham Soc Nha Cua,Gel rửa bát Finish - dùng cho máy rửa bát
Cham Soc Nha Cua,"Chai tẩy rửa bồn cầu/ Toilet đậm đặc siêu sạch, không mùi Mitsuei 500ml hàng Made in Japan"
Cham Soc Nha Cua,Muối rửa chén Finish 4.0kg
Cham Soc Nha Cua,Combo bột tẩy đa năng Oxygen Bleach 120g + Bàn chải chà góc chữ L - nội địa Nhật Bản
Cham Soc Nha Cua,Combo 02 Hộp Vệ Sinh Lồng Máy Giặt Ag+ Mao Bao 306g - Tặng Chất Làm Sạch Bình Đun Nước 25g x 1 gói
Cham Soc Nha Cua,Nước vệ sinh lồng máy giặt Elmie - Túi 350g (Hàng nội địa Nhật)
Cham Soc Nha Cua,Gói bột thông tắc hầm cầu M. phốt 300g Hando
Cham Soc Nha Cua,VIPER 500EC (100ml) - DIỆT TRỪ MUỖI VÀ RUỒI
Cham Soc Nha Cua,( Tặng 2 gói) Thùng 10+2 bịch giấy treo tường đa năng KIMONO hoa hồng 4 lớp dạng rút 1100 tờ
Cham Soc Nha Cua,"Viên Sạch Bồn Cầu – Viên Thả Bồn Cầu Sạch Khuẩn, Tẩy Sạch Mảng Bám, Khử Mùi Diệt Vi Khuẩn Toilet - HÀNG CHÍNH HÃNG MINIIN"
Cham Soc Nha Cua,Túi Nước Giặt ARIEL Chuyên Gia Cửa Trên Ngăn Lem Màu - Hương Lavender 3.65KG
Cham Soc Nha Cua,Bình xịt phòng tinh dầu quế diệt kiến 3 khoan và các loại côn trùng HATACA 300ML 
Cham Soc Nha Cua,"Combo Gói Khăn Giấy Bỏ Túi Tiện Lợi LET-GREEN, 10 Tờ/Gói"
Cham Soc Nha Cua,"Lốc 4 Gói Khăn Giấy Cao Cấp Tempo Softpack Không Mùi, 4 Lớp, Không Gây Kích Ứng Da (90 Tờ/ Gói) - Thương Hiệu Đức - Không Mùi"
Cham Soc Nha Cua,Thuốc Diệt Muỗi Map Permethrin 50 EC
Cham Soc Nha Cua,Nước xả vải Zily 20ml (10 gói/ dây)
Cham Soc Nha Cua,combo 3 chai Nước làm bóng bát finish 800ml dùng cho máy
Cham Soc Nha Cua,"Bột rửa bát  Finish túi 2,2kg dùng cho máy rửa chén bát"
Cham Soc Nha Cua,"Nước làm bóng và khô chén, đĩa Finish Dishwasher Shine & Dry Regular 750ml, bóng finish 800ml, 1150ml, 1500ml, 400ml"
Cham Soc Nha Cua,"Nước làm bóng và khô chén, đĩa Finish Dishwasher Shine & Dry Regular 800ml PTT017394"
Cham Soc Nha Cua,Khăn Bếp Khăn Giấy Lau Đa Năng Bless You À La Vie 2 cuộn x 170 tờ siêu thấm hút bền dai
Cham Soc Nha Cua,"Xịt phòng tinh dầu cao cấp Vemoda 260ml giúp khử mùi, làm thơm không gian nhanh chóng, tiện lợi"
Cham Soc Nha Cua,Thuốc phun làm sạch MUỖI và CÔN TRÙNG gây hại
Cham Soc Nha Cua,"Lọ thả bồn cầu khử mùi hương thơm tự nhiên, chai thả vệ sinh bồn cầu diệt khuẩn khử mùi cao cấp - Chính hãng MINIIN (Giao mẫu ngẫu nhiên)"
Cham Soc Nha Cua,Bột rửa bát Finish Classic 2.5kg - Hương chanh
Cham Soc Nha Cua,Nước giặt FIGHT 3000ml 4 in 1 Thái Lan (nắp xám)
Cham Soc Nha Cua,Muối rửa bát Finish chuyên dùng cho máy rửa chén bát -hàng nhập khẩu
Cham Soc Nha Cua,"Dung Dich Tẩy Cặn Canxi, Làm Sạch vòi sen Inox, Cabin, vách kính nhà tắm Dr.C CHÍNH HÃNG (Chai 300ml)"
Cham Soc Nha Cua,Nước rửa chén hữu cơ Bồ hòn Ecocare tinh dầu Vỏ Cam 2000ml
Cham Soc Nha Cua,Kẹp Thơm Khử Mùi Nhà Vệ Sinh - Clip Fresher USA
Cham Soc Nha Cua,"Thùng 10 Bịch Giấy Treo Đa Năng SIPIAO Hoa Hồng – Khăn Giấy Rút Treo Tường 4 Lớp, 1000 Tờ/Bịch, Giấy Tre Dai Mềm - HÀNG CHÍNH HÃNG MINIIN"
Cham Soc Nha Cua,Viên Giặt Tiện Lợi Power100 3in1 Hương Tươi Mát Túi 4 Viên
Cham Soc Nha Cua,Combo 2 Lốc Khăn Giấy Gói Rút Tempo Không Mùi (Lốc 4 Gói)
Cham Soc Nha Cua,Túi Nước Giặt ARIEL Chuyên Gia Cửa Trên Ngăn Lem Màu - Hương Downy Nắng Sớm 3.65KG
Cham Soc Nha Cua,Bình Xịt Vệ Sinh Điều Hòa Quạt Hơi Nước Vệ Sinh Máy Lạnh Dung Tích 500ml Hương Thương Dễ Chịu An Toàn Tiện Lợi
Cham Soc Nha Cua,"Viên rửa bát Finish All in one 120 viên made in EU, viên finish all in 1 hộp 120 tabs với 6 chức năng trong 1 viên,  viên rửa chén finish 90 viên - viên finish 110 viên - viên finish 100 viên, vienruabat 120V"
Cham Soc Nha Cua,Chất tráng hỗ trợ khô cho máy rửa công nghiệp Winterhalter B2S/10L - Hàng chính hãng
Cham Soc Nha Cua,Nước Giặt ARIEL Chuyên Gia Cửa Trước Ngăn Lem Màu
Cham Soc Nha Cua,Combo 8 gói M.Phốt bột thông tắc bồn cầu Toilet Hando 300G
Cham Soc Nha Cua,"Gói hút ẩm Kokubo 25g dùng để hút ẩm trong tủ quần áo, giày, đồ điện tử...vv - xuất xứ Nhật Bản"
Cham Soc Nha Cua,Nước Rửa Chén Hữu Cơ Bồ Hòn Và Tinh Dầu Quế 500ml thương hiệu Ecocare
Cham Soc Nha Cua,Combo 2 gói Tiết Kiệm ECOCLEAN SEPTIC - Men Vi Sinh Xử Lý Hầm Cầu Bể Phốt - USA
Cham Soc Nha Cua,Bộ 4 sáp thơm phòng Hando 87g 5 Hương Thơm
Cham Soc Nha Cua,Combo 2 lọ sáp thơm Hando Aroma hương hoa hồng 320g
Cham Soc Nha Cua,Combo 2 túi bột baking soda Sesuki 500g (tẩy trắng) Rocket nội địa Nhật Bản
Cham Soc Nha Cua,Bình hút ẩm khử mùi hương dịu nhẹ Hando 450ml
Cham Soc Nha Cua,Dầu lăn nhân sâm Thái Lan 22 vị hiệu Ông già Herbal Liquid Balm Yatim Brand
Cham Soc Nha Cua,GIẤY VỆ SINH MYLAN GẤU VÀNG ALIBABA 10 CUỘN 3 LỚP
Cham Soc Nha Cua,Xịt đuổi chuột thảo mộc cao cấp Thái Lan 325 ml không độc hại - Hàng Chính Hãng (đặc biệt)
Cham Soc Nha Cua,"Nước tẩy vệ sinh lồng máy giặt Rocket 99,9% của Nhật bản 550g"
Cham Soc Nha Cua,"Xịt chống muỗi và côn trùng cho bé PMY Nội địa Nhật Bản 200ml xịt muỗi cho bé,xịt đuổi muỗi"
Cham Soc Nha Cua,"[Combo Tiện Lợi] Gói Men Bể Phốt EcoClean Septic - Men Vi Sinh Xử Lý Hầm Cầu, Bể Phốt Đầy, Tràn - Túi Gói 100gram"
Cham Soc Nha Cua,"Keo Chà Ron, Trám Chỉ Gạch Chống Nước, Chống Mốc"
Cham Soc Nha Cua,Giấy Ướt Lau Bếp Hương Chanh Thơm Mát Không Độc Hại Gói 80 Tờ Siêu To - Khăn Ướt Lau bếp CHuyên Dụng - HÀNG CHÍNH HÃNG MINIIN
Cham Soc Nha Cua,Combo 3 gel rửa bát chuyên dụng cho máy rửa bát All in one Stanhome DISH GEL 720ml
Cham Soc Nha Cua,"Nước Tẩy Bồn Cầu Hữu Cơ Diệt Khuẩn ECOCARE 1L Hương Quế Thơm Mát, Chai Tẩy Rửa Nhà Vệ Sinh Siêu Sạch"
Cham Soc Nha Cua,"Nước Giặt Hữu Cơ An Toàn Cho Bé Sơ Sinh ECOCARE Chiết Xuất Bồ Hòn Và Tinh Dầu Hoa Nhài 500ml-2L-4L, Dịu Nhẹ Với Da Tay"
Cham Soc Nha Cua,Nước giặt đồ lót fresh HY (150ml/ Chai)
Cham Soc Nha Cua,Bột rửa bát Finish 2.5kg dùng cho Máy rửa bát chén chính hãng
Cham Soc Nha Cua,"Muối rửa bát Finish 4kg - Muối finish 4.0kg cho Máy rửa bát chén ly, Muối rửa chén finish hay gọi là Muối làm mềm nước Finish gói 1.5kg, 4 kg, 1.2kg"
Cham Soc Nha Cua,"Khăn giấy lụa cao cấp Arosa Túi 10 Gói 300 tờ 3 lớp Trắng tự nhiên, Đa công dụng và tiện lợi, Phù hợp cho cả mẹ bầu và em bé, 100% bột giấy nguyên sinh rừng trồng"
Cham Soc Nha Cua,Giấy vệ sinh loại 10 cuộn không lõi trắng mịn dai không bụi cao cấp ERO - HTpaper (10 cuộn)
Cham Soc Nha Cua,Viên rửa bát Finish tổng hợp túi 150 viên Nhật bản
Cham Soc Nha Cua,Combo 10 giấy vệ sinh cuộn lớn cao cấp 2 lớp giấy lụa 900g AN KHANG SOFT | THẾ GIỚI GIẤY | 100% Bột giấy nguyên sinh | 10AKS900
Cham Soc Nha Cua,"Bột tẩy lồng máy giặt sinh học cực mạnh, không chứa Clo 750g - nội địa Nhật Bản"
Cham Soc Nha Cua,Dung Dịch Diệt Khuẩn Đa Năng Dettol 1L
Cham Soc Nha Cua,Chai nước thông cống  1500g
Cham Soc Nha Cua,Bình xịt tẩy nỉ thảm Astonish C6720 750ml
Cham Soc Nha Cua,Nước giặt xả hữu cơ Bồ Hòn Ecocare tinh dầu Hoa Bưởi  4000ml
Cham Soc Nha Cua,Dung dịch thông tắc đường ống Kaneyo Soap 800g - Hàng Nội Địa Nhật Bản
Cham Soc Nha Cua,"Hộp 300 Viên Giặt 6D Hương Đào, Sạch X8 Lần, Lưu Hương 24H, Siêu Tiết Kiệm Giặt Cả Tháng - HÀNG CHÍNH HÃNG MINIIN"
Cham Soc Nha Cua,"Tẩy trang Compliment Micellar water 400ml tẩy trang mặt mắt môi, sử dụng được cho cả da nhạy cảm"
Cham Soc Nha Cua,Bột tẩy trắng quần áo Denkmit Oxi Power Đức 750gr tẩy mạnh vết ố bẩn cứng đầu
Cham Soc Nha Cua,"Lọ Sáp Thơm Để Phòng Làm Mát Không Khí Hương Thơm Lâu Dài, Lọ Sáp Thơm Khử Mùi Nhà Vệ Sinh - HÀNG CHÍNH HÃNG MINIIN"
Cham Soc Nha Cua,"Chai Xịt Bọt Tuyết Vệ Sinh Toilet , Phòng Tắm"
Cham Soc Nha Cua,"Combo Viên rửa bát Finish Nhật 150 viên + Muối Finish 1,2kg + Nước làm bóng Finish 400ml"
Cham Soc Nha Cua,Viên rửa bát Finish Classic mẫu mới
Cham Soc Nha Cua,Xà Phòng Rửa Bát Finish Classic Dạng Gel 1.5 lít/ Chai Chuyên Dùng Cho Máy Rửa Bát
Cham Soc Nha Cua,Viên rửa bát Finish All in one 90 viên hương chanh
Cham Soc Nha Cua,Giấy Lau Đa Năng Pulppy Lau Bếp tiện dụng thấm hút dầu mỡ
Cham Soc Nha Cua,"Nước ngâm rửa rau củ quả, thực phẩm sinh học Enzyco 4L - 100% Enzyme Dứa"
Cham Soc Nha Cua,Nước lau sàn hương xả gừng REINEX 1000 ml
Cham Soc Nha Cua,"Túi 2 gói hút ẩm chống mốc Hando dạng treo dùng cho tủ quần áo,tủ giầy-Gói x 180Gr-Hương gió biển"
Cham Soc Nha Cua,Bột thông tắc bồn cầu bể phốt xuất khẩu Hando 250Gr
Cham Soc Nha Cua,Bột Baking Soda Đa Năng 240gr Hàng Nội Địa Nhật
Cham Soc Nha Cua,Nước tẩy rửa bồn cầu Hữu cơ diệt khuẩn Ecocare  với tinh chất Quế 1000 ml
Cham Soc Nha Cua,Sáp thơm xe Yankee Candle - Midsummer Night
Cham Soc Nha Cua,Combo 02 Viên thả khử mùi bồn tiểu đứng (dành cho nam) 15g - Nhập khẩu Nhật Bản
Cham Soc Nha Cua,Nước lau sàn đuổi muỗi hữu cơ Bồ Hòn tinh dầu Sả Chanh 2000ml thương hiệu Ecocare
Cham Soc Nha Cua,"Gói Bột Tẩy Rửa, Vệ Sinh Lồng Máy Giặt - Nội Địa Nhật"
Cham Soc Nha Cua,Nước làm bóng Finish 750ml
Cham Soc Nha Cua,Combo 2 can Nước rửa bát đậm đặc Mr.fresh hương quế 4200ml
Cham Soc Nha Cua,Lưới Khử Mùi Bồn Tiểu Nam & Ống Cống - Wave Fresher - Nhập khẩu Singapore và Mỹ
Cham Soc Nha Cua,Nước lau kính Astonish C6950
Cham Soc Nha Cua,Xịt Phòng Hương Nước Hoa Sandokkaebi 300ml nhập khẩu Hàn Quốc
Nha Cua Doi Song, Đèn Bàn Học Đọc Sách Cao Cấp Teement Led Chống Cận 03 Chế Độ Ánh Sáng Vàng Bảo Vệ Mắt- Hàng Chính Hãng
Nha Cua Doi Song,Bình Đựng Dầu Với Nắp Mở Tự Động Pecker Oil Bottle Lock&Lock CKO201 (550ml)
Nha Cua Doi Song,Bộ hộp thuỷ tinh vuông Nikko kèm túi giữ nhiệt Yoshino - Inochi
Nha Cua Doi Song,"Chai Thủy Tinh Đựng Sữa Hạt, Nước Ép, Trà Sữa - Nắp Thiếc, Nắp Nhôm, Nắp Nhựa 300ml, 500ml - HÀNG CHÍNH HÃNG MINIIN"
Nha Cua Doi Song,Túi Đựng Ly Giữ Nhiệt Lớn 900ml - Nhiều Hoa Văn
Nha Cua Doi Song,Băng Dán Viền Bếp Bồn Chậu Rửa Trong Suốt Keo Siêu Dính Dán Mép Tường Chống Bẩn Dầu Mỡ Nấm Mốc
Nha Cua Doi Song,Túi Giặt Áo Ngực Quần Lót Lưới Khoá Kéo Cố Định 15CM Phân Loại Chống Rối Quần Áo Có Lỗ Treo
Nha Cua Doi Song,Ly nhựa 2 lớp Cherry Blossom Double wall Cold Cup LocknLock HAP522 - Kèm ống hút - Dung tích 750ml
Nha Cua Doi Song,Combo Đệm Mông Và Tựa Lưng Công Thái Học Tích Hợp Massage Chườm Nóng Gối Cao Su Non Giảm Đau Cột Sống Lưng - Sairui
Nha Cua Doi Song,"Đầu vòi rửa bát tăng áp đồng thau inox 304 cao cấp Mifan - 3 Chế độ phun cực mạnh, xoay 360 - Sử dụng cho bồn rửa chén bát"
Nha Cua Doi Song,"Băng keo chống thấm KG13, chống dột dán siêu dính trên mọi bề mặt, dán mái tôn, tường, ống nước cao cấp dài 5m- Hàng chính hãng"
Nha Cua Doi Song,TAY SEN TẮM NHẬP KHẨU CHÍNH HÃNG NGA FRAP F011
Nha Cua Doi Song,"Rèm Nhà Tắm, Phòng Tắm Không Thấm Nước Vải Polyester, Họa Tiết Đèn Lồng (ĐỦ CÁC KÍCH THƯỚC)"
Nha Cua Doi Song,Bình giữ nhiệt LocknLock Easy Outdoor Vacuum Bottle LHC1484 - Có nắp sử dụng được như cốc và dây đeo vai - 1.2L - Hàng chính hãng
Nha Cua Doi Song,"Đất Trồng Cây GreenHome, Lavamix, Bao 6.5dm3 (3kg), Đầy Đủ Dinh Dưỡng, Chuyên Trồng Rau, Hoa, Kiểng"
Nha Cua Doi Song,Nệm Bông Ép Gấp 3 Everon Padding chính hãng _ Màu ngẫu Nhiên-Bảo hành 5 năm
Nha Cua Doi Song,"Vòi sen tăng áp Kosko không dùng điện, nhôm nguyên khối, công nghệ tia nước nano mềm dịu làn da"
Nha Cua Doi Song,"Hộp Pin AAA 1,5V Panasonic R03NT/2S - Hàng chính hãng"
Nha Cua Doi Song,"Bộ Nam Châm Vuông 90 Độ KUNBE Gắn Dán Cửa Tủ, Lực Hút Mạnh, Chắc Chắn"
Nha Cua Doi Song,Bộ Dụng Cụ Nhà Bếp 6P Good Care LocknLock CKT330S01
Nha Cua Doi Song,Bộ KIT hệ thống tự động tưới nhỏ giọt 25m dây và 30 đầu phun kèm đầy đủ phụ kiện 206848
Nha Cua Doi Song,Đèn Led Panel 9W Tròn MPE - Hàng chính hãng
Nha Cua Doi Song,ComBo 3 GIỎ SẮT Treo Chậu Hoa Ban Công Hình Tròn - Màu Đen
Nha Cua Doi Song,Bộ Chăn Ga Gối Cotton Tici LIDACO - Hồng Phấn Ga Be
Nha Cua Doi Song,Kệ để dao kéo nhà bếp inox 304 có khay hứng nước Hobby Home Decor DD25
Nha Cua Doi Song,Mền dù cao cấp  - mỏng nhẹ - thoáng mát - Cho giấc ngủ dễ chịu [chăn ga gối đệm
Nha Cua Doi Song,Giá phơi quần áo sắt Xuân Hòa ZA-02-01
Nha Cua Doi Song,Combo 5 Bình đựng nước thủy tinh đẹp 500ml
Nha Cua Doi Song,Vỏ Hột Quẹt Bật Lửa Khò Guang 1 Tia Độc Lạ Có Nắp Bật Dùng Gas Cao Cấp - Mẫu Mới Có Nút Chỉnh To Nhỏ Lửa
Nha Cua Doi Song,"COMBO 10 Móc Treo Đồ Có Kẹp Chống Trượt, Kẹp Đơn Phơi Quần Áo Đa Năng Bằng Thép Không Gỉ Bọc Nhựa PVC Chắc Chắn - Hàng Chính Hãng MINIIN"
Nha Cua Doi Song,"[KoSuyTu] Dụng Cụ Lấy Ráy Tai Có Camera Nội Soi Full HD – Kết Nối Điện Thoại - Đèn LED Chiếu Sáng, An Toàn Cho Cả Gia Đình"
Nha Cua Doi Song,Móc Treo Tranh KUNBE Pát Treo Khung Ảnh Chốt Giữ Tấm Hình Đồ Nội Thất Lên Tường Tiện Lợi
Nha Cua Doi Song,Vỏ Hột Quẹt Bật Lửa Honest Khò 2 Tia cực mạnh BCZ359 Dùng Gas Cao Cấp
Nha Cua Doi Song,Ổ CẮM ĐIỆN ĐA NĂNG KIÊM ĐÈN NGỦ CÓ CỔNG USB SẠC ĐIỆN THOẠI - Hàng Chính Hãng ( 3 Chấu)
Nha Cua Doi Song,"Màn Tuyn, Mùng Chống Muỗi Dệt May 10/10 Nhập Khẩu Chính Hãng Cao Cấp, Bao Vải Dày, Mắt Lưới Nhỏ Mịn - Hàng Chính Hãng MINIIN"
Nha Cua Doi Song,Nệm PE Hàn Quốc Cao Cấp Gấp 3 Dày 3cm - 5cm - 9cm Đủ Size Giao Màu Ngẫu Nhiên
Nha Cua Doi Song,Chế Phẩm Diệt Kiến Gián Sinh Học Anbio Sử Dụng An Toàn Chai 10 ml
Nha Cua Doi Song,"Bộ 20 Tấm Xốp Dán Tường 3D PVC Gỗ Kem 60x30cm Keo Sẵn Dày 2,5mm Cao Cấp, Sang Trọng"
Nha Cua Doi Song,Chảo chống dính siêu bền Elmich Hera II EL5941BE - Hàng Chính Hãng
Nha Cua Doi Song,100 Túi Hút Chân Không Thực Phẩm Một Mặt Nhám Một Mặt Trơn
Nha Cua Doi Song,"Kệ Sách Để Bàn Chữ H Chắc Chắn, Kèm 2 Ngăn Kéo Cao Cấp - Dễ Lắp Ráp"
Nha Cua Doi Song,Dụng cụ gọt vỏ CS 080488
Nha Cua Doi Song,"Kệ kê màn hình máy tính bằng gỗ, Kệ gỗ kê màn hình Anzzar-01"
Nha Cua Doi Song,Combo phụ kiện ghế xoay
Nha Cua Doi Song,"Ô Dù Gấp Gọn Mini Teement 19cm, Dù Che Mưa, Dù Chống Tia Uv Mini Siêu Gọn 8 Xương, Có Hộp Đựng Chống Sốc - Hàng Chính Hãng"
Nha Cua Doi Song,VÕNG XẾP DUY LỢI INOX - CỠ LỚN (QUÀ TẶNG 10 MÓC ÁO KÉP NHỰA CAO CẤP DUY LỢI)
Nha Cua Doi Song,"Pin sạc BESTON AA AAA, Sạc pin chính hãng BESTON, BẢO HÀNH 1 NĂM | Mic không dây, máy ảnh, điều khiển ( Pin 1.2V )"
Nha Cua Doi Song,Bộ Muỗng Đũa LocknLock Bằng Thép Không Gỉ Kèm Hộp Đựng - HPL105 - Nhiều Màu - Hàng Chính Hãng
Nha Cua Doi Song,"Sét 10 khay giấy bạc,khay bạc đựng thực phẩm lót nồi chiên không dầu chịu nhiệt độ cao"
Nha Cua Doi Song,"Túi Đựng Phụ Kiện Điện Thoại 2 Ngăn Lớn Cải Tiến Nhiều Ngăn Chống Nước, Chống Sốc – Túi Bảo Vệ Phụ Kiện Máy Tính Bảng Máy Ảnh Loa Sạc Sự Phòng Cáp Củ Sạc Hàng Chính Hãng Dododios"
Nha Cua Doi Song,"Áo bọc bàn để ủi quần áo nhiều size, nhiều mẫu - CHỌN SIZE - Áo trùm bàn ủi đồ-Áo Bọc Bàn Ủi Vải Dày Bền – Loại Dây Cột Áo Phủ Bàn Là Nhiều Size – Cố Định Bằng Dây Buộc"
Nha Cua Doi Song,Khay nhựa trồng rau/khay nhựa đựng cá siêu bền Siam Brothers - Xanh
Nha Cua Doi Song,Ổ cắm Điện Quang ĐQ 001A-01 (6 lỗ 2 chấu)
Nha Cua Doi Song,Phin Nhôm Pha Cà Phê Cao Cấp
Nha Cua Doi Song,Pin Energizer Specialty ECR2032 Vỉ 1 Viên
Nha Cua Doi Song,Cặp Vỏ Gối Lụa Cao cấp A - 50x70cm hoặc 60x80cm - mềm mịn mát lạnh
Nha Cua Doi Song,Chốt cửa dây xích an toàn inox 304 gắn cửa HOBBY Home Decor KLC1 bảo vệ phòng cho chung cư phòng ngủ không rỉ sét
Nha Cua Doi Song,Bộ bát ăn cơm men trắng chính hãng gốm sứ Bát Tràng
Nha Cua Doi Song,Hộp 12 viên diệt gián của Nhật Bản
Nha Cua Doi Song,Khuôn Nướng Bánh Chống Dính Carlmann SL-L001 (32 x 13.5 x 7 cm)
Nha Cua Doi Song,"Sét đũa 5 đôi Inox 316 cao cấp Kalpen T4, chuẩn Gia Dụng Đức bảo hành 24 tháng"
Nha Cua Doi Song,"Set 10 Khăn Lau Tay, Chén Dĩa Nhà Bếp Chất Liệu Sợi Len Siêu Thấm - Giao Màu Ngẫu Nhiên"
Nha Cua Doi Song,"Cây Vét Bột, Trộn Bột Silicon C.Lượng 28cm. Chuyên phục vụ Sp Gia dụng, Khuôn làm bánh, Dụng cụ học Sinh, Nhà hàng, Quán"
Nha Cua Doi Song,"Dụng Cụ Bào Vỏ Thông Minh PaKaSa, Nạo Sợi Rau Củ Quả 2in1- Dao Bào 2 Trong 1 Bằng Thép Không Gỉ - Hàng chính hãng"
Nha Cua Doi Song,"Dụng Cụ Thông Tắc Cống, Kẹp Gắp Rác Đa Năng Loại Tốt"
Nha Cua Doi Song,"Đèn ngủ 2 màu Rhino L802, nhẹ nhàng tiết kiệm điện - Hàng chính hãng"
Nha Cua Doi Song,"Áo Mưa Bít Kín Người Vải Dù – Chống Thấm, Không Tạt, Dễ Mặc, Unisex Nam Nữ"
Nha Cua Doi Song,"Khăn ướt, giấy ướt vệ sinh bếp, lau nhà bếp đa năng tiện lợi - Hộp 80 miếng"
Nha Cua Doi Song,MÁY KHOAN PIN BẮT VÍT BOSHUN 72V CÓ BÚA - 3 CHỨC NĂNG - MOTOR 100% DÂY ĐỒNG - BẢO HÀNH 12 THÁNG
Nha Cua Doi Song,"Bình Nước Thủy Tinh Kilner - 5L,8L"
Nha Cua Doi Song,Giá Phơi Đồ Cứng Cáp ETM543 - BLK-CN-4
Nha Cua Doi Song,Bình Nước Giữ Nhiệt TRONSMART TS BOTTLE 400ml Nắp Gỗ - Gọn Nhẹ - Thời Trang - Giữ Nhiệt - Hàng Chính Hãng
Nha Cua Doi Song,Rèm Cửa Chính Cao Cấp FREE SHIP Chống Nắng Cản Nắng 96% - Nhiều Kích Thước
Nha Cua Doi Song,MÁY CẮT TỈA HÀNG RÀO 20V 450MM INGCO CHTLI20018 - HÀNG CHÍNH HÃNG
Nha Cua Doi Song,"Giỏ Sắt Treo Chậu Cây, Kệ Để Chậu Hoa Cây Cảnh Có Móc Treo Ngoài Ban Công Tiện Lợi - Hàng Loại 1 - Chính Hãng MINIIN"
Nha Cua Doi Song,"Súng Khò Lửa, Súng Mồi Lửa Bếp Gas Bếp Cồn An Toàn - Dụng Cụ Bật Lửa Bếp Nấu Ăn"
Nha Cua Doi Song,"Khay Giấy Bạc, Khay Bạc Đựng Thực Phẩm Lót Nồi Chiên Không Dầu Chịu Nhiệt Cao - Hàng Loại 1 - Chính Hãng MINIIN"
Nha Cua Doi Song,Gối Cao Su Non Chống Đau Cột Sống - Gối Dành Cho Người Hay Ngủ Ngáy -  Giúp Thoải Mái Có Giấc Ngủ Ngon – Hàng Chính Hãng MINIIN
Nha Cua Doi Song,bàn họcBàn Làm việc
Nha Cua Doi Song,Đèn bàn Bảo vệ Thị lực Rạng Đông Model: RD-RL-01.V2 Mẫu Mới Cải Tiến Có Ống Cắm Bút
Nha Cua Doi Song,Combo 10 Ron | Zoăng | Gioăng cao su dùng cho ren 27 | dùng cho chân sen nóng lạnh
Nha Cua Doi Song,TÚI ĐỰNG CHĂN MỀN QUẦN ÁO KHUNG THÉP TRONG SUỐT GẤP GỌN 66L
Nha Cua Doi Song,Hạt giống Hoa Sao Nhái cánh kép nhiều màu VTS122
Nha Cua Doi Song,Hạt giống Hoa Mười Giờ Mỹ cánh kép nhiều màu VTS93
Nha Cua Doi Song,Hạt giống cải bó xôi - rau chân vịt VTS32
Nha Cua Doi Song,Bộ 4 Ống Hút Thủy Tinh Chịu Nhiệt (2 Cong + 2 Thẳng) + 2 Cọ Rửa + 1 Túi Vải
Nha Cua Doi Song,Dù Gấp Tự Động - màu xanh - mau xanh
Nha Cua Doi Song,Móc treo dán tường siêu dính chịu lực tốt
Nha Cua Doi Song,"Đèn Pin Sạc Đa Năng Kachi MK425: Soi Rọi Mọi Hành Trình, Bừng Sáng Mọi Cuộc Vui - hàng chính hãng"
Nha Cua Doi Song,Set 100 túi hút chân không size 25x17cm chuyên dụng (1 mặt nhám)
Nha Cua Doi Song,"Áo bảo hộ lao động, chất liệu thoáng mát, bền đẹp - Mã C17 (BIỂN)"
Nha Cua Doi Song,"Bộ Lục Giác Cao Cấp - Kiểu Dáng Nhỏ Gọn Giúp Người Dùng Cầm Nắm, Thao Tác Dễ Dàng 16 Chi Tiết Dùng Lắp Giáp, Sửa Chữa Xe Đạp"
Nha Cua Doi Song,"COMBO 3 Móc Dán Tường INOX 304 Treo Đồ nặng, Treo Thớt, Nồi Niêu Treo Đồ Đa Năng [CHỐNG NƯỚC, CHỐNG RỈ] Dán Mọi Bề Mặt"
Nha Cua Doi Song,Bình pha trà giữ nhiệt Rạng Đông Inox có phin lọc trà 1 lít
Nha Cua Doi Song,Ga chống thấm bảo vệ nệm vải Cotton LoveMama họa tiết cún mềm mại thoáng mát
Nha Cua Doi Song,Combo thiết bị thay thế cho bình lọc nước
Nha Cua Doi Song,Ga chống thấm trơn màu nâu thun Lụa 3 lớp LoveMama chống thấm
Nha Cua Doi Song,Ga chống thấm thun Lụa LoveMama chống thấm nước bảo vệ nện mềm mại thoáng mát
Nha Cua Doi Song,Kệ Lưới Đựng Đồ Nhà Tắm Dán Tường - Kệ Nhà Tắm- Kệ Thép Sơn Tĩnh Điện Không Rỉ Siêu Chắc Tặng Kèm 2 Miếng Dán Siêu Dính - HÀNG CHÍNH HÃNG MINIIN
Nha Cua Doi Song,Combo 9 cuộn (3kg) túi đựng rác tùy chọn màu và kích cỡ nhãn hiệu GIMEX II
Nha Cua Doi Song,"[11 màu] Nến trụ tròn không mùi D5H5 Eden Candle FTRAMART EDC0108 - tùy chọn nhiều màu sắc, đường kính 5 cm, cao 5cm, dùng trang trí"
Nha Cua Doi Song,Rèm Cửa Sổ Phòng Ngủ - Khả Năng Chống Nắng Tốt - Vải Trang Trí Decor - DIGA HOME
Nha Cua Doi Song,Rèm Cửa Dán Tường - Chống Nắng - Chất Liệu Vải Cao Cấp - Trang Trí Decor Phòng
Nha Cua Doi Song,Ron Chân Cửa Dày Ngăn Bụi Chuột Côn Trùng Chống Ồn
Nha Cua Doi Song,"Chổi Quét Trần Nhà Có Cán Điều Chỉnh Độ Dài / Chổi Quét Mạng Nhện, Lau Chùi Bụi Bẩn Trên Cao Tiện Dụng PaKaSa - Hàng Chính Hãng ( Màu ngẫu nhiên)"
Nha Cua Doi Song,Hộp Đựng Trang Sức Bằng Da Kích Thước 10x10x5.5cm PaKaSa - Hàng Chính Hãng
Nha Cua Doi Song,Rây Lọc Vớt Trần Thức Ăn Tiện Dụng - Hàng Nội Địa Nhật- Loại 1 - CHÍNH HÃNG MINIIN
Nha Cua Doi Song,Cáp Nối Dài LiOA dây dài 3m/5m/10m/15m 10A-15A 2 lõi
Nha Cua Doi Song,Cáp Nối Dài Điện Quang ĐQ EPF 2PN
Nha Cua Doi Song,Hạt giống Hoa Đồng Tiền F1 Mix - giống nẩy mầm khỏe hoa to VTS115
Nha Cua Doi Song,"Remote Điều Khiển Từ Xa Cho Quạt SenkoTR1428, TR1628, DR1608 – Hàng Chính Hãng"
Nha Cua Doi Song,"Bộ 02 Miếng Lọc Rác Inox Chặn rác inox Bồn Rửa Chén, Chậu Rửa Bát Cao Cấp Hoàng Gia - Inox 201 Cao Cấp Siêu Bền, Sang Trọng - Kích cỡ size L phù hợp với hầu hết các chậu rửa bát có trên thị trường, giúp chống tắc nghẽn bồn rửa bát"
Nha Cua Doi Song,Máy làm sữa chua Yogurt Maker 3 nút
Nha Cua Doi Song,Ghế Xếp Nằm Du Lịch - Ngủ Trưa - Vải Dù Lưới RE0414
Nha Cua Doi Song,Máy bơm tăng áp panasonic 125W - Bơm tăng áp chính hãng Panasonic xuất xứ Indonesia
Nha Cua Doi Song,Máy Bơm Nước Panasonic GP-129JXK-SV5 (125W)
Nha Cua Doi Song,"Thảm lau chân, chùi chân chống trơn trượt, chất liệu lông siêu thấm, Thảm nhà tắm, thảm trang trí cửa phòng màu trơn khổ 40x60cm và thảm bếp dài 40*120cm- Chính hãng MINIIN"
Nha Cua Doi Song,"Ống Nối Dài Vòi Nước Silicone Mở Rộng – Ống Nước Linh Hoạt, Dễ Dàng Sử Dụng, Bền Bỉ - HÀNG CHÍNH HÃNG MINIIN"
Nha Cua Doi Song,"2 Chiếc Ruột Gối Hơi Bông Gòn Cao Cấp - Lõi Bông Kháng Khuẩn, Chất Lượng Cao - HÀNG CHÍNH HÃNG MINIIN"
Nha Cua Doi Song,"Cây Gạt Nước Lau Kính Cầm Tay Deli, Gạt Chùi Kính Cầm Tay Nhỏ Gọn Vệ Sinh, Cao Su Đầu Gạt Rộng"
Nha Cua Doi Song,"Âu phíp tròn trong suốt có nắp đậy Việt Nhật - Tô cơm, bát đựng canh, đựng thực phẩm an toàn tiện lợi - Hàng chính hãng"
Nha Cua Doi Song,Drap Bọc Nệm Đủ Size ( Giao Màu Ngẫu Nhiên )
Nha Cua Doi Song,"Tinh Dầu Neem Oil Sinh Học Greenhome, Neem Chill, 150ml, Kết Hợp Tinh Dầu Tỏi, Ớt, Trừ Bọ Trĩ, Nhện Đỏ, Rầy, Rệp Sáp Cho Cây"
Nha Cua Doi Song,"Nhang Sen Khuynh Diệp Liên Tâm - Nhang sạch nhang xanh - nhang chung cư, ít khói, dịu nhẹ - Nhiều độ dài"
Nha Cua Doi Song,"Bộ Combo 3 Máy Gồm Máy Khoan Đục Bê Tông, Máy Khoan Pin Và Máy Mài Cầm Tay Dùng Pin 199V, 2 Pin 15 Cell - Động Cơ Không Chổi Than (Bảo Hành 12 Tháng)"
Nha Cua Doi Song,"[Gia dụng Minh Ngọc] Ghế chỉnh dáng ngồi đúng - Roichen Hàn Quốc (Made in Korea). Dùng cho Nam, 5 màu lựa chọn (Đen, nâu, ghi xám, xanh Mint, xanh dương) Hàng chính hãng"
Nha Cua Doi Song,"[Hàng chính hãng] Xửng hấp iMat inox 304 nhiều kích cỡ 18 I 20 I 22 I 24 I 26 I 28 I 30(cm).Dùng cho nồi, chảo cùng size"
Nha Cua Doi Song,"Ấm pha trà thủy tinh có lõi lọc và nắp inox 450ml, 650ml"
Nha Cua Doi Song,BÌNH ĐỰNG DẦU ĂN THỦY TINH LẮP ĐẬY INOX
Nha Cua Doi Song,Túi nén hút chân không PaKaSa - Hàng Chính Hãng
Nha Cua Doi Song,Vỏ gối nằm cotton tici Lidaco kích thước tiêu chuẩn (1 chiếc)
Nha Cua Doi Song,50 Rọ phi 65mm trồng rau thủy canh khí canh - Bộ 50 rọ nhựa
Nha Cua Doi Song,"Áo Trùm Máy Giặt Cửa Trên Vải Dù Siêu Dày, Size Từ 7kg-15kg, Lựa Chọn Họa Tiết"
Nha Cua Doi Song,"Đèn Pixar, Đèn Học Chống Cận Thị, Đèn Đọc Sách, Đèn Làm Việc Để Bàn Chống Chói Mắt Lóa Mắt Bảo Vệ Mắt - Hàng Chính Hãng MINIIN"
Nha Cua Doi Song,"Túi Bạt Đựng Quần Áo, Chăn Mền, Chống Thấm Nước - Hàng Loại 1 Chính Hãng MINIIN -Sọt Đựng Đồ Gấp Gọn Đa Năng Cỡ Đại 50x40x50cm - 100 Lít Siêu To"
Nha Cua Doi Song,Hộp Đựng Bàn Chải Và Nhả Kem Đánh Răng Tự Động Tặng Kèm 4 Cốc Hút Từ -Kệ Để Đồ Nhà Tắm Dán Tường Tiện Lợi- Hàng Chính Hãng MINIIN
Nha Cua Doi Song,"Phân tan chậm vi sinh siêu lân PMP bón cho hoa, cây cảnh, rau sạch dạng viên nén 1kg"
Nha Cua Doi Song,Combo 2 Túi Lưới Giặt Đồ Đựng Quần Áo Đa Năng Size Lớn 55 x 50CM Tiện Dụng Hàng Việt Nam
Nha Cua Doi Song,Bình Nước Thủy Tinh Có Dây Xách 500ml
Nha Cua Doi Song,"Máy bơm áp lực, adaptor của máy lọc nước, máy phun sương, điện áp 24V"
Nha Cua Doi Song,Bộ 50 móc dán tường siêu dính 
Nha Cua Doi Song,Bộ dụng cụ nâng và di chuyển đồ đạc thông minh 
Nha Cua Doi Song,Găng Tay Cao Su Tự Nhiên Lock&Lock 37cm- ETM802P-Hồng
Do Choi Me Be,Vòng nguyệt quế noel Mideer Christmas wreath quà giáng sinh cho bé
Do Choi Me Be,Thú nhồi bông hổ mặt ngáo mắt tròn dễ thương - Size từ 45cm đến 70cm - Quà tặng gấu bông hổ êm mịn
Do Choi Me Be,"Sữa Ensure Úc hồi phục sức khỏe cho người già, người ốm yếu, suy dinh dưỡng, người sau phẫu thuật - QuaTangMe Extaste"
Do Choi Me Be,Đai địu cho trẻ em bé 1 2 3 tuổi ngồi đi xe máy an toàn MySun
Do Choi Me Be,Bánh ăn dặm PAPAFOOD PAPAPUFFS FINGERS - 100% Nguyên Liệu Hữu Cơ - CHO BÉ DỊ ỨNG ĐẠM SỮA BÒ & CHÀM SỮA - Gói 30G - (MSMV: 8938549094094)
Do Choi Me Be,Combo 6 món đồ chơi gỗ montessori
Do Choi Me Be,"Sữa bột Ensure Vanille Geschmask, Ensure Đức cho người lớn tuổi, hồi phục sức khỏe cho người gầy yếu, người suy dinh dưỡng 400gr/hộp"
Do Choi Me Be,Bàn Chải Đánh Răng Silicon Hình Chữ U Cho Trẻ Em MINIIN - Cho Bé Từ 2 - 6 Tuổi
Do Choi Me Be,Đồ Chơi ghép hình 4 mùa - Mùa Hè DK81075
Do Choi Me Be,"Thảm xốp XPE cho bé dày 1,5cm của Umoo"
Do Choi Me Be,07 bộ tranh xếp hình 20 mảnh size 17x17cm – đồ chơi trí tuệ cho bé từ 2 tuổi – Combo The Alphabet
Do Choi Me Be,Bộ 3 Bình Trữ Sữa Mẹ FATZBABY 150ml FB0120N
Do Choi Me Be,Dụng Cụ Dập Lỗ Núm Ty Farlin BF-112
Do Choi Me Be,Bộ 2 Gói Nước Rửa Bình Sữa D-nee (550ml x 2)
Do Choi Me Be,Đất nặn 6 màu 100g ST-100-6
Do Choi Me Be,Cờ Tỷ Phú A1
Do Choi Me Be,Combo 2 Gói Tã Quần Người Lớn Sunmate Khô Thoáng M8 (8 Miếng/ Gói)
Do Choi Me Be,Xí Ngầu Liên Hiệp Thành XN01
Do Choi Me Be,Tã Dán Bobby Siêu Mỏng Gói Cực Đại XXL56 (56 Miếng)
Do Choi Me Be,"Mền vải mát cho bé mềm mát Katina House, 1m2x1m5, chất lụa mát lạnh, phù hợp cho bé mang đi học"
Do Choi Me Be,Combo 100 Khối Nam Châm Từ Tính Minecraft Đa Màu - Tặng Kèm 6 Nhân Vật - Đồ Chơi Lắp Ráp Khối Xây Dựng Thông Minh - HÀNG CHÍNH HÃNG MINIIN
Do Choi Me Be,Sữa Morinaga Số 2 - Chilmil (800g)
Do Choi Me Be,Combo 2 lon và 1 Hộp sữa Morinaga số 1 (Hagukumi) cho trẻ từ 0 - 6 tháng
Do Choi Me Be,"Gấu Bông Vịt Lười, Ngỗng Lười Mềm Mịn Siêu Hot - Vịt Trầm Cảm, Mệt Mỏi Dễ Thương (25cm----1m6) Gối Ôm Vịt Lười Siêu To Vải Miniso 4 Chiều Mềm Mịn Êm Ái Hàng Cao Cấp"
Do Choi Me Be,"Gấu Bông Khủng Long Mắt Lồi Đuôi Tim Dễ Thương Siêu Cưng (55cm--->160cm) Gối Ôm Khủng Long Đuôi Tim Siêu Mềm Mịn, Êm Ái Hàng Cao Cấp"
Do Choi Me Be,Boardgame Ting Ting Doraemon - Bộ Trò Chơi Đầu Tiên Của Doraemon Tại Việt Nam
Do Choi Me Be,Cây Sáo Recorder 6 Lỗ Cao Cấp
Do Choi Me Be,"[ 815 ] Bình sữa Y Tế cổ thường 250ml, thiết kế hỗ trợ cho trẻ gặp khó khăn khi bú bình"
Do Choi Me Be,Bộ đồ chơi trẻ em mô hình động vật 58 chi tiết thú rừng hoang dã nhựa an toàn giúp bé nhận biết thế giới xung quanh
Do Choi Me Be,Đai nịt bụng Latex 25 khung thép định hình vòng eo AOLIKES A-5025
Do Choi Me Be,Tay Cầm Bình Sữa Philips Avent Cổ Rộng Cho Bé Tự Uống Sữa Chất Liệu PP An Toàn
Do Choi Me Be,Tấm lót chống thấm cho người già LONGLIFE size 80x120cm
Do Choi Me Be,Hút mũi cao su Pigeon 2022
Do Choi Me Be,Nôi Tự Động Em Bé Giá Rẻ N20X VINANOI - Sức Đưa 20kg - Lồng Nôi Màu Xanh - Khung Võng Thép Màu Xanh
Do Choi Me Be,Máy Tiệt Trùng Sấy Khô Bình Sữa và Phụ Kiện 3 Trong 1 PHILIPS AVENT Bottle Steriliser and Dryer SCF293/00 (Starlight Plus)
Do Choi Me Be,"Thang hỗ trợ vệ sinh, thu nhỏ bồn cầu cho Bé"
Do Choi Me Be,Bình (Bộ Dụng Cụ) Xịt Rữa Mũi Xoang Cho Bé Neilmed Sinus Rinse Paediatric Starter Kit (1 bình + 30 gói hỗn hợp muối rửa)
Do Choi Me Be,Hộp 8 bộ đồ chơi lắp ráp Biệt đội cứu hỏa vòi rồng 8in1 Qman 1805 (313 chi tiết)
Do Choi Me Be,BỘ 4 HỘP SỮA BỘT NGUYÊN KEM VINAMILK DINH DƯỠNG CÓ ĐƯỜNG - GIÚP DUY TRÌ VÀ PHÁT TRIỂN THỂ LỰC - 400G
Do Choi Me Be,Địu ngồi cao cấp 2 trong 1 Comfybaby CF818
Do Choi Me Be,Đồ Chơi Cờ Trí Tuệ UNO W2085
Do Choi Me Be,SỮA BỘT VINAMILK OPTIMUM MAMA GOLD- HỘP THIẾC 400G
Do Choi Me Be,Bộ đồ chơi Nam Châm xếp hình thông minh SRV8800
Do Choi Me Be,"Dầu gội cốt bồ kết đánh bay gàu, mọc tóc, dưỡng tóc đen mượt Wonmom 250ml"
Do Choi Me Be,"Mặt nạ nghệ phục hồi da, se khít chân lông, đánh bay mụn thâm Wonmom 50g"
Do Choi Me Be,Mũ Bảo Vệ Đầu Cho Bé Mumguard Hình Bọ Cánh Cam - Cam
Do Choi Me Be,Thực phẩm dinh dưỡng y học: Ensure Gold vani 400g
Do Choi Me Be,"[Tặng 2 Khăn Ướt Cồn/Bao] Set 4 Bao Quần Lót Bầu MOTHERHOOD | Đã Giặt Sạch, An Toàn, Tiện Lợi"
Do Choi Me Be,Núm ty mô phỏng tự nhiên mới hiệu Philips Avent  cho trẻ từ 3 tháng tuổi ( vỉ đôi)_SCY964.02
Do Choi Me Be,Đồ Chơi Xếp Hình Puzzle Level 4 Mideer - Kỳ lân Ngựa hồng - Giao thông - Khủng long (gồm 03 tranh 54 - 70 và 88 Mảnh Ghép)
Do Choi Me Be,"Cờ tướng bằng gỗ tự nhiên - 40 x 35 cm - Quân đường kính 3,4cm - Chính hãng dododios"
Do Choi Me Be,Bình sữa cổ hẹp PP Wesser 60ml/140ml/250ml
Do Choi Me Be,Cờ Lô Tô
Do Choi Me Be,"Bộ đồ chơi câu cá, ghép số bằng gỗ cho bé Montessori 63 chi tiết - Bộ Bảng Số Thông Minh bằng gỗ"
Do Choi Me Be,Máy hâm sữa và thức ăn siêu tốc Sunshine hiệu Philips Avent 358.00
Do Choi Me Be,Bộ đồ câu cá tại nhà cho bé
Do Choi Me Be,Bộ tranh xếp hình cao cấp 500 mảnh ghép – Nhà Gỗ Bên Hồ (40x50cm)
Do Choi Me Be,Bộ tranh xếp hình 150 mảnh – Pokémon
Do Choi Me Be,Bộ Chữ Và Số Nam Châm Anto - Chữ Hoa 93
Do Choi Me Be,Sét 6 quần tập bỏ bỉm Goodmama
Do Choi Me Be,Bộ 10 Nút Bịt Ổ Điện Bảo Vệ An Toàn Cho Bé  Miliken Tampe NL-3057
Do Choi Me Be,Bộ Chơi Cát Tạo Hình Motion Sand Sáng Tạo MS-19
Do Choi Me Be,Mũ Bảo Vệ Đầu Cho Bé Mumguard Hình Bọ Cánh Cam - Đỏ
Do Choi Me Be,Gấu bông Chuột Capybara Thú nhồi bông Capybara Bộ trưởng Bộ Ngoại Giao đáng yêu 30cm Thú Bông Quà Tặng Gấu Bông Kỳ Lân
Do Choi Me Be,Máy xay mini cầm tay
Do Choi Me Be,Tã quần Huggies Airsoft size XL gói 30 miếng
Do Choi Me Be,Bộ 2 lon Sữa bột NAN OPTIPRO PLUS 4 Nestle Bé 2-6 tuổi 1500g/lon Giúp tiêu hóa tốt
Do Choi Me Be,Hình Dán Sticker Cho Bé dùng nhiều lần Mideer Reusable Jelly Sticker Set 3 chủ đề
Do Choi Me Be,Combo Khăn Ướt Em Bé NUNA Không Mùi 100 Miếng/Bao
Do Choi Me Be,Gặm nướu sinh vật biển Richell Nhật silicone nguyên khối gặm nướu đồ chơi cho bé Baby
Do Choi Me Be,Ty ngậm 100% silicon cao cấp Moyuum
Do Choi Me Be,Thực Phẩm Bổ Sung Bánh Ăn Dặm Gerber Puffs vị Chuối 42g dành cho trẻ trên 8 tháng tuổi
Do Choi Me Be,Combo 3 gói Tã/bỉm dán sơ sinh Huggies Skin Perfect S 54+4 miếng với 2 vùng thấm giảm kích ứng da
Do Choi Me Be,Máy Đọc Viết Từ Vựng Phát Nhạc Song Ngữ LalaTalk Kết Hợp Bảng Viết Tự Xóa Thông Minh (Cho bé từ 3 tuổi) - Lalala Baby
Do Choi Me Be,1 gói Miếng lót tiết kiệm Caryn 20 miếng - Lót Bổ Sung Caryn - Mặc cùng tã dán cho người lớn
Do Choi Me Be,Combo Bình Sữa Tommee Tippee Natural Start Ty Siêu Mềm Tự Nhiên 260ml & Núm Ty Silicon Thay Thế 6M+
Do Choi Me Be,Tấm lót chống thấm cho người già LONGLIFE size 70x100cm
Do Choi Me Be,Ngũ Cốc Min Min Dinh Dưỡng Bầu _ Ngũ Cốc Lợi Sữa Min Min
Do Choi Me Be,Canxi sữa Bioisland Úc chính hãng
Do Choi Me Be,Đất Nặn 12 Màu ST20012
Do Choi Me Be,Mô Hình Máy Bay AIRBUS A380 FEDEX AIRLINE EVERFLY 16CM
Do Choi Me Be,BỘT ĂN DẶM RIDIELAC GOLD 4 VỊ MẶN - HỘP GIẤY 200G
Do Choi Me Be,Thùng 48 Hộp Sữa Bột Pha Sẵn Vinamilk Dielac Grow 110ml
Do Choi Me Be,Nhà búp bê lắp ghép Cute Room Dream for life L026
Do Choi Me Be,Bộ 2 Chai Sữa Tắm Gội Wesser 2in1 Hương Hổ Phách Xạ Hương (500ml x 2) - Hồng
Do Choi Me Be,Nước Rửa Bình Sữa Wesser Dạng Gói (500ml)
Do Choi Me Be,Mô Hình Winwintoys - Xe Taxi 65282
Do Choi Me Be,Thùng Sữa Non Pha Sẵn Värna Colostrum (24 Chai x 237ml) - Sữa Cho Người Già Tăng Cường Đề Kháng
Do Choi Me Be,Sữa Bột Värna Colostrum Lon 850g
Do Choi Me Be,Sữa Bột Nutifood GrowPLUS+ Suy Dinh Dưỡng trên 1 tuổi lon 400g
Do Choi Me Be,Combo Nước rửa bình thảo mộc cho bé Arau Baby Bình 500ml + Túi 450ml
Do Choi Me Be,Tã quần Huggies Naturemade ban đêm M 58 miếng
Do Choi Me Be,Kem dưỡng ẩm chiết xuất hạnh nhân Babycoccole 0M+ - 75ml
Do Choi Me Be,Gấu bông heo phê cần - Size 40cm - Quà tặng thú nhồi bông heo mắt hí dễ thương
Do Choi Me Be,Bộ 2 lon Sữa bột Nestlé NAN OPTIPRO PLUS 4 800g/lon với 5HMO Giúp tiêu hóa tốt & Tăng cường đề kháng + Tặng Bộ xửng hấp 2 ngăn Inochi (Bé 2-6 tuổi)
Do Choi Me Be,Combo 3 gói Tã/bỉm dán sơ sinh Huggies Skin Perfect  S 80+2 miếng với 2 vùng thấm giảm kích ứng da
Do Choi Me Be,Tã/bỉm dán sơ sinh Huggies Skin Perfect S 80+2 miếng với 2 vùng thấm giảm kích ứng da
Do Choi Me Be,Tã quần UniDry Siêu khô thoáng gói Jumbo mới size XXL
Do Choi Me Be,(GIAO NHANH 2H) Tã/bỉm dán cao cấp Huggies Nature Made đủ size NB60/S82/M64/L54
Do Choi Me Be,Đồ Chơi Duka Vỉ Xe Mô Hình Hợp Kim - Xe Địa Hình DK81108 ( Mẫu ngẫu nhiên )
Do Choi Me Be,[Tặng thêm miếng] Thùng 3 gói Tã dán sơ sinh Huggies Tràm Trà NB70/S54/S80
Do Choi Me Be,[Tặng kèm miếng] Tã dán sơ sinh Tràm Trà Tự Nhiên Huggies NB40/NB70/S54/S80
Do Choi Me Be,"Máy In Mini Con Lăn Tạo Phép Tính Cộng, Trừ, Nhân, Chia Đơn Giản - Ra Bài Tập Toán Cho Các Bé Tiểu Học (Tặng kèm lọ mực)"
Do Choi Me Be,Đồ Chơi Lắp Ráp Lego Ninjago 71765 - Ninja Ultra Combo Mech (1104 Mảnh Ghép)
Do Choi Me Be,01 thanh chắn giường an toàn cho bé
Do Choi Me Be,Tã Dán Siêu Cao Cấp Huggies Platinum Naturemade L54 (54 Miếng)
Do Choi Me Be,Sữa bột Vinamilk Optimum Gold Step 3 Hộp Thiếc 1450g
Do Choi Me Be,Cờ vua gỗ thông KHÔNG NAM CHÂM tự nhiên cao cấp cỡ vừa 29x29cm - Bộ cờ vua bằng gỗ chọn loại có nam châm chính hãng
Do Choi Me Be,"Xe Trượt Scooter Trẻ Em Có Ghế Gấp Gọn 3 Bánh Phát Sáng, Có Nhạc Và Đèn Báo, Dành Cho Bé Từ 2-12 Tuổi"
Do Choi Me Be,"Viên dầu cá bổ sung DHA cho trẻ thông minh, mắt sáng tinh anh Bioisland DHA For Kids nhập khẩu Úc"
Do Choi Me Be,Tã Quần Cao Cấp Moony Nhật Bản Bé Gái XXL26 (26 Miếng)
Do Choi Me Be,Bộ Búp Bê Thời Trang Sariel 8835-B
Do Choi Me Be,Bột Ăn Dặm Vinamilk Ridielac Gạo Sữa (200g)
Do Choi Me Be,Đồ Chơi Lắp Ráp LEGO Thùng Gạch Trung Classic Sáng Tạo 10696 Cho Bé Trên 1 Tuổi (484 chi tiết)
Do Choi Me Be,Địu Trẻ Em Aprica Pitta 39400
Thiet Bi Kts Phu Kien So,"Ốp Lưng Sần chống sốc cho Samsung Galaxy  A16 , A35 , A55 . A15 , A25 hiệu Nillkin Super Frosted Shield - Hàng Chính Hãng"
Thiet Bi Kts Phu Kien So,Cáp CHOETECH AUX005 chuyển đổi từ cổng IP ra 3.5mm  (HÀNG CHÍNH HÃNG)
Thiet Bi Kts Phu Kien So,"Bao da bò thật dạng ví chính hãng Forwenw dành cho SamSung Galaxy A50, A50s, A30s - Hàng chính hãng"
Thiet Bi Kts Phu Kien So,"Thiết bị thu phát âm thanh Usb bluetooth 5.0 âm thanh đa chức năng jack cắm 3.5mm cho loa, ô tô tai nghe bluetooth biến loa thường thành loa Bluetooth, Không Dây 4 Trong 1 Cho Âmly Tivi Máy Tính Laptop Kết Nối Điện Thoại Nghe Gọi Rảnh Tay - Hàng Nhập Khẩu"
Thiet Bi Kts Phu Kien So,Cáp USB Type-C to Type-C Anker Zolo 1m/1.8m 240W A8060 - Hàng chính hãng
Thiet Bi Kts Phu Kien So,"Ốp lưng da cao cấp cho SamSung Galaxy S26 Ultra , S25 Ultra ,  S24 Ultra , S23 Ultra - chính hãng X-level viền mềm, chống bám vân tay - Hàng chính hãng"
Thiet Bi Kts Phu Kien So,[Mỹ] Sạc dự phòng Energizer QM10002PQ Sạc nam châm từ tính Dung lượng 10000mAh tích hợp chân đế xếp gọn - Hàng chính hãng
Thiet Bi Kts Phu Kien So,"Giá đỡ  điện thoại  gấp gọn  , phụ kiện tăng giảm chiều cao dễ dàng chống trượt rất tiện khi đọc sách ,xem phim ,nghe nhạc tiện lợi hàng nhập khẩu"
Thiet Bi Kts Phu Kien So,Bộ Củ Sạc Và Dây cáp Sạc Samsung Micro USB Dùng Cho Điên Thoại Android - Hàng chính hãng
Thiet Bi Kts Phu Kien So,"Domino Nối Dây Điện Nhanh, Cút Nối Dây 2 Đầu Cách Điện CH-2 - Hàng Chính Hãng"
Thiet Bi Kts Phu Kien So,Cáp sạc Baseus Cafule Quick Charge và truyền dữ liệu tốc độ cao Usb to Type C 3A CATKLF- Hàng chính hãng
Thiet Bi Kts Phu Kien So,Miếng Lót Chuột 20x25cm 30x80cm - Hàng Nhập Khẩu
Thiet Bi Kts Phu Kien So,Cáp Sạc ANKER Powerline+ II USB-C To USB-C Phiên Bản Marvel - A9547 / A9549 - Hàng Chính Hãng
Thiet Bi Kts Phu Kien So,"Đế Tản Nhiệt Laptop, Máy Tính Xách Tay Besti BTY02 , Có Đèn Led Cực Đẹp, 6 Quạt Giúp Làm Mát Nhanh Bảo Vệ Máy Tính Mà Không Gây Ồn Thích Hợp Cho Nhiều Loại Laptop - Hàng Chính Hãng 	"
Thiet Bi Kts Phu Kien So,Giá Đỡ Máy Tính Laptop Macbook Besti BTY01 Hợp Kim Nhôm Cao Cấp Giúp Tản Nhiệt Có Thể Tháo Rời - Hàng Chính Hãng
Thiet Bi Kts Phu Kien So,"Dây Cáp Chuyển Đổi Type C To HDMI 4K 60Hz CHOETECH XCH-M180 Dây Nylon Dài 1.8M, Tương Thích Thunderbolt 3 Dành Cho Macbook, Kèm Cổng Type C Sạc Nhanh 60W - Hàng Chính Hãng"
Thiet Bi Kts Phu Kien So,"	Cáp Sạc truyền dữ liệu 2.4 chống dối, dây dù dành cho Iphone,Ipad Hoco X14 Giao màu ngẫu nhiên- Hàng chính hãng"
Thiet Bi Kts Phu Kien So,"Giá Đỡ Điện Thoại Để Bàn Kẹp Điện Thoại Livestream Kẹp Chắc Chắn Ổn Định Xoay 360 Độ Dùng Để Xem Phim, Ghi Hình Đa Năng- Chính Hãng MINIIN"
Thiet Bi Kts Phu Kien So,Cáp sạc 3.5A Baseus Rapid Series kết nối 2 Type-C/ Micro/ iPhone tiện lợi dài 1.2M - Hàng chính hãng
Thiet Bi Kts Phu Kien So,USB OTG SanDisk Ultra Dual Drive Type-C 3.1 SDDDC4- Hàng Chính Hãng
Thiet Bi Kts Phu Kien So,Giá đỡ Aluminum hợp kim nhôm cho Macbook laptop 10 inch đên 15.6 inch hiệu HOTCASE giúp tản nhiệt thiết kế nhôm nguyên khối - Hàng nhập khẩu
Thiet Bi Kts Phu Kien So,Củ Sạc Nhanh Cho Iphone Hoco C80 - Hỗ trợ sạc nhanh 20W PD QC3.0 - Hàng Chính Hãng
Thiet Bi Kts Phu Kien So,Đài USB THẺ NHỚ NGHE NHẠC WAXIBA XB-521URT RADIO AM\FM\SW LOA TO X-BASS CÓ ĐÈN PIN GIAO MÀU NGẪU NHIÊN HÀNG CHÍNH HÃNG
Thiet Bi Kts Phu Kien So,Chuột Gaming Logitech G102 Gen 2 Lightsync - Hàng Chính Hãng
Thiet Bi Kts Phu Kien So,Đầu chuyển USB 3.0 to Type C (âm) Ugreen 50533 - Hàng chính hãng
Thiet Bi Kts Phu Kien So,Đài Radio FM/AM Panasonic RF - P150DBAGA Kèm Pin Chính Hãng
Thiet Bi Kts Phu Kien So,Đầu Chuyển Đổi Ugreen USB Type-C Sang USB 3.0 30155 - Hàng Chính Hãng
Thiet Bi Kts Phu Kien So,Đầu Thu USB Unifying Receiver Logitech Unifier - Hàng Chính Hãng
Thiet Bi Kts Phu Kien So,Đầu Nối HDMI Ugreen (20107) - Hàng Chính Hãng
Thiet Bi Kts Phu Kien So,"Ốp Lưng Likgus Trong Suốt Mag Safe Dành Cho iPhone 17, iPhone 17 Pro, iPhone 17 Pro Max và iPhone Air – Bảo Vệ Tối Ưu, Thiết Kế Sang Trọng - Hàng chính hãng"
Thiet Bi Kts Phu Kien So,"Bao Da Dạng Ví Dành Cho iPhone Air, iPhone 17, iPhone 17 Pro, iPhone 17 Pro Max Forwenw Cao Cấp Sang Trọng - Hàng Chính Hãng"
Thiet Bi Kts Phu Kien So,"Bao da dạng ví cho iPhone 7/8 Plus, Xr , 7/8/SE 2020 , X/Xs , Xs Max hãng Forwenw  - Hàng chính hãng"
Thiet Bi Kts Phu Kien So,Dây đeo Silicone thay thế cho Huawei Watch Fit 3 / Huawei Watch Fit 4 / Huawei Watch Fit 4 Pro - Hàng Chính Hãng
Thiet Bi Kts Phu Kien So,Headphone tai nghe bluetooth không dây chụp tai Rockspace O5 có mic hàng chính hãng BH 1 năm
Thiet Bi Kts Phu Kien So,Kính Cường Lực GOR cho Samsung Galaxy S25 Ultra/ S25 Plus/ S25 (Bộ 2 Miếng) - Hàng Chính Hãng
Thiet Bi Kts Phu Kien So,Dây Cáp Chuyển Đổi DisplayPort Sang HDMI màu đen Displayport To HDMI Hàng Nhập Khẩu - Giao Mẫu Ngẫu Nhiên
Thiet Bi Kts Phu Kien So,Cáp sạc nhanh USAMS SJ742 Type-C To Type-C 100W Digital Display Zinc Alloy HX Series tương thích IP15 series ( Hàng Chính Hãng)
Thiet Bi Kts Phu Kien So,Dây Đồng Hồ Thép Lưới Dux Ducis Milanese Series Dành Cho Apple Watch Seri 1-10/ SE/ Apple Watch Ultra_ Hàng chính hãng
Thiet Bi Kts Phu Kien So,"Bao da dành cho SamSung Galaxy Tab S9 Fe chính hãng Dux Ducis Domo chống sốc, có khay đựng bút - hàng chính hãng"
Thiet Bi Kts Phu Kien So,"Bao Da Cho Samsung Galaxy Tab S9, S9 Plus, S9 Ultra, S9 Fe, S9 Fe Plus, Tab S8, S8 Plus/S7 Plus , S8 Ultra, Tab S7, S7 fe, Tab S6 , S6 Lite Chính Hãng Dux Ducis Domo Có Khay Đựng Bút Tiện Lợi- Hàng chính hãng"
Thiet Bi Kts Phu Kien So,"Bao da cao cấp dành cho Samsung A12, Samsung A52, Samsung A52s Samsung A72 dạng ví Caseme - Hàng Nhập Khẩu"
Thiet Bi Kts Phu Kien So,Tai nghe bluetooth không dây nhét tai ROCKSPACE EB700 TWS có mic hàng chính hãng bảo hành 12 tháng
Thiet Bi Kts Phu Kien So,"Ốp lưng dành cho OPPO Reno 6z, Reno 6 5G, Reno 7Z, Reno 7 5G, Reno 8Z dẻo trong, chống sốc, bảo vệ camera - Hàng chính hãng"
Thiet Bi Kts Phu Kien So,Bộ sạc nhanh 20W dành cho Iphone từ 6-14 Promax tích hợp IC thông minh bảo vệ máy - Hàng nhập khẩu
Thiet Bi Kts Phu Kien So,"Đài Radio Nghe Nhạc FP-2382-S -Sạc Năng Lượng Mặt Trời, Đài FM, AM, SW-Thiết Kế Cổ Điển Sang Trọng, Ăn-Ten Bắt Sóng Mạnh, Hỗ Trợ Cắm USB-Thẻ Nhớ-Hàng Chính Hãng"
Thiet Bi Kts Phu Kien So,"USB BLuetooth 5.0 RiBi USB Dongle - Dùng cho PC, Laptop - Kết nối với tai nghe, loa bluetooth, chuột không dây, gamepad - Hàng chính hãng"
Thiet Bi Kts Phu Kien So,Chuột Led Không Dây M303 Đa kết nối Bluetooth 5.0 + Usb 2.4G Pin sạc TypeC chống ồn nhỏ gọn hàng nhập khẩu
Thiet Bi Kts Phu Kien So,Bàn Phím LED LANGTU L1u cho máy tính - Hàng nhập khẩu
Thiet Bi Kts Phu Kien So,"Tấm Lót Chuột, Miếng Lót Chuột, Chất Liệu Da PU 2 Mặt, Lót Chuột Cỡ Lớn 90x45cm và 80x40cm, Pad Chuột Kiêm Thảm Da Trải Bàn Làm Việc - Hàng Chính Hãng"
Thiet Bi Kts Phu Kien So,"Cáp sạc nhanh, siêu bền C to IP 20W Baseus Tungsten Gold dùng cho iPhone 12/ iP11 Series/ iPXS Max (20W, Fast Charging & Data Cable)- Hàng chính hãng"
Thiet Bi Kts Phu Kien So,"Giá đỡ Laptop, cho ipad, cho macbook tản nhiệt Rhino KL102, kệ đỡ máy tính nhôm cao cấp, gấp gọn, tặng kèm túi đựng - Hàng chính hãng"
Thiet Bi Kts Phu Kien So,Ốp lưng dẻo mỏng dành cho iPhone 14 / 14 Plus / 14 Pro / 14 Pro Max - Hàng chính hãng
Thiet Bi Kts Phu Kien So,"Cáp sạc nhanh Remax 18/20W dùng cho Iphone, Ipad - Hàng chính hãng "
Thiet Bi Kts Phu Kien So,"Giá đỡ Laptop, máy tính bảng gấp gọn Orico PFB-A24 - Hàng Chính Hãng"
Thiet Bi Kts Phu Kien So,Màn hình ví lạnh Ledger Nano S Hàng nhập khẩu
Thiet Bi Kts Phu Kien So,USB Bluetooth Adapter Dongle Audio Receiver Basues BA04 Tốc Độ Cao Bluetooth 5.0 Hoạt Động Tốt Trong 20m - Hàng Chính Hãng
Thiet Bi Kts Phu Kien So,Bao Da Dạng Ví Cài Thẻ Cho Samsung Galaxy S22 Ultra Chính Hãng Forwenw Cao Cấp - Hàng Chính Hãng
Thiet Bi Kts Phu Kien So,Dây Đeo RINGKE Lanyard Finger Strap - Hàng Chính Hãng
Thiet Bi Kts Phu Kien So,"Chuột không dây HXSJ M103B wireless Bluetooth tự sạc pin siêu mỏng không gây tiếng ồn chuyên dùng cho Máy tính, pc, Laptop, Tivi  - Hàng chính hãng"
Thiet Bi Kts Phu Kien So,"Adapter Củ Sạc Nhanh Đến 25W Type C PPS PD 3.0 QC 3.0 RAVPower RP-PC156 Dành Cho Điện Thoại Samsung, iPhone, iPad - Hàng Chính Hãng"
Thiet Bi Kts Phu Kien So,Ốp lưng da cao cấp dành cho
Thiet Bi Kts Phu Kien So,Bộ chia usb type c 3.0 4 cổng Ugreen 219OL70336CM Hàng chính hãng
Thiet Bi Kts Phu Kien So,Tai nghe chụp tai Logitech H111 - Hàng chính hãng
Thiet Bi Kts Phu Kien So,Webcam Logitech C270 720P - Hàng chính hãng
Thiet Bi Kts Phu Kien So,Tai Nghe Chụp Tai Logitech H110 - Hàng Chính Hãng
Thiet Bi Kts Phu Kien So,"Deskpad da tấm di chuột miếng lót chuột khổ lớn, thảm da trải bàn làm việc 60x30cm - Hàng chính hãng"
Thiet Bi Kts Phu Kien So,Hub USB 7 cổng có công tắc - Hàng Nhập Khẩu
Thiet Bi Kts Phu Kien So,"Bao da đựng điện thoại đeo ngang hông dùng được cho điện thoại từ 5inch dến 6,3 inch  , trên 6.7 inch - hàng nhập khẩu"
Thiet Bi Kts Phu Kien So,"Giá đỡ điện thoại ,đa năng ,có thể gấp gọn để bàn hợp kim nhôm chắc chắn ,đế chống trơn trượt tiện dụng hàng nhập khẩu"
Thiet Bi Kts Phu Kien So,Ốp Case TPU chống va đập cho Garmin Fenix 8 AMOLED Size 43mm/47mm/51mm - Hàng Chính Hãng
Thiet Bi Kts Phu Kien So,"Bao da dạng ví dành cho iPhone 13 Pro Max hiệu caseme chống sốc chống va đập bụi bẩn, có ngăn đựng tiền, đựng thẻ tiện dụng - Hàng chính hãng"
Thiet Bi Kts Phu Kien So,"Dây cắm AUX 2 đầu 3.5 dùng kết nối Loa Bluetooth với Máy tính, Laptop, TV, cáp âm thanh, jack 3.5mm dài 50cm - Hàng nhập khẩu"
Thiet Bi Kts Phu Kien So,Ốp lưng da cao cấp dành cho iPhone 15 / 15 Plus / 15 Pro / 15 Pro Max - Hàng chính hãng
Thiet Bi Kts Phu Kien So,Ốp Lưng Dành Cho iPhone 15 ProMax/ iPhone 15 Pro ESR Air Armor (HaloLock)_ Hàng chính hãng
Thiet Bi Kts Phu Kien So,Chuột Quang có dây Logitech M100r - Hàng Chính Hãng - Bảo Hành 36 Tháng
Thiet Bi Kts Phu Kien So,"Bộ đàm Sothing Baofeng BF-888S bắt song xa đến 5km, dung lượng pin 1500mAh- Hàng chính hãng"
Thiet Bi Kts Phu Kien So,"Loa Máy Tính Bluetooth 2.0 để bàn Leerfei E-350T, Công Suất Lớn, Dùng Cho Máy Vi Tính PC, Laptop - Hàng Chính Hãng"
Thiet Bi Kts Phu Kien So,Kính Cường Lực G5 Full Màn Hình cho các dòng Iphone - Hàng chính hãng
Thiet Bi Kts Phu Kien So,Tẩu sạc nhanh PD 20W trên xe hơi ô tô Z46A QC 3.0 - Hàng nhập khẩu
Thiet Bi Kts Phu Kien So,"Bộ Vệ Sinh Macbook/Laptop/Lens/Máy ảnh/Điện thoại Bình Xịt Khử Khuẩn, Kiêm Khăn Lau_ Kèm Chai Dung Dịch - Hàng Chính Hãng"
Thiet Bi Kts Phu Kien So,Ốp lưng silicon dẻo cho Samsung Galaxy A53 5G trong suốt mỏng 0.6mm hiệu Ultra Thin độ trong tuyệt đối chống trầy xước - Hàng nhập khẩu
Thiet Bi Kts Phu Kien So,"Chuột Không Dây Bluetooth PIX-LINK P100B Chống Ồn, DPI 1600, Chế Độ Kép Wireless Usb 2.4Ghz, Bluetooth Dùng Cho Macbook, Laptop, PC - Hàng chính Hãng"
Thiet Bi Kts Phu Kien So,Miếng Lót Chuột Kai Hình Chữ Nhật Siêu Dễ thương Nhiều Mẫu Mới
Thiet Bi Kts Phu Kien So,Củ Sạc Cho iPhone 1A Hoco UH102 - Sạc 1A - 5W Chuẩn - Hàng Chính Hãng
Thiet Bi Kts Phu Kien So,"Đầu bút thay thế ngòi cao cấp dành cho Apple Pencil 1, 2, Pencil Pro - Apple Pencil Tips_ Hàng Chính Hãng"
Thiet Bi Kts Phu Kien So,Cáp mạng LAN CAT6 dây dẹt Ugreen 102DD50177NW 8M màu Đen hàng chính hãng
Thiet Bi Kts Phu Kien So,Ốp lưng iPhone 12/ 12 Pro Likgus viền màu - Hàng chính hãng
Thiet Bi Kts Phu Kien So,Cáp âm thanh Bông sen 2 ra 2 dương 3M màu Đen Ugreen 104GK10519AV Hàng chính hãng
Thiet Bi Kts Phu Kien So,Dây USB 3.0 đực sang đực mạ vàng dài UGREEN US116 (Đen) 10370  - Hàng chính hãng
Thiet Bi Kts Phu Kien So,Cáp chuyển đổi DisplayPort sang HDMI 1080P màu Đen Ugreen 40362MM137 Hàng chính hãng
Thiet Bi Kts Phu Kien So,Bao da 360 độ Dada dành cho iPad Air - Hàng chính hãng
Thiet Bi Kts Phu Kien So,Tẩu Sạc Cho Oto 2 Cổng- 2 Hốc Hoco Z28 - Hàng Chính Hãng
Thiet Bi Kts Phu Kien So,Bao Da Ipad Air 2 Smart Case SMARTCASEAIR2-BK - Đen - Hàng Nhập Khẩu
Thiet Bi Kts Phu Kien So,Ốp lưng cứng viền dẻo trong cho iPhone 17 Pro Max / 17 Air / 12 / 13 / 14 / 12 Pro / 12 Pro Max / 13 Pro / 13 Pro Max / 13 Mini / 14 / 14 Pro / 14 Pro Max / 15 Plus/ 15 Pro/ 15 Pro Max / 16 /16 Plus/ 16 Pro / 16 Pro Max - Hàng chính hãng
Thiet Bi Kts Phu Kien So,"Túi Chống Sốc Đựng Ipad Teement, Máy Tính Bảng 2 Ngăn Kèm Khe Cắm Bút, Có Quai Xách Nhiều Size 8in, 9.7in, 10.2in, 10.5in, 11in - Hàng Chính Hãng"
Thiet Bi Kts Phu Kien So,"Cặp mút bông 45mm / 50mm / 55mm / 60mm bọc đệm tai nghe chụp tai / trùm đầu / Headphone / Over Ear -  Giúp êm tai, lọc âm & tăng bass"
Thiet Bi Kts Phu Kien So,Apple Pencil 2023 USB-C MUWA3/ZP
Thiet Bi Kts Phu Kien So,CỐC SẠC NHANH 12W 2 CỔNG CHỐNG CHÁY NỔ HOCO C73 - CỦ SẠC ĐA NĂNG 2.4A CHO CÁC DÒNG ĐIỆN THOẠI CHÍNH HÃNG
Thiet Bi Kts Phu Kien So,Tai nghe Xiaomi Earphones Type C - Hàng Chính Hãng
Thiet Bi Kts Phu Kien So,Đồng hồ thông minh Xiaomi Redmi Watch 5 Active - GiaPhucStore | Hàng Chính Hãng
Thiet Bi Kts Phu Kien So,Tai nghe Bluetooth Truewireless JBL Wave Beam - Hàng Chính Hãng
Thiet Bi Kts Phu Kien So,Giá đỡ Laptop Giá Đỡ Tích Hợp Đế Tản Nhiệt Chống Trượt Tiện Lợi Cho Laptop 12 - 15Inch siêu xịn - Hàng Chính hãng MINIIN
Thiet Bi Kts Phu Kien So,Bàn phím cơ chơi game có dây E-Dra EK3287 - Led Rainbow - E-dra Switch - Hàng chính hãng
Thiet Bi Kts Phu Kien So,"Thẻ Nhớ Micro SD imou 64Gb/32Gb Micro SD Class 10, Thẻ nhớ camera, Thẻ nhớ điện thoại - Hàng chính hãng"
Thiet Bi Kts Phu Kien So,"Đồng hồ Thông minh gắn Sim nghe gọi Chống nước IP67 Gọi Video call Định vị GPS, WIfi dàn cho Trẻ em học sinh cấp 1 2 5 6 7 8 9 10 11 12 tuổi AMA Watch D32 Hàng nhập khẩu"
Thiet Bi Kts Phu Kien So,"Giá Đỡ Điện Thoại Khung Kim Loại Xoay 360 độ, Chân Đế Chống Lật, Tùy Chỉnh Nhiều Góc Độ, Dùng Để Livestream, Giải Trí, Học Online - HÀNG CHÍNH HÃNG"
Thiet Bi Kts Phu Kien So,Đồng hồ Thông minh Chống nước IP67 Dành cho Trẻ em nhuẩn AMA Watch Q16S Hàng chính hãng
Thiet Bi Kts Phu Kien So,Bàn phím cơ game Logitech G413
Thiet Bi Kts Phu Kien So,Chuột không dây bluetooth Logitech POP Mouse - Hàng chính hãng
Thiet Bi Kts Phu Kien So,Bao ốp bàn phím thông minh WIWU MagTouch dành cho iPad Gen 11 A16 - Hàng Chính Hãng
Thiet Bi Kts Phu Kien So,Jack chuyển USB type C bẻ góc 90 độ ra 3.5mm Headphone Audio Ugreen 154JC80384AV - Hàng chính hãng
Thiet Bi Kts Phu Kien So,"Thẻ nhớ chuyên camera Mirco SD HIKVISION  64G - 32GB - 92MB/s, chuyên ghi hình cho camera, máy ảnh, ... Hàng nhập khẩu"
Thiet Bi Kts Phu Kien So,Giá đỡ Điện thoại/Máy tính bảng năng động UGREEN LP106 - Hàng chính hãng
Thiet Bi Kts Phu Kien So,Đồng Hồ Thông Minh Trẻ Em Chống Nước Chuẩn IP67 AMA Watch Q12 Hàng nhập khẩu
Thiet Bi Kts Phu Kien So,Ốp lưng cho SamSung Galaxy Nte 20/ Note 20 Ultra chính hãng SULADA dạng da mềm
Thiet Bi Kts Phu Kien So,Thẻ Nhớ MicroSD SanDisk Ultra 32GB 100MB/s - Hàng Chính Hãng
Thiet Bi Kts Phu Kien So,Kính cường lực Kingkong chống nhìn trộm iPhone 12 series - Hàng chính hãng
Thiet Bi Kts Phu Kien So,Thảm da trải bàn làm việc 2 mặt cỡ 40 x 80 cm Deskpad - Hàng nhập khẩu
Thiet Bi Kts Phu Kien So,Radio Panasonic RF-P150
Thiet Bi Kts Phu Kien So,Giá đỡ Máy tính bảng năng động UGREEN LP115 50748 - Hàng Chính Hãng
Thiet Bi Kts Phu Kien So,Bộ Bàn Phím Giả Cơ và Chuột Chuyên Game G21 Led 7 Màu - Màu trắng
Thiet Bi Kts Phu Kien So,"Tai nghe chụp tai Logitech H150 - 2 jack 3.5mm, Mic khử giảm tiếng ồn, âm thanh nổi - Màu"
Thiet Bi Kts Phu Kien So,TAI NGHE WIWU AI OWS – DỊCH NGÔN NGỮ THỜI GIAN THỰC BẰNG AI | MODEL AI303  WiWU AI OWS (AI3 - HÀNG NHẬP KHẨU
Thiet Bi Kts Phu Kien So,"Tai nghe chụp tai bluetooth không dây âm Bass sâu trầm ấm có mic đàm thoại chống ồn, độ trễ cực thấp, gập gọn chơi game - HÀNG CHÍNH HÃNG"
Thiet Bi Kts Phu Kien So,Pin sạc dự phòng Baseus EnerFill FP11 10000mAh 15W Dual-Port - Hàng chính hãng
Thiet Bi Kts Phu Kien So,"Loa vi tính để bàn SUPER BASS cực đã dòng loa cao cấp cho laptop, pc, điện thoại MÀU ĐEN 106x66mm - Hàng Chính Hãng "
Thiet Bi Kts Phu Kien So,"Bao Da Chính Hãng Nillkin Qin Dành Cho Samsung Galaxy S25 Ultra Cao Cấp, Có Ngăn Chứa Thẻ - Hàng chính hãng"
Thiet Bi Kts Phu Kien So,"Tai nghe điện thoại Sam sung S20, S20+, S20 Ultra, cổng type C - Hàng chính hãng"
Thiet Bi Kts Phu Kien So,Razer Viper V3 Pro - Chuột Gaming Không Dây |Form Đối Xứng | Siêu Nhẹ | Polling 8K Hz | DPI 35K | Switch Quang học Gen 3 | Hàng Chính Hãng
Thiet Bi Kts Phu Kien So,"Bao da case ốp silicone kèm bàn phím bluetooth dành cho ipad 10.2, 10.5, 10.9, Pro 11 inch - Hàng chính hãng"
Thiet Bi Kts Phu Kien So,Tai Nghe Bluetooth Thể Thao Truyền Âm Thanh Qua Xương SHOKZ OPEN MOVE S661  - Hàng chính hãng - Pin sử dụng trong 6 tiếng - Kháng nước IP55
Thiet Bi Kts Phu Kien So,"Bộ Dụng Cụ Vệ Sinh Tai Nghe, Bàn Phím Máy Tính Đa Năng 7 Trong 1, Nhỏ Gọn, Tiện Lợi - Hàng Chính Hãng"
Thiet Bi Kts Phu Kien So,Đồng hồ Thông minh Trẻ em Tiểu học THCS THPT Smart Watch AMA HW13 mini Định vị Wifi lắp Sim 4G độc lập Chống nước Kích thước nhỏ gọn Hàng nhập khẩu
Thiet Bi Kts Phu Kien So,"Bao Da Dạng Ví Dành Cho iPhone 14, 14 Plus , 14 Pro Max , 14 Pro Chính Hãng Forwenw Chất Liệu Da PU Cao Cấp, Có Ngăn Đựng Thẻ Và Tiền - Hàng Chính Hãng"
Thiet Bi Kts Phu Kien So,"Cáp Sạc nhanh 20W tự ngắt Gen2 có đèn led báo Baseus Explorer Series cho iPhone13,12,11.....8plus/ iPad (Type C to IP Auto Power-Off, PD 20W Fast Charging Data Cable )- Hàng chính hãng"
Thiet Bi Kts Phu Kien So,"Loa Vi Tính V196 Bản Nâng Cấp - Bass Êm, Âm Thanh Siêu Trầm - Công Suất 6W - Hàng Chính Hãng"
Thiet Bi Kts Phu Kien So,"Cáp sạc nhanh, truyền dữ liệu tốc độ cao siêu bền Type C to IP Baseus Crystal Shine Series Fast Charging Data Cable 20W- Hàng chính hãng"
Thiet Bi Kts Phu Kien So,"Giá Đỡ Điện Thoại , Máy Tính Bảng Có Thể Gấp Gọn, Chống Trượt, Tùy Chỉnh Độ Cao - Hàng CHÍNH HÃNG - LOẠI 1"
Thiet Bi Kts Phu Kien So,Cáp sạc nhanh Type C to IP 20W Baseus High Density Braided dùng cho iPhone 12/11/XS Max Series- Hàng nhập khẩu
Thiet Bi Kts Phu Kien So,"Cáp sạc nhanh 100W type c to type c Baseus Cafule Series Metal - dây sạc 2 đầu type c bọc dù dài 1m 2m cho androi samsung oppo,...vv - hàng chính hãng"
Thiet Bi Kts Phu Kien So,Đầu jack chuyển đổi âm thanh từ cổng 3.5mm cái sang cổng 6.5mm đực Ugreen 20503 - Hàng chính hãng
Thiet Bi Kts Phu Kien So,Cáp 3.5mm TRS ra 6.35mm TS Stereo Pro Audio mạ vàng 24K 1M màu xám đen  Ugreen 127AT10625AV Hàng chính hãng
Thiet Bi Kts Phu Kien So,"Chuột máy tính có dây G5 ES, chuột gaming DPI 4 cấp độ, hiệu ứng đèn nền 7 màu- Hàng nhập khẩu"
Thiet Bi Kts Phu Kien So,Thẻ nhớ MicroSDXC SanDisk Ultra A1 64GB 100MB/s SDSQUNR-064G-GN3MN - Hàng Chính Hãng
Thiet Bi Kts Phu Kien So,Bộ giá đỡ Điện thoại/Macbook/Laptop NILLKIN Bolster Mini Portable Stand - Hàng Nhập Khẩu
Thiet Bi Kts Phu Kien So,Thẻ nhớ MicroSD Kioxia 64GB Class 10 - Hàng Nhập Khẩu
Thiet Bi Kts Phu Kien So,Chuột Không Dây HXSJ X50 Plus - Hàng Chính Hãng
Thiet Bi Kts Phu Kien So,Chuột Không Dây Sạc Điện HXSJ M80 - Hàng chính hãng
Thiet Bi Kts Phu Kien So,"Chuột Văn Phòng, Chuột Game Có Dây A867 HXSJ - Hàng chính hãng"
Thiet Bi Kts Phu Kien So,Dung Dịch Làm Sạch Bo Mạch Điện Tử Mr MCKENIC - Hàng chính hãng
Thiet Bi Kts Phu Kien So,"Đỏ - Dây cáp sạc nhanh Type-C dài 2M hiệu Baseus Cafule Type C to Type C PD truyền data tốc độ cao  cho Smartphone / Tablet / Macbook / Laptop Type C Samsung Huawei Oppo Xiaomi (3A, 60W, Sạc nhanh PD, Sạc nhanh QC 4.0 Quick Charge)-Hàng nhập khẩu"
Thiet Bi Kts Phu Kien So,Dây HDMI 1.4 thuần đồng 19+1 Dài 5M UGREEN HD104 10109 - Hàng chính hãng
Thiet Bi Kts Phu Kien So,Cáp Máy In Ugreen 10329 (5m) - Hàng Chính Hãng
Thiet Bi Kts Phu Kien So,Bộ Bàn Phím Và Chuột Có Dây Logitech MK200 - Hàng Chính Hãng
Dien Gia Dung,Máy phun sương tạo ẩm Half Horse Jellyfish JS025 nhỏ gọn trang nhã. Hàng chính hãng
Dien Gia Dung,"Nồi nấu chậm đa năng Locknlock EJP164IVY - Multi function slow cooker 220V, 50Hz, 350W - Dung tích 2.5L - Hàng chính hãng"
Dien Gia Dung,Lò vi sóng có nướng Electrolux EMG23D22B 23 lít - Hàng chính hãng
Dien Gia Dung,"Máy Cạo Râu Mini 2 Lưỡi Cạo Nổi - (Tặng kèm 2 lưỡi cạo thay thế ) Máy Cạo Râu Đa Năng Đầu Cạo Chống Nước, cạo sạch chân râu, dung lượng pin lớn Hàng chính hãng"
Dien Gia Dung,Quạt sưởi hai chiều Tiross TS946 - Hàng chính hãng
Dien Gia Dung,Bàn ủi hơi nước cầm tay Philips STH3000/20  - Hàng chính hãng
Dien Gia Dung,"Quạt đá, quạt hơi nước, quạt điều  hoà 45L có bánh xe tặng kèm 2 hộp đá khô, Hàng chính hãng"
Dien Gia Dung,"Đầu, Lưỡi cho máy cạo râu Braun Series 5, 52B, 52S | Model Braun 5020, 5020S,5030, 5030S, 5040, 5040S, 5050, 5050CC Hàng chính hãng"
Dien Gia Dung,Bàn là Russell Hobbs 25090-56 One Temperature 2600W Nhập Đức Hàng Chính Hãng
Dien Gia Dung,Máy Làm Sữa Hạt SEKA SK320 PRO - Hàng Chính Hãng
Dien Gia Dung,"Máy sấy tóc ionity Panasonic EH-NE85-K645 bảo vệ tóc - Sấy siêu nhanh 2300W, hiệu suất sấy tương đương 2500W Hàng chính hãng"
Dien Gia Dung,Máy hút bụi không dây Elmich VCE-3927 - Hàng Chính Hãng
Dien Gia Dung,"Quạt đứng Toshiba F-LSD10(W)VN - Màu trắng - Điều khiển từ xa núm xoay vô cực - 9 cánh - DC inverter tiết kiệm điện 70% - 26 tốc độ gió - Màn hình LED hiển thị - Hàng chính hãng, bảo hành 12 tháng, chất lượng Nhật Bản"
Dien Gia Dung,Lõi lọc không khí Xiaomi Smart Air Purifier 4 Compact - Hàng Chính Hãng
Dien Gia Dung,Combo 3 bộ lọc thô 123 + 3 lõi số 1 cho máy Kangaroo Hàng chính hãng
Dien Gia Dung,Quạt Hút Thông Gió Âm Trần Senko HT200 (35W) - Hàng Chính Hãng
Dien Gia Dung,Đèn Sưởi Điện Halogen FUJIKA FJ-SC60 - Màu Ngẫu Nhiên - Hàng Chính Hãng
Dien Gia Dung,Máy Sấy Chăm Sóc Tóc Panasonic EH-NA45RP645 - Hàng Chính Hãng
Dien Gia Dung,Đầu hút bụi mũi khoan bằng nhựa Karcher
Dien Gia Dung,Quạt bàn đảo 4 Tấc chuyển hướng điện cao cấp Senko ( Hàng Chính Hãng ) BD1410
Dien Gia Dung,Hộp Chống Ồn Máy Xay Sinh Tố Công Nghiệp Jtc Omniblend - Nhập Khẩu Chính Hãng
Dien Gia Dung,Máy Pha Cà Phê Delonghi EC685.M - Hàng Chính Hãng
Dien Gia Dung,Máy sưởi gốm Elmich CHE-8645 - Hàng Chính Hãng
Dien Gia Dung,[GIFT] Hộp sấy giày LG PDKACC01.ASTD - Hàng chính hãng
Dien Gia Dung,Quạt Đứng Philips CX1220/00 - Hàng Chính Hãng
Dien Gia Dung,Lò chiên không dầu cao cấp 12L Elmich AFE-9158 - Hàng chính hãng
Dien Gia Dung,Máy xay đa năng 600ml BEAR QSJ- B02X5 (CH-4H02X)
Dien Gia Dung,Máy làm sữa hạt Bear 0.6L SB-SH06C 0.6L (600W) - Hàng chính hãng
Dien Gia Dung,Máy Xay Thịt SEKA SK2287 2 Cối - Hàng Chính Hãng
Dien Gia Dung,"Quạt Điều Hòa Hơi Nước Mini, Quạt Phun Sương Tạo Ẩm Làm Mát Để Bàn, Hẹn Giờ Thông Minh Tích Hợp Đèn Ngủ - HÀNG CHÍNH HÃNG MINIIN"
Dien Gia Dung,Bàn ủi khô philips DST0520/20 có men chống dính - Hàng chính hãng
Dien Gia Dung,"Máy Lọc Nước Nóng Lạnh 3M Full Models Chuẩn Nước Uống Trực Tiếp, Hiệu Suất 100% - Bộ Lọc Nhập Khẩu Mỹ, Hàng Chính Hãng"
Dien Gia Dung,Quạt treo tường Kangaroo KG724 - Hàng chính hãng
Dien Gia Dung,Bếp từ đơn Elmich 1832 hàng chính hãng
Dien Gia Dung,Quạt treo tường Senko TR1683 có remote điều khiển từ xa - Hàng chính hãng - Được chọn màu
Dien Gia Dung,Bếp Khè Gas Công Nghiệp Namilux Gang Đúc Nguyên Khối - Hàng Chính Hãng
Dien Gia Dung,Nồi cơm cao tần Toshiba RC-10IX1PV (1 Lít)- Hàng Chính Hãng
Dien Gia Dung,Nồi Cơm Điện Tử Toshiba RC-18DH2PV(W) (1.8 Lít) - Hàng chính hãng
Dien Gia Dung,Quạt điện cao cấp Senko TR1683 điều khiển từ xa bằng Remote màu ngẫu nhiên - Hàng chính hãng
Dien Gia Dung,Quạt treo 2 dây Senko ( Hàng Chính Hãng ) TC16
Dien Gia Dung,Quạt Lỡ Thân Sắt Senko LTS1636 (Hàng Chính Hãng) - Giao màu ngẫu nhiên
Dien Gia Dung,Bếp Nướng Điện Lock&Lock Electric Grill EJG231 (2000W) - Hàng Chính Hãng
Dien Gia Dung,Lò Nướng Sharp EO-A323RCSV-ST (32L) - Hàng Chính Hãng
Dien Gia Dung,Nồi Cơm Nắp Gài Midea MR-CM06SB – 0.6 Lít - Hàng chính hãng
Dien Gia Dung,Bình Thủy Điện Toshiba PLK-45SF(WT)VN (4.5L) - Hàng chính hãng
Dien Gia Dung,Máy Xay Sinh Tố Kuchenzimmer 700 ml-014779 - Hàng Chính Hãng
Dien Gia Dung,Máy xay sinh tố cầm tay Elmich 1000ml BLE9184 - Hàng chính hãng
Dien Gia Dung,"Máy Làm Sữa Hạt Daewoo 1.2L DWSM-1512, tặng Cẩm Nang 50 Công Thức - Máy Xay Nấu Đa Năng - Hàng chính hãng"
Dien Gia Dung,"Máy Đánh Trứng, Đánh Sữa Và Tạo Bọt Cafe Cầm Tay Di Động 3 Tốc Độ Sử Dụng Pin Sạc Cao Cấp - Hàng Nhập Khẩu"
Dien Gia Dung,"Máy Hút, Thổi Bụi Cầm Tay Mini Bản Cao Cấp, Máy Hút Bụi Giường Nệm, Ô Tô, Máy Tính - Hàng Nhập Khẩu"
Dien Gia Dung,Nồi chiên hơi nước TAPUHO TSF16 COLOR bản đặc biệt - Hàng Chính Hãng
Dien Gia Dung,Máy quạt làm mát không khí -CBAF1301D -NHẬP KHẨU CHÍNH HÃNG
Dien Gia Dung,Máy Hút Bụi Philips FC9570/01 - Hàng chính hãng
Dien Gia Dung,"Máy làm sữa hạt Bear 1,2L SB-SH12H (150W- 800W) - Hàng chính hãng"
Dien Gia Dung,"Quạt sạc tuần hoàn không khí Elmich CFE-8786, dung lượng pin lớn, hoạt động liên tục tới 10h, tạo nên luồng gió mạnh,  di chuyển linh hoạt 90° theo chiều ngang tạo luồng gió đa chiều, làm mát nhanh, dễ chịu - Hàng chính hãng"
Dien Gia Dung,Bếp điện từ đơn model KG20IC1 - Hàng chính hãng
Dien Gia Dung,"Lẩu điện Kangaroo KG45EH1, dung tích 4.5L, công suất 1300W, cấu trúc đĩa truyền nhiệt giúp truyền nhiệt nhanh và đều - Hàng chính hãng"
Dien Gia Dung,Bình đun siêu tốc Philips 1.7 lít HD9395/90 - Hàng chính hãng
Dien Gia Dung,Máy hút bụi không dây Elmich VCE-3928 - Hàng Chính Hãng
Dien Gia Dung,Máy cạo râu khô và ướt Philips S5880/20
Dien Gia Dung,Bếp điện từ Elmich ICE-1831 - Hàng chính hãng
Dien Gia Dung,Nồi cơm điện tử áp suất kép Cuckoo CRP-ST1010FW (1.8L) (màu trắng) - Hàng Chính Hãng
Dien Gia Dung,Nồi cơm điện cao tần Daewoo DWRC-G411IH 1.8L lòng nồi cực dày - Hàng chính hãng
Dien Gia Dung,Quạt đứng lỡ Senko L1638 ( Màu ngẫu nhiên) - Hàng chính hãng
Dien Gia Dung,"Máy Hút Bụi Cầm Tay Chính Hãng Hàng Nhập Khẩu Công Suất Cao-Nhỏ Gọn, Tiện Lợi - Hút Bụi Ô Tô, Giường Sofa, Bàn Làm Việc"
Dien Gia Dung,Bàn ủi hơi nước cầm tay STH3020/10 (1000W) - Hàng chính hãng 
Dien Gia Dung,Máy may Brother JK17B - Hàng chính hãng
Dien Gia Dung,Bếp điện từ đơn CANAVAL CA6618 - Hàng nhập khẩu
Dien Gia Dung,Nồi Chiên Không Dầu Điện Tử Lock&Lock EJF357BLK (5.2 Lít) - Hàng Chính Hãng
Dien Gia Dung,Bếp Hồng Ngoại Sunhouse SHD6011 (2000W) - Đen- hàng chính hãng
Dien Gia Dung,Bình Thủy Điện SRAPP SH-PD3875 3.8L  - Hàng Chính Hãng
Dien Gia Dung,Nồi Chiên Không Dầu Khổng Lồ 12 Lít Mishio MK393 1700W - Hàng chính hãng
Dien Gia Dung,"Bếp Điện Từ Đôi LocknLock EJI326WHT - Nhỏ Gọn, Mặt Kính, Khóa An Toàn, Hẹn Giờ - Hàng chính hãng"
Dien Gia Dung,"Nồi cơm điện tử Kangaroo 1.8L model KG18DR12, dung tích 1.8L, công suất 760W, công nghệ nấu 1D, thực hiện đa dạng món ăn với 10 chức năng cài đặt sẵn - Hàng chính hãng"
Dien Gia Dung,"Máy Làm Sữa Hạt Đa Năng BlueStone BLB-6028 -1,75 Lít - (900-1000W) -11 Chương trình - Lưỡi 6 cánh - Bảo hành 24 tháng - Hàng chính hãng"
Dien Gia Dung,Máy sấy tóc Elmich HDE-8590 - Hàng Chính Hãng
Dien Gia Dung,"Máy pha cà phê espresso CF05 PRO chuyên nghiệp toàn diện DIY, giảm áp tự động an toàn nâng cấp, Hàng Chính Hãng"
Dien Gia Dung,Máy pha cà phê Nespresso Essenza Mini Đen - Hàng chính hãng
Dien Gia Dung,Máy sưởi gốm Elmich THE-3938 - Hàng Chính Hãng
Dien Gia Dung,Máy thổi bụi 199V - THỔI HÚT 2 TRONG 1 - Máy thổi hút bụi công suất lớn 680W
Dien Gia Dung,Máy Hút Bụi Công Nghiệp Jetman 25L+30L+40L (Bảo hành 1 năm)
Dien Gia Dung,(Hàng chính hãng) Máy pha cà phê điện cầm tay Outin Nano Portable Espresso Machine
Dien Gia Dung,"Quạt cầm tay tích điện mini Half Horse, kết hợp gương soi tiện lợi. Hàng chính hãng"
Dien Gia Dung,"Lẩu điện Sunhouse SHD4523, Công suất 1300W, Dung tích 3.5 lít , Hàng chính hãng - Bảo hành 12 tháng"
Dien Gia Dung,Máy xay ăn dặm 0.6L Bear QSJ-D02Q1. HÀNG CHÍNH HÃNG
Dien Gia Dung,Nồi cơm nắp rời Toshiba RC-18MH1PV(F) 1.8 lít - Hàng Chính Hãng - Chỉ Giao Hồ Chí Minh
Dien Gia Dung,Nồi chiên không dầu kết hợp hấp Magic Korea A700 7L - Hàng chính hãng
Dien Gia Dung,"Nồi Lẩu Điện Mini Núm Xoay 2 Nấc Nhiệt Kèm Giá Hấp 1,8L, Ca Nấu Mì,Nấu Cơm Đa Năng 2 Tầng Cao Cấp- Chính Hãng MINIIN"
Dien Gia Dung,Máy Pha Cà Phê Espresso Zamboo ZB-68CF (3.5Bar) - Hàng Chính Hãng
Dien Gia Dung,Nồi chiên không dầu LocknLock EJF284BLK (5.5 Lít) - Hàng chính hãng
Dien Gia Dung,Quạt treo Senko T1682 (màu sắc ngẫu nhiên)
Dien Gia Dung,Bếp hồng ngoại Sanaky SNK-2524HGN- Hàng Chính hãng
Dien Gia Dung,Nồi chiên không dầu Daewoo DEF-DM555 (2.6L) - Hàng chính hãng
Dien Gia Dung,Máy hút bụi cầm tay Green Home GHA 585 - Hàng Chính Hãng
Dien Gia Dung,Bình Đun Siêu Tốc Philips HD9350/90 (1.7L) - Hàng chính hãng 
Dien Gia Dung,Máy lọc không khí Elmich APE9323 - Hàng chính hãng
Dien Gia Dung,"Tủ Sấy Quần Áo Cao Cấp SOWUN SW869S Hàng Chính Hãng, Cảm Ứng 1 Chạm, Công Nghệ Ion Âm Khử Khuẩn Và Sấy Tối Đa 30kg Quần Áo"
Dien Gia Dung,Vỉ nướng điện gấp gọn Elmich EGE-8579 - Hàng Chính Hãng
Dien Gia Dung,Máy hút bụi nệm giường DEERMA CM980 cao cấp lực hút 13000Pa - Hàng nhập khẩu
Dien Gia Dung,Bếp ga du lịch mini Namilux PL2302PF - Hàng chính hãng
Dien Gia Dung,[HÀNG HOT] Máy uốn tóc xoăn sóng nước kiểu Pháp cao cấp rãnh sâu 32mm
Dien Gia Dung,Bếp từ đôi Elmich ICE-3882 - Hàng chính hãng
Dien Gia Dung,Máy xay sinh tố Philips HR2221- HÀNG CHÍNH HÃNG
Dien Gia Dung,Máy Cạo Râu Panasonic ES534DP527 Dùng Pin AA - Hàng Chính Hãng
Dien Gia Dung,"Quạt Tích Điện Gấp Gọn - Quạt Mini Để Bàn Xoay 180 Độ, 3 Tốc Độ Gió, Cổng Sạc USB Có Thể Điều Chỉnh Độ Cao Siêu Tiện Lợi - HÀNG CHÍNH HÃNG MINIIN"
Dien Gia Dung,"Máy Cạo Râu Mini Bỏ Túi Cao Cấp, 3 Lưỡi Siêu Nhỏ Gọn Công Nghệ Nhật Bản, Siêu Bén, Siêu An Toàn, Công Suất Lớn"
Dien Gia Dung,Quạt đứng Kagaroo KG726 - Hàng Chính Hãng
Dien Gia Dung,Máy Xay Sinh Tố PHILIPS HR2041/10 450W - Hàng Chính Hãng
Dien Gia Dung,Nồi chiên không dầu kết hợp áp suất đa năng Elmich AFE-1808 - Hàng chính hãng
Dien Gia Dung,"Máy Xay Sinh Tố Đa Năng Mini Cầm tay Sạc Pin Tiện Dụng, Máy Xay 6 Lưỡi Thép Không Gỉ - Gọn Nhẹ - Hàng Chính Hãng MINIIN"
Dien Gia Dung,Máy sấy tóc Panasonic Nanoe EH-NA45RP645
Dien Gia Dung,"Hộp cơm hâm nóng cắm điện HT SYS - BUCOOK DFH C02 - 2 Lít 2 Tầng 4 Ngăn Có Thể Nấu Và Hâm Nóng Thức Ăn, Ruột Bằng Inox 304"
Dien Gia Dung,"Nồi chiên không dầu điện tử Tefal XL EY401D15, giỏ chiên 4.2L/1.2kg - Hàng chính hãng"
Dien Gia Dung,Lõi Lọc Diệt Khuẩn Cho Máy Lọc Không Khí Xiaomi Mi Air Purifier HEPA Filter Màu Xám - Hàng Chính Hãng
Dien Gia Dung,QUẠT ĐỨNG HẸN GIỜ SENKO DH1600 hàng chính hãng (Màu sắc ngẫu nhiên)
Dien Gia Dung, Máy Lọc Không Khí Hafele CF-8209  (Diện Tích Sử Dụng  55 - 60 m2) - Hàng Chính Hãng  
Dien Gia Dung,Nồi Lẩu Điện Sunhouse SH535L (3.5L)
Dien Gia Dung,Máy Nước Nóng Lạnh Toshiba RWF-W1669BV(K1) 650W - Hàng chính hãng
Dien Gia Dung,Quạt Bàn Đảo 3 Tấc Senko BD860 - Màu ngẫu nhiên - Hàng Chính Hãng
Lam Dep Suc Khoe,"Gối chườm nóng thảo dược đa năng cho vùng cổ, lưng bụng, đầu gối, giảm nhức mỏi, thư giãn, gối ngủ ngon dùng lò vi sóng làm nóng - Hapaku"
Lam Dep Suc Khoe,Bút Kẻ Mắt Nước Không Trôi Không Lem Nét Siêu Sắc Mãnh Kissme Heroine Make Eyeliner Smooth Keep 0.4 mL
Lam Dep Suc Khoe,Bao Cao Su Kéo Dài Thời Gian Quan Hệ và Có Gai Innova Đen - Hộp 3 Cái
Lam Dep Suc Khoe,Silcot Bông Đắp Dưỡng Miếng Đôi (40 miếng/hộp)
Lam Dep Suc Khoe,Hộp 50 que thử đường huyết dùng cho máy đo đường huyết OGCare
Lam Dep Suc Khoe,Kem Chống Nắng Cho Da Nhạy Cảm Cell Fusion C Derma Relief Sunscreen SPF50+/PA
Lam Dep Suc Khoe,Dung Dịch Vệ Sinh Phụ Nữ IM NATURE Gel Trầu Không 150ml Làm Hồng Giảm Nấm Ngứa Phụ Khoa An Toàn Bà Bầu Và Sau Sinh
Lam Dep Suc Khoe,"Nước tẩy trang bí đao Cocoon 500ml dành cho da dầu, da mụn thuần chay"
Lam Dep Suc Khoe,Nước Tẩy Trang làm Sạch Sâu Garnier Micellar Cleansing Water
Lam Dep Suc Khoe,"Viên uống Giải độc gan cà gai leo xạ đen, hộp 60 viên"
Lam Dep Suc Khoe,"Viên Uống Solgar Vitamin E 400 IU - Bổ Sung Vtamin E, Hỗ Trợ Làm Đẹp Da, Ngăn Ngừa Lão Hóa [ 50 Viên]"
Lam Dep Suc Khoe,Combo 5 Khẩu Trang 3D Kháng Khuẩn NH
Lam Dep Suc Khoe,Sữa tắm xích hương hoa sen Tesori D’ Oriente Lotus Flower  250ml + Móc khóa
Lam Dep Suc Khoe,BLACK ROUGE Son kem lì Double Layer Over Velvet 4.1g
Lam Dep Suc Khoe,"Combo 4 hộp khẩu trang y tế korea, bốn lớp (tương đương 200 chiếc)"
Lam Dep Suc Khoe,Thực phẩm bảo vệ sức khỏe Viên uống làm đẹp da DHC Collagen Nhật Bản 30 Ngày
Lam Dep Suc Khoe,Máy massage đeo tay Phú Quý (tặng kèm 1 bộ than)
Lam Dep Suc Khoe,Thỏi chống nắng cấp ẩm mát da OHUI Day Shield Aqua Sun Stick To Go SPF50+/PA++++ 14g
Lam Dep Suc Khoe,Máy Đo Đường Huyết Sinocare Safe Accu (25 Que Và 25 Kim)
Lam Dep Suc Khoe,"Dụng Cụ Lấy Ráy Tai, Bộ Ngoáy Tai 6 Chiếc KUNBE, Chất Liệu Inox Cao Cấp Giúp Vệ Sinh Tai An Toàn, Chuyên Nghiệp"
Lam Dep Suc Khoe,Bột nhuộm tóc thảo dược HERBUL - nhập khẩu từ Ấn Độ
Lam Dep Suc Khoe,Nước Hoa Nam Laurelle London Twisted Soul Black 20Ml
Lam Dep Suc Khoe,"Miếng Dán Ngải Cứu Thảo Mộc Giảm Mỡ Bụng, Giữ Ấm Cơ Thể, Hỗ Trợ Tan Mỡ, Thải Độc, An Toàn Tự Nhiên - HÀNG CHÍNH HÃNG MINIIN"
Lam Dep Suc Khoe,"Cân Sức Khỏe Điện Tử Omron HN-289 Cảm Biến Thông Minh, Mặt Kính Cường Lực Chịu Tải Trọng Tốt"
Lam Dep Suc Khoe,"Chai xịt lạnh siêu tốc Ligpro 200ml, dùng trong chấn thương thể thao"
Lam Dep Suc Khoe,Ống hít thông mũi con ó Eagle Inhaler (1.1g) - Hàng chính hãng
Lam Dep Suc Khoe,"Máy trị liệu 4 miếng dán sonic (hỗ trợ đấm bóp ,trị liệu châm cứu, massage)"
Lam Dep Suc Khoe,"Máy tăm nước cá nhân không dây Waterjet Flosser Cordless Maxi (4 đầu tăm, dùng được cho người niềng răng) - Bảo Hành 12 tháng"
Lam Dep Suc Khoe,Sáp Khử Mùi Enchanteur Sáng Da 40g
Lam Dep Suc Khoe, Trà ổi giảm cân Orihiro Nhật Bản (60 gói) tặng gói trà sữa hoặc cafe ngẫu nhiên
Lam Dep Suc Khoe,Combo 3 Giấy Thấm Dầu Mayan Than Hoạt Tính (100 Tờ)
Lam Dep Suc Khoe,"Muối Ngâm Chân Thảo Dược, Muối Hồng Hymalaya, Giảm Đau Nhức Chân, Lưu Thông Máu,Giúp Ngủ Ngon"
Lam Dep Suc Khoe,Dụng Cụ Diện Chẩn Dò Đồng
Lam Dep Suc Khoe,Tinh nghệ nếp đỏ Mộc Lan (hộp 250g )
Lam Dep Suc Khoe,Sữa Tắm Refresh Naïve (530ml)
Lam Dep Suc Khoe,Cao Đốt Mỡ Lá Rừng Dr Cell 150g + TẶNG QUẦN HỖ TRỢ GIẢM MỠ (Quần đổ mồ hôi)
Lam Dep Suc Khoe,"Cân Điện Tử Sức Khoẻ Bluetooth Phân Tích Chỉ Số Cơ Thể Kết Nối Điện Thoại Qua Bluetooth Màn Hình LCD HD, Độ Chính Xác Cao Màu Đen"
Lam Dep Suc Khoe,[MẪU MỚI] Lăn khử mùi dành cho nữ Aquaselin 50ml (loại nhẹ)
Lam Dep Suc Khoe,"Gối massage hồng ngoại trị liệu 16 bi - Máy massage Cổ, Vai, Gáy, Lưng, Eo"
Lam Dep Suc Khoe,"Đai thắt lưng hỗ trợ cột sống ORBE OLUMBA cho người đau lưng, thoát vị đĩa đệm thoái hóa đốt sống - Hàng chất lượng cao"
Lam Dep Suc Khoe,Nước hoa nữ Iris Adore 50ml
Lam Dep Suc Khoe,"Mần đậu nành Healthy Care Super Lecithin Úc Tăng cường chức năng gan khỏe mạnh, nâng cao sức khỏe, sắc đẹp từ bên trong - QuaTangMe Extaste"
Lam Dep Suc Khoe,Bút Cushion Che Khuyết Điểm Đa Năng Instant Age Rewind Eraser Multi-use Concealer Maybelline New York 6ml
Lam Dep Suc Khoe,Miếng Dán Thải Độc Tố KENKO 30 Miếng NHẬT BẢN
Lam Dep Suc Khoe,Nước Tẩy Trang Làm Sạch Sâu Và Kiểm Soát Bã Nhờn Cho Da Dầu Và Da Mụn La Roche Posay Effaclar Micellar Water 100ml
Lam Dep Suc Khoe,Vỉ 100 lưỡi lam Gillette super thin màu đỏ siêu bén MẪU MỚI ( Hộp lưỡi lam 5*20)
Lam Dep Suc Khoe,"Xịt Thơm Miệng Fresh Talk 20ml The Mát Vị Bạc Hà, Chanh - Nhập Khẩu Anh Quốc"
Lam Dep Suc Khoe,Lược Sừng Cao Cấp TOKDODO Kiểu Trơn Đủ Kích Cỡ
Lam Dep Suc Khoe,Bao Cao Su Kéo Dài Thời Gian Cá Ngựa Power Men Longer Plus Type (H12) - 100% Hàng Chính Hãng - Che Tên Sản Phẩm
Lam Dep Suc Khoe,Sơn Gel Vinimay Base Top Bóng Cứng Móng Top Lỳ Cường Lực
Lam Dep Suc Khoe,[Chai 100ml] Dung dịch vệ sinh nam hương thơm nam tính - Shell Masculine Scents
Lam Dep Suc Khoe,Tinh chất dưỡng trắng da Lá House Astalock Concentrated Essence 15ml/30ml
Lam Dep Suc Khoe,Combo Đai Chườm Nóng Thảo Dược Giảm Đau Cổ Gáy Hapaku + Tấm Thảo Dược Thay Thế
Lam Dep Suc Khoe,Tinh dầu Bưởi da xanh 100ml Mộc Mây  - tinh dầu nguyên chất 100% từ thiên nhiên
Lam Dep Suc Khoe,Nước hoa Armaf Club De Nuit (10ml) - Hàng chính hãng
Lam Dep Suc Khoe,Mút tán nền Basicare nhỏ gọn tiện dụng
Lam Dep Suc Khoe,Lược sừng răng thưa cho mọi loại tóc (Size: L - 18cm) COH166 - Chăm sóc tóc
Lam Dep Suc Khoe,"Hộp Dầu Gội Nhuộm Tóc, Thảo Dược Màu Nâu Cà Phê, Mankani [250ml - Chính Hãng"
Lam Dep Suc Khoe,Sữa Rửa Mặt Dịu Nhẹ Cho Da Nhạy Cảm Cetaphil Gentle Skin Cleanser 1000ml
Lam Dep Suc Khoe,Tinh dầu Cỏ Xạ Hương (Thyme Essential Oil) nguyên chất từ thiên nhiên - KingOil
Lam Dep Suc Khoe,Nước rửa tay Premium Hand Soap Mr Fresh Hàn Quốc 5L
Lam Dep Suc Khoe,Kem nhuộm tóc Salon de Pro 4 - Màu nâu nhạt
Lam Dep Suc Khoe,"Bộ dụng cụ lấy ráy tai inox cao cấp- Bộ ngoáy tai y tế inox 304- Dụng cụ lấy ráy tai chuyên nghiệp- Bộ vệ sinh tai không đau, an toàn- Bộ dụng cụ ngoáy tai chống gãi rát- Que lấy ráy tai đa năng bằng thép không gỉ"
Lam Dep Suc Khoe,Bao cao su Sagami Tight Fit - Thiết kế lượn sóng - Hộp 12 chiếc
Lam Dep Suc Khoe,"Nhiệt Ẩm Kế Tanita TT-513 đo nhiệt độ phòng, độ ẩm"
Lam Dep Suc Khoe,"Máy Massage Mắt Chiếc Bút Chống Thâm Quầng, Thư Giãn Bọng Mắt Mini - Có Hàng Sẵn (Hàng Chính Hãng)"
Lam Dep Suc Khoe,Bộ Đổi Nguồn Dùng Cho Máy Đo Huyết Áp Omron - Ac Adapter (Bộ Thường)
Lam Dep Suc Khoe,Kem Đánh Răng MEDIAN DENTAL IQ 93% 120g - MEDIAN GUM SCIENCE 87% - 93% 120g
Lam Dep Suc Khoe,Xịt ngăn mùi NIVEA MEN Cool Kick Extra Dry Mát Lạnh - Siêu Khô Thoáng (150ml) - 83165
Lam Dep Suc Khoe,Bông rửa mặt bọt biển massage mặt Aroma tặng kèm móc khoá
Lam Dep Suc Khoe,Tinh dầu Hoa Hồng nguyên chất từ thiên nhiên - KingOil
Lam Dep Suc Khoe,Floslek Pharma Kem Kiểm Soát Dầu Và Điều Tiết Nhờn Mattifying Cream 50ml
Lam Dep Suc Khoe,Sữa rửa mặt dạng bùn Trà tràm – Naruko Tea Tree Purifying Clay Mask and Cleanser in 1 (120g)
Lam Dep Suc Khoe,Combo 5 Bông tẩy trang Jomi 120 miếng/gói
Lam Dep Suc Khoe,Combo 10 Mặt Nạ BNBG Phục Hồi Thư Giãn Da Vita Genic Relaxing Jelly Mask 30ml x10
Lam Dep Suc Khoe,"Lược Gỗ Đàn Hương Đầu Cá Heo Massage Kinh Tuyến, Da Đầu"
Lam Dep Suc Khoe,Sữa Tắm Enchanteur Dưỡng Da Thiên Nhiên Lavender 510g
Lam Dep Suc Khoe,[Webber Naturals] Viên Uống Bổ Sung Magnesium Bisglycinate 200mg - 120 Viên - Hàng Công Ty
Lam Dep Suc Khoe,"Dung dịch dưỡng trắng, cải thiện thâm nám, đốm nâu Melano CC Whitening Lotion (Rich Type)"
Lam Dep Suc Khoe,VIÊN UỐNG BỔ SUNG MAGIE HỖ TRỢ CƠ BẮP LAC MAGNESIUM 250MG (90 VIÊN)
Lam Dep Suc Khoe,Nước sen Hậu Giang (toner) giúp phục hồi cho da rất nhạy cảm Cocoon 310ml
Lam Dep Suc Khoe,Lăn Khử Mùi Hương Vip Romano 50Ml
Lam Dep Suc Khoe,Bộ 6 gói băng vệ sinh Diana hàng ngày kháng khuẩn gói 20 miếng
Lam Dep Suc Khoe,Nước tẩy trang dưỡng ẩm và làm sáng da hatomugi 500ml/chai
Lam Dep Suc Khoe,Bọt cạo râu Gillette Foamy Methol  175g hương chanh và hương bạc hà
Lam Dep Suc Khoe,[100 Cái 5D] Thùng/Combo Khẩu Trang Y Tế Kháng Khuẩn 5D An Tâm -100 Cái/10 Túi
Lam Dep Suc Khoe,  Combo 4 băng vệ sinh Kotex đêm dạng quần cỡ M/L (2 miếng/Gói)
Lam Dep Suc Khoe,Xịt chống muỗi Rohto Mentholatum Remos Hương Sả Chanh 150ml
Lam Dep Suc Khoe,"Bàn chải kẽ răng góc TePe Angle – đầu nhỏ, dễ chải kẽ răng sau (Vỉ 6 cây) - Nhập Khẩu Thuỵ Điển"
Lam Dep Suc Khoe,"Bao cao su Combo mỏng mịn, không mùi - Hộp 10 cái"
Lam Dep Suc Khoe,COMBO 2 HỘP BAO CAO SU DUREX INVISIBLE EXTRA THIN EXTRA SENSITIVE 10S (10 bao/hộp)
Lam Dep Suc Khoe,Kem đánh răng Sensodyne Rapid Action 100g
Lam Dep Suc Khoe,[Tặng Hộp 15v] Combo 2 Hộp 60v - Viên Uống Giảm Đau Xương Khớp JEX Ecogreen Tái Tạo Sụn Khớp
Lam Dep Suc Khoe,Son thỏi dưỡng môi trang điểm chất son satin Lip On Lip Glowy Satin 2.2g
Lam Dep Suc Khoe,Xịt Ngăn Mùi NIVEA MEN Black&White Ngăn Vệt Ố Vàng Vượt Trội - Hương Nhẹ Nhàng (150 Ml) - 82241
Lam Dep Suc Khoe,Bộ đôi Kem chống nắng dạng sữa dưỡng da kiềm dầu bảo vệ hoàn hảo + Kem chống nắng dạng gel dưỡng ẩm bảo vệ hoàn hảo (Anessa Gold Milk 60ml + Gold Gel 90g)
Lam Dep Suc Khoe,Chai Xịt Bamboo Delay Spray (12ml) Chống Xuất Tinh Sớm Hiệu Quả Cho Nam Giới - Kèm BCS Powermen (1c) Và Gel Gói Jex Nhật - Che Tên Sản Phẩm
Lam Dep Suc Khoe,Xịt khử mùi dưỡng trắng hương nước hoa Refre Whitening Perfume In Love - Hương Tình Yêu 30ml
Lam Dep Suc Khoe,Combo 10 Mặt Nạ BNBG Dưỡng Trắng Da Vita Genic Whitening Jelly Mask 30ml x10
Lam Dep Suc Khoe,Đai Gối Hơi Đỡ Cổ Massage Hỗ Trợ Điều Trị Kéo Dãn Đốt Sống Cổ KUNBE ( Bóng Kim Loại )
Lam Dep Suc Khoe,Bộ 3 Kem đánh răng Maxfresh Bamboo Charcoal 225g
Lam Dep Suc Khoe,Dầu gội đầu Clear Mát Lạnh Bạc Hà sạch gàu ngứa và vi khuẩn suốt 48 Giờ 880g
Lam Dep Suc Khoe,Dầu gội ngăn rụng tóc 50 Megumi Hair Fall Control Shampoo 250ml
Lam Dep Suc Khoe,Bao cao su Durex Sensual Strawberry hộp 3 bao
Lam Dep Suc Khoe,Dung dịch dưỡng ẩm tối ưu Hada Labo Advanced Nourish Lotion dùng cho da thường và da khô 100ml
Lam Dep Suc Khoe,Dung dịch dưỡng ẩm tối ưu Hada Labo Advanced Nourish Lotion dùng cho da dầu 100ml
Lam Dep Suc Khoe,"Lăn Khử Mùi Etiaxil Détranspirant Traitement Aisselles Peaux Sensibles 15ml (Dành cho da hỗn hợp, da nhạy cảm)"
Lam Dep Suc Khoe,Kem nứt gót Oriss dưỡng ẩm làm mềm gót chân hạn chế nứt nẻ gót chân 30g
Lam Dep Suc Khoe,Khẩu trang Karibon Cotton họa tiết Nhật Bản
Lam Dep Suc Khoe,Combo 6 Băng Vệ Sinh Diana Sensi Siêu Mỏng Cánh (Gói 8 Miếng)
Lam Dep Suc Khoe,"Kem chống nắng Skin Aqua dưỡng ẩm, dạng sữa dùng hàng ngày Sunplay Skin UV Moisture SPF 50, PA++++ 30g"
Lam Dep Suc Khoe,Lăn Khử Mùi Romano Attitude 50ml - 1412046
Lam Dep Suc Khoe,Sữa Tắm Nước Hoa Enchanteur Charming 650g
Lam Dep Suc Khoe,Dầu gội Sunsilk Óng Mượt Rạng Ngời 900g
Lam Dep Suc Khoe,Chì Kẻ Mày Glamrr Q Bền Màu Thuần Chay VEGAN SUPER STAY BROW PENCIL (0.08g)
Lam Dep Suc Khoe,Gel rửa mặt kiêm tẩy tế bào chết tinh chất bưởi hồng danh cho da dầu mụn 150ml
Lam Dep Suc Khoe,[MỚI] Bộ 5 gói khẩu trang chống nắng Unicharm UV Mask 5 miếng
Lam Dep Suc Khoe,Mặt nạ nghệ Hưng Yên  Cocoon 100ml
Lam Dep Suc Khoe,Bộ 3 Gói Băng Vệ Sinh Diana Hàng Ngày Cool Fresh (40 miếng/Gói)
Lam Dep Suc Khoe,Lăn Ngăn Mùi NIVEA MEN Deep Than Hoạt Tính (50 ml) - 80031
Lam Dep Suc Khoe,Phấn Má Hồng Mịn Lì Kiềm Dầu Chuẩn Màu mude Flutter Blusher (5g)
Lam Dep Suc Khoe,Xịt Ngăn Mùi NIVEA Pearl&Beauty Dưỡng Sáng Da Ngọc Trai (150 ml) - 83731
Lam Dep Suc Khoe,Combo 4 gói Băng Vệ Sinh Kotex Bảo Vệ Toàn Diện 23cm Siêu Mỏng Cánh - Gói 8 miếng
Lam Dep Suc Khoe,Dầu Gội REJOICE chai 630ml Hoa Hồng Jeju
Lam Dep Suc Khoe,Dưỡng Chất L'oreal Revitalift Hyaluronic Acid Serum Căng Mịn và Sáng Da 30ml
Lam Dep Suc Khoe,Kỷ tử organic Ninh Hạ Kingdom Herb chính hãng thượng hạng hộp 90g - KQ
Lam Dep Suc Khoe,"Gôm xịt tóc tạo kiểu siêu cứng, giữ nếp lâu Mugens Hair Spray Hàn Quốc 300ml + Móc khóa"
Lam Dep Suc Khoe,Chai xịt hỗ trợ nam giới Powergra For Men - Chai 13ml
Lam Dep Suc Khoe,"Lược nhuộm tóc, Dầu gội Phủ Bạc thảo dược, 350ml, Komi Nhật Bản"
Lam Dep Suc Khoe,Viên uống Bổ sung Kẽm DHC Zinc - 60 Ngày 60 Viên
Lam Dep Suc Khoe,Bộ đai chườm nóng thảo dược giảm đau vai gáy dùng điện - Hapaku
Lam Dep Suc Khoe,Dung dịch tẩy tế bào chết Paula’s Choice Skin Perfecting 2% BHA Liquid Exfoliant 118 ml-2010
Lam Dep Suc Khoe,Dầu Gội HEAD & SHOULDERS Antibac Làm Sạch Vi Khuẩn Chai 850ML
Lam Dep Suc Khoe,Sữa dưỡng thể Vaseline Intensive Care Essential Healing Lotion 725ml Vàng Mẫu mới
Lam Dep Suc Khoe,Kem dưỡng trắng dạng gel giúp cải thiện thâm sạm Melano CC Whitening Gel 100g
Lam Dep Suc Khoe,50 Que Thử Đường Huyết  Dùng Cho Máy Safe AQ UG Kèm 50 Kim Chích Máu Sinocare
Lam Dep Suc Khoe,"Son dưỡng môi chuyên biệt dành cho môi khô, nứt nẻ Mentholatum Medi Lip Stick 4.3g"
Lam Dep Suc Khoe,Lăn Khử Mùi ETIAXIL Détranspirant Traitement Aisselles Peaux Normales 15ml (Dành Cho Da Thường) + Tặng 1 Móc Khóa Nhựa 2 Mặt
Lam Dep Suc Khoe,Dung dịch vệ sinh phụ nữ PH Care 150ml - Nhập khẩu chính hãng - Hương hoa ly
Lam Dep Suc Khoe,Sữa rửa mặt hỗ trợ trị mụn Senka Perfect Whip Acne Care 100g
Lam Dep Suc Khoe,"Khung tập đi LUCASS W9 - Có ghế ngồi bọc da cho người già, người khuyết tật - HÀNG CHÍNH HÃNG"
Lam Dep Suc Khoe,Kem đánh răng SENSODYNE Cool Gel - mát lạnh (100g)
Lam Dep Suc Khoe,Bộ máy đo đường huyết Safe Accu tặng 1 hộp 50 que thử và hộp 50 kim chích máu
Lam Dep Suc Khoe,Kem chống nắng dạng tinh chất Senka Perfect UV Essence 50g
Lam Dep Suc Khoe,"20 Cặp nút tai chống ồn 3M 1100, không dây"
Lam Dep Suc Khoe,Bông tẩy trang bạch tuyết 500g (0.5kg)
Lam Dep Suc Khoe,Bộ 3 Kem đánh răng Colgate Sensitive ngăn ê buốt và bảo vệ toàn diện 110g/tuýp
Lam Dep Suc Khoe,Sữa Dưỡng Thể Dưỡng Trắng NIVEA Giúp Phục Hồi & Chống Nắng SPF 30 (350ml) - 88311
Lam Dep Suc Khoe,Combo 6 Băng Vệ Sinh Diana Siêu Thấm Siêu Mỏng Không Cánh (Gói 8 Miếng)
Lam Dep Suc Khoe,Dầu Gội Romano Deluxe Classic (650g)
Lam Dep Suc Khoe,Lưỡi Dao Cạo Râu Gillette Power Fusion
Lam Dep Suc Khoe,Dầu Xả Pantene Suôn Mượt Óng Ả Chai 650ml
Lam Dep Suc Khoe,Dầu Tắm Gội 2 Trong 1 Dành Cho Nam Romano Classic (650g)
O To Xe May Xe Dap,"Kích bình ô tô kiêm bơm lốp 4 trong 1 UCAR J-02Plus 10000mAh Tích hợp sạc dự phòng và đèn pin chiếu sáng, kẹp thông minh xiaomi"
O To Xe May Xe Dap,"Khóa Xe Đạp, Xe Máy 5 Số, Siêu Bền, Khó Cắt  Có Thể Thay Đổi Mặt Khẩu Theo Ý Muốn- Hàng Chính Hãng"
O To Xe May Xe Dap,Xe Máy Honda Air Blade 160 2026 - Phiên Bản Thể Thao
O To Xe May Xe Dap,Chuông Xe Đạp Kim Loại Âm Thanh Lớn Lắp Mọi Dòng Xe - Hàng chính hãng dododios
O To Xe May Xe Dap,Xe đạp thể thao TEKKO G1 20 inch - xe đạp gấp đôi - gấp khung tiện lợi
O To Xe May Xe Dap,Xe máy Honda Super CUB C125 Phiên bản Tiêu chuẩn
O To Xe May Xe Dap,Nhớt Xe Ga Cao Cấp Liqui Moly Scooter Race 10W40 20826 1L Chính Hãng
O To Xe May Xe Dap,[Ngầu] Móc Treo Titan Chữ U Dành Cho Xe Máy - KLVQ-MTTU (Trộn 7 Màu)
O To Xe May Xe Dap,Nón bảo hiểm 3/4 ROYAL M139 có kính âm màu VÀNG NGHỆ BÓNG
O To Xe May Xe Dap,Sáp thơm ôtô thiên nhiên tiện ích Acana 130g (hương dứa)
O To Xe May Xe Dap,"Bơm Xe Đạp Deli Đạp Chân, Tay Chính Hãng - Siêu Nhẹ, Dễ Dàng Di Chuyển - Áp Suất Cao - DL880002|4|5|6"
O To Xe May Xe Dap,"Quây chống chuột ô tô, lưới chống chuột ô tô hàng cao cấp loại 1 tặng kèm dây cáp và ổ khóa"
O To Xe May Xe Dap,Đầu bơm xe ô tô - xe máy -đồng hồ đo lốp xe Nhật Kapusi
O To Xe May Xe Dap,"Xe đạp Thống Nhất mini New 24, 26 inch - Phù hợp với người cao từ 1m35 trở lên"
O To Xe May Xe Dap,"Xe đạp thể thao Limit Racing Vành đúc 6 đao, 3 đao nhiều màu sắc"
O To Xe May Xe Dap,(Đồng Hành) Gương Kính Chiếu Hậu Xe Máy Hình Tròn KhoNCC Hàng Chính Hãng - Tối Ưu Tầm Nhìn Tự Tin An Toàn Trên Mọi Nẻo Đường - KLM-KCHXMT
O To Xe May Xe Dap,Xe Máy Honda SH Mode 125cc 2024 Phiên Bản Cao Cấp
O To Xe May Xe Dap,Xe máy Honda SH Mode 125cc 2024 - Thể thao
O To Xe May Xe Dap,"Nệm ghế sau Ô tô cho nhiều dòng xe, Nệm Không bơn hơi, Nệm nằm ô tô gấp gọn. kích thước 140 x 80 Cm. Nệm Ghế cho xe 4 chỗ - xe 5 chỗ - xe 7 chỗ"
O To Xe May Xe Dap,Xe máy Yamaha Grande 2023 - Phiên Bản Đặc Biệt ( Smartkey )
O To Xe May Xe Dap,Xe Máy Honda LEAD 125cc 2026 - Phiên Bản Tiêu Chuẩn
O To Xe May Xe Dap,Thanh gạt mưa Bosch Aerotwin Plus - Hàng Chính Hãng
O To Xe May Xe Dap,"Mũ Bảo Hiểm 3/4 Napoli, Free size (56 - 59 cm)"
O To Xe May Xe Dap,Đèn led usb led cắm vào xe oto
O To Xe May Xe Dap,Xe Máy Yamaha NVX 155 ABS
O To Xe May Xe Dap,Xe Máy Exciter RC 2020
O To Xe May Xe Dap,"Bộ Chia tẩu sạc, Adapter Sạc Huyndai HY - I0 Cao cấp"
O To Xe May Xe Dap,"Móc chìa khóa xoay xe oto 360 - Móc xoay các mẫu có gắn logo hãng Huyndai,Kia, Honda, Mec, Mazda, Toyota, Lexus, BMW - Hyundai"
O To Xe May Xe Dap,Nón bảo hiểm 1/2 Royal M239 kính âm nhỏ gọn nhiều màu size cho nam nữ đi xe máy
O To Xe May Xe Dap,"Xe đạp đường phố Thống Nhất GN05-26, 27in - Hàng chính hãng - 26 inch"
O To Xe May Xe Dap,Mũ bảo hiểm xe máy 1/2 Royal M379 chính hãng có đệm cổ dành cho nam nữ đi xe máy-Nón Trùm
O To Xe May Xe Dap,Mũ Bảo Hiểm Fullface Hai Kính LS2 FF800 Storm II ECE22.06
O To Xe May Xe Dap,"Đồng hồ đo áp suất lốp xe máy , ô tô - Hàng chính hãng"
O To Xe May Xe Dap,"Lưới chống chuột, rào quây ngăn chuột, tấm vây chắn chuột ô tô xe hơi tuyệt đối loại dày có lưới inox chống cắn"
O To Xe May Xe Dap,Xe đạp Wahama mini 26 inch - Phù hợp với người cao từ 1m47 trở lên
O To Xe May Xe Dap,"Lục giác sửa chữa xe đạp T-25 11 in 1, bao gồm các dụng cụ đủ loại như đinh vít, lục giác, cắt xích và nạy lốp - Mai Lee"
O To Xe May Xe Dap,Xe Máy Yamaha Exciter 150 limited (4 màu )
O To Xe May Xe Dap,Bơm Xe Đạp Mini Treo Xe Gắn Khung Sườn Có Đế Gắn Sử Dụng Khẩn Cấp 120Psi 8 Bar Siêu Nhẹ Xy Lanh Lõi Nhôm (Kèm 2 Đầu Bơm) Mai Lee
O To Xe May Xe Dap,"Bộ Đèn Pha Trước Xe Đạp Có Sạc USB Siêu Sáng Cao Cấp Chống Nước và Đèn Hậu Phía Sau Dành Cho Xe Đạp Địa Hình, Xe Đạp Thể Thao Giúp Đạp Xe An Toàn Ban Đêm - Hàng Chính Hãng"
O To Xe May Xe Dap,Bạt phủ chống nắng kính lái loại lớn dùng cho mọi loại xe ô tô
O To Xe May Xe Dap,Móc Treo Đồ Sau Ghế Xe Hơi Ô Tô Kiêm Kẹp Điện Thoại Tiện Lợi Sét 2 móc treo đồ cài sau ghế ô tô - Bộ 1 móc
O To Xe May Xe Dap,[Nhập mã TIKISMEV5] Vietmap Live Pro 2 năm Trợ lý giao thông Chính hãng SMEV phân phối
O To Xe May Xe Dap,Bơm điện 12v ôtô MICHELIN 12266 Hàng chính hãng.
O To Xe May Xe Dap,Mũ bảo hiểm xe máy 1/2 Rona haly luxury kèm kính phi công viền đồng cao cấp chính hãng
O To Xe May Xe Dap,Mũ bảo hiểm xe máy 3/4 RONA R8 kèm kính phi công viền đồng cao cấp chính hãng
O To Xe May Xe Dap,1 Đèn USB Nội Thất Xe Hơi Ô tô mini - Đèn LED USB Trang Trí Xe hơi  Ô tô (Size: 2x15x08cm)
O To Xe May Xe Dap,Mũ Bảo Hiểm Nửa Đầu RONA Haly Luxury
O To Xe May Xe Dap,Mũ Bảo Hiểm 3/4 RONA R8 Freesize Vòng Đầu 55-59cm - Hàng Chính Hãng - Màu
O To Xe May Xe Dap,Xe Máy Vespa SPRINT S 125
O To Xe May Xe Dap,Xe máy Piaggio Liberty  125 ABS E3 S - Trắng
O To Xe May Xe Dap,Kính Thẳng Royal Dành Cho Mũ Bảo Hiểm
O To Xe May Xe Dap,Mũ bảo hiểm nửa đầu Royal M555 có kính dài màu trà hạn chế chói nắng dành cho nam nữ đi xe máy
O To Xe May Xe Dap,Bao Da Chìa Khóa Ô Tô Handmade Vinfast E34 VF9 da bò thật - hãng chính hãng
O To Xe May Xe Dap,Mũ Bảo Hiểm Fullface LS2 FF353 Rapid II ECE22.06
O To Xe May Xe Dap,"Quạt Đôi Ô Tô Xoay 360 Độ Gió Mạnh Kèm Bảng Số Điện Thoại Ô Tô, Quạt 12V - Hàng Nhập Khẩu"
O To Xe May Xe Dap,Dầu chống rỉ sét BL50 đa năng dạng chai xịt – BOSTIK
O To Xe May Xe Dap,Giỏ xe đạp gấp gọn Kiotool phù hợp với mọi dòng xe
O To Xe May Xe Dap,Xe đạp thông dụng Wahama Avenger Cào lệ có các kích cỡ từ 8 tuổi trở lên
O To Xe May Xe Dap,Mũ Bảo Hiểm 3/4 HPro HP04 - Giao Nhanh - Hàng Chính Hãng
O To Xe May Xe Dap,PHUỘC NHÚN GIẢM XÓC
O To Xe May Xe Dap,"Combo 4 Chú Tiểu Trang Trí Bàn Làm Việc , Xe Hơi PaKaSa Nhiều Mẫu - Chính Hãng"
O To Xe May Xe Dap,Dây Treo Xe Ô Tô Phong Thủy Cá Chép Ngậm Đồng Tiền Tài Lộc May Mắn
O To Xe May Xe Dap,"Bộ Dụng Cụ Chùi Chải Vệ Sinh Sên Xích Nhông Đĩa Cho Xe Đạp Thể Thao, Địa Hình (Kèm nước rửa tẩy rửa vệ sinh sên xích) Vệ Sinh Xích Líp Mai Lee"
O To Xe May Xe Dap,Băng keo 2 mặt 3M Double Coated Tissue Tape 9448A 20mmx50m(Trắng phối xanh)
Thoi Trang Nu,Đồ bộ cao cấp mặc nhà xinh
Thoi Trang Nu,quần áo nữ mặc nhà chất lụa hàn
Thoi Trang Nu,"Đồ bộ nữ, đồ ngủ mặc nhà lửng cổ vuông phối ren F21 tay cánh tiên vải lanh BL161 họa tiết dễ thương size 45-70kg"
Thoi Trang Nu,Áo Len Nữ Cardigan Kiểu Dài Thời Trang Xinh ALD01 MayHomes
Thoi Trang Nu,Áo khoác nữ Áo khoát nữ kaki chống nắng Meizifei dễ thương ngộ nghĩnh-A096
Thoi Trang Nu,"Đầm xoè nữ kẻ sọc, đầm vải thun co giãn 4 chiều D83"
Thoi Trang Nu,áo lót ko gọng cúp B dành cho vòng ngực khủng
Thoi Trang Nu,Áo khoác dù
Thoi Trang Nu,Đồ bộ ngủ Pijama mặc nhà Lụa Gấm tay ngắn quần dài - dài cộc phối bèo họa tiết dưới 62kg cho bạn nữ cực xinh và dễ thương
Thoi Trang Nu,"Đầm maxi xẻ tà dàng dài, họa tiết hoa nhí màu đẹp, chất voan tơ cao cấp, váy 2 kiểu mặc: 2 dây và vai trần | MX056"
Thoi Trang Nu,Áo Sơ Mi Nữ Công Sở Tay Dài Dễ Thương SM015 MayHomes
Thoi Trang Nu,Chân váy xòe kèm belt hottrend
Thoi Trang Nu,Set 10 Quần Lót Nữ Cotton Pulo Siêu Thoải Mái
Thoi Trang Nu,Đầm suông nữ ngắn tay Da11
Thoi Trang Nu,Chân Váy Galice
Thoi Trang Nu,"Áo thun Nữ 100% Cotton Sure, Thoáng Mát, Mềm Mại, Thấm Hút Cao, Kháng khuẩn, Sản Phẩm Phù hợp với mùa hè nắng nóng"
Thoi Trang Nu,Bộ Áo Và Quần Lót Nữ Modal Phối Ren Fecthing Dream Màu Nude Miley Lingeire - BRL002-FCM04
Thoi Trang Nu,Áo len mỏng nữ Tay lỡ  Cổ tim Thanh lịch Form rộng Ulzzang Hàn Quốc Mẫu mới Thu Đông Haint Boutique Al33
Thoi Trang Nu,"Áo nữ kiểu cổ tròn tay ngắn form rộng thoải mái, chất liệu Đũi cao cấp mềm mịn mát thấm mồ hôi NeSa Shop AKH.58"
Thoi Trang Nu,Đồ Bơi Hai Mảnh Nữ Tay Dài Quần Dài Họa Tiết Lovely Và Hoa Xinh AT228 MayHomes Long Sleeves And Long Pants Women Swimwear With UPF 50 Sun Protection
Thoi Trang Nu,Combo 3 quần lót nữ mặc váy không đường may bonding iBasic V187
Thoi Trang Nu,Áo Hoodie BASIC màu trơn Áo nỉ có mũ unisex nam nữ full size M L XL XXL
Thoi Trang Nu,QUẦN BAGGY THỂ THAO_QUẦN BAGGY VẢI THUN CO GIÃN_QUẦN THỂ THAO NỮ_ Quần Baggy Nữ Kẻ Sọc Dọc Trắng Phong Cách
Thoi Trang Nu," Quần Lót Su FreeShipXtra Quần Lót Nữ, Quần Xì Nữ - SU"
Thoi Trang Nu,"Quần Bơi Nữ Ngắn Quần Bơi Rời Short Thun Lạnh Co Giãn Tốt AT212 MayHomes Quần Short Đa Năng Thể Thao, Bơi Lội, GYM, Spa"
Thoi Trang Nu,Quần baggy công sở Haint Boutique QT34
Thoi Trang Nu,Áo nữ thun co giãn cổ tim
Thoi Trang Nu,Áo khoác nữ - Áo khoác nữ
Thoi Trang Nu,Chân Váy Halona
Thoi Trang Nu,"Đồ Ngủ Lụa Tơ Tằm Hai Dây Dáng Sexy Siêu Nhẹ & Thoáng Mát, Đồ Ngủ Lụa Cao Cấp"
Thoi Trang Nu,Áo Khoác Nữ Chống Nắng Cao Cấp thun gân MS02
Thoi Trang Nu,Quần chíp lọt khe có hạt - Màu trắng
Thoi Trang Nu,Đồ bộ pijama satin
Thoi Trang Nu,Áo Sơ MI Nữ Tay Dài Cổ Kiểu Nút Ngọc - Mã SSL1222
Thoi Trang Nu,Áo Sơ Mi Tay Nơ Nana
Thoi Trang Nu,Đầm ngủ sexy MM MS354
Thoi Trang Nu,"Đồ bộ nữ mặc nhà, Bộ ngủ nữ chất tole lanh loại 1, áo tay cánh tiên quần lửng ảnh thật - TL40"
Thoi Trang Nu,"Áo kiểu nữ cổ tròn tay lỡ form rộng thoải mái, chất liệu Đũi cao cấp mềm mịn, mát, hoạ tiết Thêu tỉ mỉ NeSa Shop AKH.57"
Thoi Trang Nu,đồ bộ mặc nhà mẫu lửng chất lụa hàn
Thoi Trang Nu,đồ bộ mặc nhà chất lụa hàn
Thoi Trang Nu,đồ bộ mặc nhà cao cấp chất lụa hàn
Thoi Trang Nu,"SUPER COOL, mã G68. Hãy tỏa sáng như kim cương, qua chiếc áo thun Goking siêu hot cho nam nữ trẻ em, áo phông cặp đôi, gia đình, đội nhóm"
Thoi Trang Nu,"Áo sơ mi nữ form rộng kiểu tay lỡ cổ tròn NeSa Shop, chất liệu Đũi tơ thấm hút mồ hôi, áo sơ mi nữ nhiều màu, SMH.34"
Thoi Trang Nu,Đồ Bơi Nữ Hai Mảnh Kín Đáo Áo Bơi Tay Ngắn Quần Bơi Dạng Váy AT200 MayHomes
Thoi Trang Nu,Quần lót nữ gợi cảm
Thoi Trang Nu,"Đồ bộ ngủ nữ tay dài, quần dài"
Thoi Trang Nu,Combo 5 Quần Lót Nữ Modern Brief Miley Lingerie BC042 - Màu Ngẫu Nhiên
Thoi Trang Nu,"Áo kiểu nữ trung niên thêu hoa tặng mẹ form rộng bigsize chất liệu Đũi cao cấp mềm nhẹ mát NeSa Shop, AKH.66"
Thoi Trang Nu,"Nốt nhạc, mã G81. Hãy tỏa sáng như kim cương, qua chiếc áo thun Goking siêu hot cho nam nữ trẻ em, áo phông cặp đôi, gia đình, đội nhóm"
Thoi Trang Nu,Bra dán ngực bàn tay P29 (kèm dây trong)
Thoi Trang Nu,Đầm trung niên suông bigsize hoa thêu cực xinh TIFALU707 - Thời trang thiết kế trung niên cao cấp
Thoi Trang Nu,Combo 5 quần lót nữ thun lạnh hàng việt nam loại cao cấp ( từ 45 đến 65kg)Màu trắng
Thoi Trang Nu,"Áo khoác nữ , áo khoác áo hoodie logo thêu mặt thỏ vải nỉ ngoại mùa hè chống nắng mùa đông chống lạnh"
Thoi Trang Nu,Bộ 5 Quần Lót Nữ Su Đúc Không Đường May Vải Siêu Mịn Thoáng Mát - Hàng Loại 1 Cao Cấp
Thoi Trang Nu,Combo 5 Quần Lót Nữ Thun Lạnh Phối Ren Trước
Thoi Trang Nu,Đồ ngủ Sexy Cosplay xuyên thấu - Hồng
Thoi Trang Nu,Quần Ống Suông Quần Tây Cao Cấp Thời trang thiết kế Hity PAN032 (Đen Huyền Bí)
Thoi Trang Nu,Đồ bộ mặc nhà nữ WANNABE BD35P đồ bộ quần dài áo tay ngắn pijama cổ điển viền gân sang chảnh sống mãi với thời gian
Thoi Trang Nu,Áo Khoác Da Nữ Hai Lớp Jelly Phối Túi Khóa Cao Cấp ShopN6 - DN18 (Nhiều Màu)
Thoi Trang Nu,"Đầm Ren Tay Ngắn Kiểu Dáng Dễ Thương DN020 MayHomes, Kiểu Dáng Xinh, Gợi Cảm, Vải Bền Đẹp, Đường May Khéo Léo"
Thoi Trang Nu,"Quần lót ren Wannabe QL238 sang trọng, quyến rũ"
Thoi Trang Nu,Chân Váy Bút Chì
Thoi Trang Nu,"Áo khoác nữ thoát nhiệt Nhật Bản GOKING, 6 túi to tiện dụng. Áo chống nắng nhẹ, vải thun 100% cotton thoáng mát, thấm hút mồ hôi"
Bach Hoa Online,Thùng 24 Chai Trà Ô Long Tea+ Plus (320ml/Chai)
Bach Hoa Online,Thùng 24 Lon Nước Uống Có Gaz 7Up Soda Chanh (320ml/lon)
Bach Hoa Online,Bột Ca Cao Nguyên Chất CacaoMi Original (loại Standard) - 500g
Bach Hoa Online,"COLUSA - Mì chay Miliket gói vị Nấm, Mì chay nấm Miliket, Mì Miliket chay hương vị nấm, Mì giấy Miliket (70g/gói)"
Bach Hoa Online,Bộ 2 Bông Lọc Bể Cá Hoàng Nam Trắng 60x13cm - Vật Liệu Lọc Nước Hồ Cá Cao Cấp
Bach Hoa Online,"1KG Than Hoạt Tính Lọc Nước | Khử Độc Bể Cá, Nước Sinh Hoạt, Khí Thải Hiệu Quả"
Bach Hoa Online,Sữa Bột Dành Cho Người Bị Tiểu Đường Glucerna Abbott Hoa Kì Hương Vani 380g/400g
Bach Hoa Online,TÚI 10L - CÁT VỆ SINH - ĐẤT SÉT MIX THAN HOẠT TÍNH THƯƠNG HIỆU LAPAW CHO MÈO TÚI 10L - BAO BÌ MỚI
Bach Hoa Online,Hạt Chia Úc TLP.100% Organic Ăn Kiêng Giảm Cân Hạt Chuẩn Sạch Đều Đẹp (Gói 500g)
Bach Hoa Online,King Coffee Cà Phê Hòa Tan 3 in 1 X3 - Hộp 324g ( 12 gói x 27g) - Hàm lượng caffeine gấp 3 lần thông thường
Bach Hoa Online,Royal Canin Indoor 27 Thức Ăn Hạt Mèo 1-7 Tuổi | Mèo Ít Vận Động [Dry cat food
Bach Hoa Online,Muối Tôm Như Ý Siêu Ngon
Bach Hoa Online,Trà Lá Vối Hộp 30 Túi Lọc Siêu Thị Thiên Nhiên
Bach Hoa Online,"Hạnh Nhân Lát Mỹ - Hạt hạnh nhân cắt lát làm bánh, làm sữa hạt"
Bach Hoa Online,"Bravecto diệt ghẻ, ve rận, bọ chét (chó 20 - 40kg)"
Bach Hoa Online,Bánh Quy Đũa Mặn Viettin Mart
Bach Hoa Online,Bánh Xốp Loacker Quadratini Dark Chocolate 125g
Bach Hoa Online,"Bột rau má hữu cơ nguyên chất sấy lạnh Dalahouse - Mẫu mới 2022 Hộp 120gr tiết kiệm - Giải độc, mát gan, thanh nhiệt cơ thể, giảm mụn, đẹp da"
Bach Hoa Online,Sữa bột Wincofood Canxi Bone & Joints (800g/lon)
Bach Hoa Online,Hạt chia đen ( 200gr)
Bach Hoa Online,Thức ăn hạt cho mèo mọi lứa tuổi CATSRANG
Bach Hoa Online,Mắm Tép Chưng Thịt đặc biệt Tác Huy 300g (Ba Làng Thanh Hóa)
Bach Hoa Online,Đậu đỏ tây Dark Red Kidney Beans
Bach Hoa Online,TRÀ TAM DIỆP - Thương Hiệu Hùng Phát
Bach Hoa Online,Ngũ cốc hoa quả Calbee Furugura Nhật Bản gói 800g
Bach Hoa Online,"COLUSA - Mì Miliket giấy vàng gói 75g hương vị Sa tế, Mì giấy Miliket sate, Mì gói giấy vàng sa tế Miliket (75g/gói)"
Bach Hoa Online,Men khô Mauripan 500g
Bach Hoa Online,ĐẬU PHỘNG CỐT DỪA TÂN LỘC PHÁT GIÒN THƠM BÉO
Bach Hoa Online,Combo 6 Hộp Nước Trái Cây Vị Táo Picnic Maeil (200ml/hộp)
Bach Hoa Online,"Hạt trộn dinh dưỡng dành cho Cockateil, Ngực hồng, GreenCheck"
Bach Hoa Online,"Đèn UV hồ cá diệt khuẩn, diệt tảo, rêu trong 7 ngày công suất 20W, 30W, 40W, 60W cao cấp cho hồ cá lớn, bể cá ngoài trời"
Bach Hoa Online,Tương Miso Dashi Marukome Nhật Bản 375g/750g
Bach Hoa Online,Trà Khổ Qua ( Mướp Đắng ) hộp 30 Túi Lọc Siêu Thị Thiên Nhiên
Bach Hoa Online,Cà phê nguyên chất BLEND B’Lao Farm 50% cà phê Robusta 50% cà phê Arabica cà phê rang mộc pha phin pha máy ngọt hậu C55
Bach Hoa Online,"VANG BỊCH CHÂTEAU DE CAZAC 3L, 5L"
Bach Hoa Online,Vòng cổ da đinh gai bản lớn cho chó Saly Q PCS05
Bach Hoa Online,Cát vệ sinh đất sét cho mèo Best in show 6L
Bach Hoa Online,Xốt Gia Vị Hoàn Chỉnh Barona - Thịt Kho Tàu 80g
Bach Hoa Online,Đường Tinh Luyện Đặc Biệt Hũ 800g
Bach Hoa Online,"1 BỘ ĐÈN SƯỞI HỒNG NGOẠI 75W DÂY ĐIỀU CHỈNH NHIỆT (CHUI SỨ CHỊU NHIỆT) CHO CHIM,VẸT,HEO, VỊT,GÀ,CHÓ MÈO SƯỞI ẤM"
Bach Hoa Online,Sữa Tắm Dành Riêng Cho Chó Mèo OLIVE ESSENCE 450ml
Bach Hoa Online,"Mạch nha Kim Hồng (Bà Tấn) 380g, đặc sản quảng ngãi, sản xuất 100% từ gạo nếp và mộng lúa, không chất phụ gia, bảo quản  "
Bach Hoa Online,1 hộp (50 gói) men tiêu hóa Biotic cho chó mèo
Bach Hoa Online,SHIN Cà Phê - Espresso Classico 1Kg Hạt - Cà Phê Nguyên Chất Pha Máy
Bach Hoa Online,Trà Gừng Túi Lọc Hộp 25 Gói - Trà Hùng Phát
Bach Hoa Online,Đông trùng hạ thảo sấy thăng hoa - Hủ 50g
Bach Hoa Online,Bánh bông lan Bourbon đen & trắng gói 165gr (17 bánh)
Bach Hoa Online,GẠO NHẬT HOKKAIDO YUMEPIRIKA - GẠO TRẮNG - XÁT DỐI
Bach Hoa Online,Mù Tạt Dijon Maille (215g)
Bach Hoa Online,Thùng 24 lon Bia Lager Huda (330ml/lon) - Độ cồn 4.7%
Bach Hoa Online,Thùng 48 chai Sữa trái cây KUN hương nho 85ml
Bach Hoa Online,Trung Nguyên Legend - Cà phê sữa hoà tan rang xay 3in1 Classic - Bịch 50 gói x 17gr
Bach Hoa Online,Thùng 48 hộp sữa tươi tiệt trùng TH True Milk  có đường 180ml
Bach Hoa Online,Thùng Sữa Tươi Tiệt Trùng NutiMilk Có Đường 180ml (Hộp 180ml x 48)
Bach Hoa Online,Lốc 3 hộp Sữa hạt Óc chó Nguyên chất 137 DEGREES 180ml
Bach Hoa Online,Sữa hạt cao cấp Óc chó-Macca-Đậu đen-Hạnh nhân-Đậu nành & Yến mạch ít đường 190ml (20 hộp/xách)
Bach Hoa Online,Thùng Veyo Sữa hạt SMARTY Yến mạch - Óc chó vị sữa (30hộp x 180ml)
Bach Hoa Online,Chà Là sấy khô nguyên cành Tunisia (hộp 500gr)
Bach Hoa Online,Sữa hạt Vinamilk Cao Đạm  Hộp 180ml
Bach Hoa Online,Cà phê hòa tan NESCAFÉ 3in1 Vị Kem Sữa
Bach Hoa Online,"Bánh bông lan Quasure light cốm, dâu, gấc 126 gram Bibica - thực phẩm dành cho người ăn kiêng, tiểu đường"
Bach Hoa Online,Thùng 48 Hộp Sữa Nestlé Milo Ít Đường (110ml/ Hộp)
Bach Hoa Online,Trung Nguyên Legend - Cà phê hòa tan G7 3in1 - Bịch 50 sachets x 16gr (gói vuông)
Bach Hoa Online,"Combo 2 Sản Phẩm Gạo  ST25 Túi 5Kg - Gạo Ông Cua, Đặc Sản Sóc Trăng"
Bach Hoa Online,Xốt Gia Vị Hoàn Chỉnh Barona - Kho Riềng 80g
Bach Hoa Online,Trà Sen Dalatfarm - Hộp 110Gr
Bach Hoa Online,Đặc Sản Phú Quốc - Nước Mắm Phú Quốc Khải Hoàn 43 Độ Đạm Chai Nhựa 1L - Ocop 5 Sao
Bach Hoa Online,Thùng 24 Lon Nước Uống Có Gaz Pepsi Không Calo (320ml/Lon)
Bach Hoa Online,Rượu Vang Hồng Blanc Foussy Sparkling Rose Pinot Noir 750ml 0.4% - 0.6% - Không Hộp
Bach Hoa Online,Miến Khang Phúc 100g (1 thùng gồm 20 gói) 
Bach Hoa Online,Gà sấy chua cay Chà Chà - Thảo Nguyên Phát hũ 300g
Bach Hoa Online,Thức ăn hạt cho mèo Hàn Quốc Catsrang
Bach Hoa Online,Thùng 24 Chai Nước Tăng Lực Có Gas Warrior Vị Nho (330ml x 24 chai)
Bach Hoa Online,Đặc Sản Bến Tre - Nước Màu Dừa Bến Tre A Tuấn Khang (120G) - Ocop 4 Sao
Bach Hoa Online,Gạo Thơm Lài Lotus Rice 5kg - Cơm mềm dẻo vừa - Chuẩn xuất khẩu
Bach Hoa Online,Combo 5 Tảo Biển Cuộn Cơm Yaki Sushi Nori Godbawee (20g / Gói)
Bach Hoa Online,Thùng 24 Chai Nước Giải Khát Revive 500ml
Bach Hoa Online,Thức Ăn Mèo Vị Cá Biển Whiskas (3Kg) 
Bach Hoa Online,Hạt Nêm Aji-ngon Heo 900g
Bach Hoa Online,Thùng 30 Gói Bún Hằng Nga Hương Vị Bún Bò Huế Acecook
Bach Hoa Online,Cozy Trà sữa 3in1 - Matcha 10 gói x 17g Hộp
Bach Hoa Online,Lốc 3 Gói Rong Biển Taokaenoi Season Laver Vị Truyền Thống 4G
Bach Hoa Online,Bánh Đậu Xanh Rồng Vàng Tiên Dung
Bach Hoa Online,9L Cát đất sét mix than hoạt tính vệ sinh cho mèo Picat ít bụi-thấm hút tốt-vón cục chặt khử mùi tốt túi 9L
Bach Hoa Online,"Hạt Bí Xanh Tách Vỏ Nhập Khẩu Mỹ Pams 300g/hũ, Nhân To, Dày Cơm, Giòn Bùi, Thích Hợp Ăn Vặt, Ăn Kiêng, Dinh Dưỡng Mẹ Bầu"
Bach Hoa Online,Thùng 48 Hộp Sữa Tươi Tiệt Trùng Dutch Lady Cô Gái Hà Lan ít đường 180ml
Bach Hoa Online,[Combo 12 Gói] Thức Ăn Cho Mèo WHISKAS 1+ years Vị Cá Ngừ 80g/Gói
Bach Hoa Online,Cà Phê Sữa PLUS Hòa Tan 3IN1 KING COFFEE – Túi 50 gói x 20g
Bach Hoa Online,"Đường Phèn Quảng Ngãi loại đặc biệt, sản xuất thủ công 100%, vị thanh ngọt, kết tinh tự nhiên"
Bach Hoa Online,Thùng 30 Gói Mì 3 Miền Gold Bò Hầm Rau Thơm 75g
Bach Hoa Online,"Gạo Tấm ST25 Hoa Lúa túi 2kg - Dẻo mềm, thơm ngon"
Bach Hoa Online,Thùng 24 Gói Mì Cung Đình Kool Mì Gạo Bò Hầm Kiểu Đài Loan 77g
Bach Hoa Online,Cà phê hòa tan đen - Trung Nguyên Legend Americano hộp 15 gói x 2g
Bach Hoa Online,Thùng 24 Lon Nước Tăng Lực Có Gas Warrior Vị Nho 320ml
Bach Hoa Online,Thức Ăn Hạt Khô Cho Chó Lớn Classic Pet Adult Beef Flavour Vị Thịt Bò 400g
Bach Hoa Online,Trà cỏ mực đậu đen túi lọc Goce - Bổ thận mát gan
Bach Hoa Online,"Bánh Biscotti nguyên cám 3 vị mix hạt dinh dưỡng nhập khẩu / Ăn kiêng lành mạnh, bổ dưỡng, phù hợp eat clean"
Bach Hoa Online,"Cám cá 7404S tăng đạm (viên nhỏ 0,5mm)  dùng làm thức ăn cá vàng, bảy màu, betta,cá giống điêu hồng, cá tra"
Bach Hoa Online,Canh Chua Chay I-Soup 50g (túi 05 viên)- Viên Súp Chay_ Sấy Thăng Hoa
Bach Hoa Online,Khô Gà Lá Chanh VIETTINMART 500G
Bach Hoa Online,Bánh Nabati vị phô mai loại 20g - Nabati
Bach Hoa Online,Dầu Oliu hữu cơ nguyên chất Naturel 500 ml
Bach Hoa Online,Dầu Oliu nguyên chất ép lạnh Extra Virgin hiệu Naturel 250 ml
Bach Hoa Online,Trà Hoa Cúc Túi Lọc Hùng Phát Hộp 25 Gói
Bach Hoa Online,CÀ PHÊ HẠT 100% ARABICA RANG MỘC HEMERA COFFEE 454GR
Bach Hoa Online,Hạt Chia Seeds đen Úc túi 500G
Bach Hoa Online,Ô mai Mơ  - Xí muội mặn có hạt (500gr)
Bach Hoa Online,Trung Nguyên Legend - Cà phê rang xay Chế phin 4 - Bịch 500gr
Bach Hoa Online,Viên nghệ sữa ong chúa  ( Viên nghệ mật ong) - Hủ 500g
Bach Hoa Online,Bánh Thưởng Cho Mèo Temptations Vị Cá Ngừ 75g/túi
Bach Hoa Online,1kg táo đỏ khô cao cấp
Bach Hoa Online,Thùng 48 hộp thức uống lúa mạch hương vị socola Ovaltine 110ml
Bach Hoa Online,Thùng 48 Hộp Sữa Tươi Tiệt Trùng Dutch Lady Cô Gái Hà Lan Có Đường (48 x 110ml)
Bach Hoa Online,Trung Nguyên Legend - Cà phê hoà tan rang xay 3in1 Classic - Hộp 12 gói x 17gr
Bach Hoa Online,Thùng 24 Lon Nước Táo Lên Men STRONGBOW Mix 3 Vị 320ml/Lon
Bach Hoa Online,Thùng 24 Chai Nước Tăng Lực Sting Đỏ Dâu (330ml/Chai)
Bach Hoa Online,Dầu Mè Thơm Hảo Hạng Meizan 250ml
Bach Hoa Online,Thùng 50 chai Nước tăng lực Red Bull Blue với Vitamin B12 150ml
Bach Hoa Online,Gạo Vinh Hiển Khổng Tước Nguyên 5kg
Bach Hoa Online,Bắp Rang Bơ (Bỏng ngô) Giòn Ngon Nhiều Vị VietTin Mart
Bach Hoa Online,Set quà Tết XUÂN NHƯ Ý 2025  VietTin Mart
Bach Hoa Online,Hạt Diêm mạch (Quinoa) 3 màu nhập khẩu từ Peru
Bach Hoa Online,Canh Rau Tập Tàng Nấm Rơm Ăn Liền ISOUP 35g 05 Viên - Viên Canh Ăn Liền Sấy Thăng Hoa
Bach Hoa Online,Thức Ăn Cho Mèo Whiskas Adult 1+ YearsVị Cá Ngừ 480g/Túi
Bach Hoa Online,Si Rô CHANG THAI 1000ml - 16 Vị Trái Cây Tự Nhiên
Bach Hoa Online,Thùng 30 Gói Mì 3 Miền Bò Sợi Phở 65g
Bach Hoa Online,Thùng 48 hộp Sữa trái cây hương nho KUN 110ml/hộp(có thẻ)
Bach Hoa Online,"Yến Mạch Cán Dẹt Nhập Khẩu Úc Pams 500g/hũ, Yến Mạch Cao Cấp, Giàu Chất Xơ, Thích Hợp Dùng Ăn Kiêng"
Bach Hoa Online,Muối Hồng Himalaya Naturgreen - Naturgreen Himalaya Salt
Bach Hoa Online,"Trà lá ổi túi lọc Goce - Tan mỡ giảm cân, ngừa tiểu đường"
Bach Hoa Online,"Sữa Tắm SOS Cho Chó Mèo, Sữa Tắm Chuyên Dụng SOS Chính Hãng 530ml"
Bach Hoa Online,Hạt Điều Rang Muối Bình Phước Nguyên Hạt Size A Cồ Hàng Loại 1 (500Gr)
Bach Hoa Online,Combo 2 Túi Sữa Bột Nguyên Kem Hai Con Bò Đỏ (500g/túi)
Bach Hoa Online,Trung Nguyên Legend - Cà phê G7 hòa tan đen ( không đường) - hộp 15 gói 2gr
Bach Hoa Online,"Trà gạo lứt huyết rồng - đậu đen xanh lòng MS (01kg) - Thanh nhiệt, mát gan, lợi sữa"
Bach Hoa Online,"Hạt Dinh Dưỡng Hỗn Hợp 4 Loại Hạt Điều, Hạnh Nhân, Óc Chó,  Hạt Dẻ Cười Không Muối LAFOOCO 270g"
Bach Hoa Online,Trà hoa cúc trắng - Trà bạch cúc 200g
Bach Hoa Online,Trà kỷ tử - Câu kỷ tử - Loại cao cấp (500gr)
Bach Hoa Online,Bánh Thưởng Cho Mèo Temptations Vị Hải Sản 75g/túi
Bach Hoa Online,Bột rau má nguyên chất Goce - 72g (24 gói x 3g)
Bach Hoa Online,Hạt lanh nâu Brown Flaxseeds
Bach Hoa Online,Thùng 48 hộp Sữa đậu nành Vinamilk hạt Óc chó 180ml
Bach Hoa Online,Thùng 30 Gói Mì Reeva 3 Miền Chay Lá Đa 65G
Bach Hoa Online,Thùng 24 lon cao Heineken Silver (330ml/lon)
Bach Hoa Online,Thùng Phở Gà Hà Nội Micoem Cung Đình (30 Gói)
Bach Hoa Online,Thùng 24 Lon Nước Trái Cây Twister Cam (320ml/Lon)
Bach Hoa Online,Thùng Bia Tiger 24 Lon (330ml / Lon)
Bach Hoa Online,Ngũ cốc ăn sáng KOKO KRUNCH DUO (Hộp 300g)
The Thao Da Ngoai,Miếng Dán Viền Vợt Pickleball Chất Liệu PPF Cao Cấp 16mm
The Thao Da Ngoai,"Kính bơi chống tia UV , Chống sương mù , bảo vệ mắt MÀU ĐEN , Dây đeo được làm 100% silicone mềm mại, thoải mái, dành cho vận động viên chuyên nghiệp hoặc người có sở thích đi bơi - Hàng Chính Hãng"
The Thao Da Ngoai,"Vòng Lắc Eo Lò Xo Thép Bọc Nhựa Mềm – Giảm Mỡ Bụng, Eo Thon Nhanh, An Toàn Tại Nhà - HÀNG CHÍNH HÃNG MINIIN"
The Thao Da Ngoai,Giày thể thao Biti's Hunter nam (40-44)869k
The Thao Da Ngoai,"Bàn cắm trại gấp TSD Size:53,95,120cm ,đa năng,dễ mang theo, dã ngoại,có thể gập lại"
The Thao Da Ngoai,Máy chạy bộ đi bộ gia đình TM310 & TM310A [BLACK] thế hệ mới có điều khiển từ xa
The Thao Da Ngoai,Giày đi leo núi chạy địa hình ALTRA TIMP 5 M DUSTY OLIVE - BLUE/ORANGE
The Thao Da Ngoai,GIày cầu lông Mira chính hãng
The Thao Da Ngoai,Hộp 40 Miếng Dán Thấm Mồ Hôi Nách - Hạn Chế Ngăn Cản Mồ Hôi Nách [ CÓ CHE TÊN KHI GIAO HÀNG
The Thao Da Ngoai,"Quấn cán vợt cầu lông dododios (Hộp 30 cái) quấn cán tennis, cầu lông mềm mại thoáng khí độ bền cao, Quấn cán Tennis, dây quốn cán vợt Cầu lông Hộp 30 cái mềm mại độ bền cao, có thiết kế tăng ma sát chống trượt, cải tiến vật liệu thấm hút mồ hôi"
The Thao Da Ngoai,Dây nhảy thể lực lõi thép loại nặng AOLIKES A-3203 Speed Jump Rope
The Thao Da Ngoai,Găng tay cố định ngón tay cái có nẹp 75636-SPO Actimove Thumb Stabilizer
The Thao Da Ngoai,"Áo bra nữ thể thao Fitme Delta 2 dây nâng ngực hỗ trợ cho gym và yoga, chất liệu thun cao cấp thoáng khí"
The Thao Da Ngoai,Xà Đơn Gắn Tường 2021 KT 72cm-105cm Tích Hợp Chốt Chống Xoay Chất Liệu Inox + Kèm Găng Tay Tập Xà
The Thao Da Ngoai,Xà Đơn Treo Tường Thông Minh Di Động Inox Không Cần Bắt Vít DNS011 Chịu Lực 150kg Đại Nam Sport + Kèm Găng Tay Tập Xà
The Thao Da Ngoai,BĂNG BẢO VỆ KHỚP ĐẦU GỐI 360º VNSPORT - VN019 (Pro) - KNEE SUPPORT 360º VN019 PROFESSIONAL. Độc Quyền Tại VNSport - Hàng Cao Cấp Chính Hãng (1 Chiếc )
The Thao Da Ngoai,Quấn cổ tay tập gym AOLIKES YE-7938 bảo vệ khớp tay Sport wrist support
The Thao Da Ngoai,Bóng chuyền Molten V5M4200
The Thao Da Ngoai,Bó gối thể thao và chấn thương chỉnh hình Bó gối X - Actimove GenuStep
The Thao Da Ngoai,Nẹp bảo vệ ống đồng bóng đá các CLB - Giao mẫu mẫu nhiên (Free size)
The Thao Da Ngoai,Bật lửa Zippo Orange Matte with Zippo Logo 231ZL
The Thao Da Ngoai,Giày Thể Thao Nam Warrior W27 ( Màu Trắng Đỏ)
The Thao Da Ngoai,"Băng Quấn Cổ Chân Hỗ Trợ Bảo Vệ Mắt Cá Chân, Khớp Cổ Chân Sport Ankle Protector AOLIKES YE-1527"
The Thao Da Ngoai,Bộ tạ tay cao cấp đa năng điều chỉnh Q301 15 kg - 20 kg - 30 kg mới nhất BG (hàng nhập khẩu)
The Thao Da Ngoai,Đai quấn bảo vệ đầu gối thể thao AOLIKES TC-7912
The Thao Da Ngoai,"Bóng pickleball thi đấu tập luyện chuyên nghiệp ngoài trời 40 lỗ đủ màu chất lượng quốc tế - Chính hãng dododios, Banh Pickleball"
The Thao Da Ngoai,"Chân Vịt Bơi Lội Silicon, Chân Nhái Lặn Biển Chuyên Nghiệp Bẻ Cong 90 Mềm Mại Cho Trẻ Em, Người lớn"
The Thao Da Ngoai,Xe MOTION Chòi Chân 3 Bánh Tự Cân Bằng Kết Hợp Xe Đạp Có Yên Da Cho Bé - HÀNG CHÍNH HÃNG
The Thao Da Ngoai,Áo thể thao xe đạp nam nữ ngắn tay Kiotool thoáng mát đạp xe chuyên nghiệp 
The Thao Da Ngoai,Vợt Cầu Lông Astrox 100zz Kurenai Full Carbon Căng Sẵn 11kg Căng Max 13kg + Tặng Kèm Cuốn Cán Và Túi Đựng
The Thao Da Ngoai,"[Chính hãng] Labrada | Muscle Mass Gainer (5.4kg) Sữa Tăng Cân Tăng Cơ Bổ Sung 1265 Calo, 52g Protein & Vitamin"
The Thao Da Ngoai,Nhiên Liệu Xăng Zippo 125ml
The Thao Da Ngoai,Quần Tập Gym Nam 2 Lớp - Quần Short Thể Thao SQ517
The Thao Da Ngoai,Bó bảo vệ đầu gối AOLIKES A-7911 Compression support breathable sports knee pad
The Thao Da Ngoai,Dây nhảy thể dục lõi thép AOLIKES A-3201 Sport Jump Rope
The Thao Da Ngoai,"THẢM TẬP GYM, YOGA ADIDAS 8MM ADYG-10100 (TẶNG TÚI ĐỰNG THẢM)"
The Thao Da Ngoai,"Bao, Túi đựng Điện Thoại tới 6.5 Inch Đeo tay chạy bộ ,Tập thể dục Rhino B101 Kháng nước, chống thấm, có thể cắm tai nghe phù hợp điện thoại Samsung, Iphone, Sony, Xiaomi,... - Hàng chính hãng"
The Thao Da Ngoai,Dụng cụ cầm tay đa năng Leatherman Free T2 (8 tools)
The Thao Da Ngoai,THẢM THỂ DỤC ADIDAS 10mm ADMT-11015 (TẶNG KÈM TÚI ĐỰNG THẢM)
The Thao Da Ngoai,Bộ Tạ Tập Tay Đa Năng Điều Chỉnh 2 in 1 Kết Hợp Tạ Đẩy (40kg)
The Thao Da Ngoai,"Đèn pin đội đầu Điện Quang ĐQ PFL16 R BLY WW (Pin sạc Lithium, Đen – Vàng, 2.5W, warmwhite)"
The Thao Da Ngoai,Thảm Yoga TPE 	Procare
The Thao Da Ngoai,Thảm Yoga Training Fitness Adidas 10mm
The Thao Da Ngoai,Áo thun thể thao nam
The Thao Da Ngoai,Ghế tập bụng cong có chốt gập SIT UP model 119 mới BG (hàng nhập khẩu)
The Thao Da Ngoai,Bật Lửa Zippo Logo Đỏ
The Thao Da Ngoai,Bảng Phi Tiêu Chuyên Nghiệp 45cm + 6 cây phi tiêu
The Thao Da Ngoai,"(New 2025) Xà đơn, xà kép đa năng bắt vít vào tường chắc chắn, tải trọng 150kg, đệm mút cầm tay êm ái, an toàn tại nhà."
The Thao Da Ngoai,"Giày bóng bàn, cầu lông Nagaki"
The Thao Da Ngoai,"Khung thành bóng đá mini ( tặng kèm bóng) kích thước 90 x 60 x 60cm (dài x rộng x cao), phù hợp chơi trong diện tích nhỏ, có thể gập gọn dễ dàng"
The Thao Da Ngoai,"Giày Tennis chính hãng - Jogarbola, Lefus"
The Thao Da Ngoai,"Lysin - găng tay tập gym, thể dục, xe đạp, câu cá, tập tạ, chống trượt bảo vệ lòng bàn tay chính hãng Nhật"
The Thao Da Ngoai,"Đai Bó Cố Định Đầu Gối Grace Care KD320 – Vải Dệt 3D Thoáng Khí, Co Giãn, Hỗ Trợ Vận Động, Giảm Đau"
The Thao Da Ngoai,"Túi đựng Điện Thoại tới 6.8 Inch Đeo tay chạy bộ, Tập thể dục Rhino B122 Kháng nước, có thể cắm tai nghe"
The Thao Da Ngoai,"Dây Kháng Lực Powerband Đa Năng dododios, Hỗ Trợ Tập Luyện Thể Thao Tiện Lợi Tại Nhà"
The Thao Da Ngoai,Găng Tay Tập Gym Thoát Mồ Hôi Cao Cấp Dùng Được Cho Cả Nam Và Nữ- Hàng Chính Hãng
The Thao Da Ngoai,"[Miễn phí lắp đặt] Máy chạy bộ KINGSPORT BK-8000 Pro đa năng, nâng dốc tự động 18%, tốc độ tối đa 14khm/h, kèm đai massage và thanh gập bụng, cân nặng phù hợp từ dưới 75kg"
The Thao Da Ngoai,Giày chạy bộ thành phố SONIC 4 ACCELERATE GOJI BERRY L41302900
The Thao Da Ngoai,THUN GIỮ CUỐN CÁN VỢT TENNIS BABOLAT (giao màu ngẫu nhiên )
The Thao Da Ngoai,Bộ Tạ Tay 6kg Bọc Cao Su Trơn Lõi Thép Cao Cấp Chính Hãng Đại Nam Sport (Tổng 12kg)-Giao Màu Ngẫu Nhiên
The Thao Da Ngoai,"Băng Bảo Vệ Khớp Gối Thể Thao 360º VN017 | ATHLETE'S KNEE PROTECTOR ( 1 ĐÔI ). Phù hợp đá banh, chạy bộ, bóng chuyền, bóng rổ, cầu lông, leo núi, đạp xe, tập luyện thể hình, chấn thương đau nhức gối"
The Thao Da Ngoai,ÁO SÁT NÁCH FITNESS THỂ THAO TẬP GYM - BÓNG RỔ CAO CẤP THUN LỖ KIM SZONE SA473
The Thao Da Ngoai,Bật lửa Zippo 28496 –Bật lửa Zippo Armor Tumbled Brass
The Thao Da Ngoai,Băng Cổ Tay Thể Thao Thấm Mồ Hôi  AOLIKES YE-0230 Co Giãn Thoáng Khí Mềm Mại Sport Fitnes Absorb Sweat And Wrist Protctor - Hàng Chính Hãng
The Thao Da Ngoai,"Quả cầu nhựa, lông ngỗng tự nhiên chính hãng Agnite- nhẹ, bền, chắc chắn - quả lẻ/ hộp 3 quả - F2211/F2200"
The Thao Da Ngoai,[TẶNG 3 CẦU] Vợt cầu lông cán liền cao cấp chính hãng Agnite -  Tặng hộp cầu nhựa và bao đựng - 2 chiếc - F2131
The Thao Da Ngoai,Vợt Đánh Pickleball Sợi Carbon JSP Cao Cấp Đại Nam Sport Hàng Chính Hãng + Túi Chống Sốc Và 4 Bóng
The Thao Da Ngoai,Miếng Đệm Bảo Vệ Đầu Gối Tránh Chấn Thương Thể Thao - Hàng chính hãng 
The Thao Da Ngoai,"Quần Tập Gym Nam,Quần Bơi Nam 2 Lớp Siêu Bền,Co Giãn,Thoáng Khí DNS54 Chính Hãng Đại Nam Sport"
The Thao Da Ngoai,"Kính bơi trẻ em chống tia UV bản rộng góc nhìn 180 độ Cleacco  SG1885 dây đeo silicone êm ái , không kích ứng , an toàn với trẻ em  - Hàng chính hãng Boro Sport"
The Thao Da Ngoai,"Kính lặn biển ống thở dododios với 2 van ngăn nước 100%, mặt nạ lặn với mắt kính cường lực"
The Thao Da Ngoai,Cầu đá trinh sắt / trinh nhựa. Cầu đá tập luyện thể thao
The Thao Da Ngoai,Giày Bóng rổ AKpro AS022 màu Đen - Chính hãng
The Thao Da Ngoai,Giày bóng đã sân cỏ nhân tạo đinh TF bản to
The Thao Da Ngoai,"Kim bơm bóng chuyền hơi, bóng đá, bóng rổ bằng thép không gỉ tiện dụng."
The Thao Da Ngoai,"[LOẠI TỐT - HÀNG CAO CẤP] Thảm Tập Yoga 8mm, Tập Gym dộ dày 5-8mm 2 Lớp không mùi chống trơn trượt - Chính hãng dododios"
The Thao Da Ngoai,"Áo croptop nữ Fitme Meta ba lỗ kiểu dáng ôm body tập gym yoga chất liệu thun cao cấp, thấm hút tốt"
The Thao Da Ngoai,Bộ 2 ống tay chống nắng bảo vệ khủy tay AOLIKES A-7146 chống tia UV khi chơi thể thao Sport Arm Sleeve
The Thao Da Ngoai,CẦU LÔNG NHỰA 3 QUẢ-LIÊN HIỆP THÀNH
The Thao Da Ngoai,Bộ vành bóng rổ + Quả bóng rổ cao cấp (Kèm lưới và kim bơm bóng)
The Thao Da Ngoai,Bộ 2 mồi câu cá siêu nhạy
The Thao Da Ngoai,Con Lăn Tập Cơ Bụng 4 Bánh TT - Mart + Tặng Thảm Lót Gối
The Thao Da Ngoai,Xà Đơn Đa Năng Treo Tường TT - Mart P90X
The Thao Da Ngoai,"Máy Chạy Bộ,AIR WALKER Máy Đi Bộ Trên Không Cỡ Lớn, Máy leo núi bậc thang KM-2100 tại nhà"
The Thao Da Ngoai,Kính Bơi Thể Thao Người Lớn Chống Sương Dây Đeo Silicone Cleacco SG1670 BORO SPORT
The Thao Da Ngoai,Gạch Gối Tập Yoga Eva Nặng 200g In Hoa Mandala Độ Cứng Cao Không Lún- Yoga Blocks
The Thao Da Ngoai,Ván Trượt Thể Thao Mặt Nhám Kích Thước 80cm Chịu Lực 120kg Đại Nam Sport  + Kèm Túi Đựng Ván (Chọn Màu)
The Thao Da Ngoai,"Dây Nhảy Thể Dục Không Dây, Có Bóng Điều Chỉnh,thêm dây để nhảy thực"
The Thao Da Ngoai,Găng tay tập Gym Nam Nữ AOLIKES A-112 Fitness Breathable Gloves
The Thao Da Ngoai,"Bộ 2 Băng Tạ Cát Đeo Tay Chân Tiện Lợi Hỗ Trợ Tập Luyện Chạy bộ,Hít Xà, Giữ Dáng,Giảm Mỡ Tăng Cơ Hiệu Quả Mẫu TP"
The Thao Da Ngoai,"Xà Đơn Treo Tường Gắn Cửa Đa Năng Độ Dài Tùy Chỉnh Giúp Bạn Tập Gym, Tập Cơ Bụng, Cơ Vai, Cơ Xô 60-120Cm - Chính Hãng MINIIN (Màu Ngẫu Nhiên)"
The Thao Da Ngoai,Bó gối thể thao loại dài AOLIKES A-7815 Elastic compression sports knee pads
The Thao Da Ngoai,KỆ ĐỂ CƠ BIDA CAO CẤP - TREO TƯỜNG - GỖ TỰ NHIÊN - GIỮ ĐƯỢC 6 CƠ -  XUẤT XỨ VIỆT NAM
The Thao Da Ngoai,Bình đựng nước gấp gọn dã ngoại 10L Desert&Fox DF-S10L
The Thao Da Ngoai,"Mũ Bơi Người Lớn,Nón Bơi Cho Nữ Tóc Dài Chất Liệu 100% Silicon Co giãn,Chống Nước,Thoải Mái Đại Nam Sport"
The Thao Da Ngoai,GIÀY LEO NÚI X REVEAL - L41109000
The Thao Da Ngoai,"Q302 Tạ miếng cao cấp 3 lỗ (ø: 50mm) có bọc cao su non Thái Lan BG 2.5kg,5kg, 7.5kg, 10kg,15kg và 20kg (hàng nhập khẩu)"
The Thao Da Ngoai,Bộ 2 tạ tay 3kg Model Q304 - Q314 cao cấp tập Gym BG (hàng nhập khẩu)
The Thao Da Ngoai,Băng Trán Thể Thao Cao Cấp AOLIKES TC-2103
Thoi Trang Nam,"Bộ 3 quần sịp từ tính tăng sinh lý nam, Quần sịp gắn nam châm, Quần lót cải thiện SL nam"
Thoi Trang Nam,"Áo thun tập gym nam DO GYM SHOP form ôm body, logo thêu, thun lạnh co giãn 4 chiều siêu thoáng mát"
Thoi Trang Nam,"TOKYO, mã G56. Áo thun nam nữ siêu đẹp. Áo phông thoát nhiệt Goking hàng hiệu cao cấp"
Thoi Trang Nam,Quần lót nam thun lạnh
Thoi Trang Nam,Quần kaki dài túi hộp nam
Thoi Trang Nam,"Combo 3 quần lót nam thun lạnh tam giác màu trơn đơn giản, sịp nam cạp nhỏ QLJ03"
Thoi Trang Nam,Quần short đũi nam cao cấp QD01
Thoi Trang Nam,Áo Khoác Big Size Nam Nữ 2 Áo Khoác Dù Bomber Nam Nữ 2 lớp Chống Nắng Chống Nóng Chống Tia Cực Tím UV Chống Lạnh Chống Gió Có Cổ Màu Hàn Quốc Cao Cấp ShopN6 - AD76
Thoi Trang Nam,ÁO KHOÁC KAKI NAM GIẢ JEAN MẪU MỚI 4 MÀU
Thoi Trang Nam,"COMBO 3 quần Đùi Nam  - Combo 3 cái ( Đen , Trắng , Xanh ) - Size XL"
Thoi Trang Nam,"Áo Thun Trơn Cổ Trụ, Cổ Bẻ Nam Nữ, Thun Cá Sấu 4 Chiều Màu Cam Hàng Cao Cấp"
Thoi Trang Nam,Quần Bơi Nam 2 Lớp Không Xuyên Thấu Thông Thoáng Thoải Mái 469
Thoi Trang Nam,Áo khoác dạ nam dáng vest trẻ trung NAD43
Thoi Trang Nam,Áo len gile Aligro màu ghi đậm ALENGL011
Thoi Trang Nam,Áo thun thể thao nam MRM Active Pro thấm hút mồ hôi tốt co dãn thoải mái vận động
Thoi Trang Nam,"THINK DIFFERENT, mã G66. Áo thun nam nữ siêu đẹp, form unisex. Áo phông GOKING hàng hiệu, quà tặng cao cấp cho gia đình, cặp đôi, hội nhóm, doanh nghiệp"
Thoi Trang Nam,Áo len nam cổ lọ mẫu mới LNA13
Thoi Trang Nam,Áo Sơ Mi Form Rộng Unisex Nam Nữ Tay Dài Hàn Quốc Kiểu Cổ Vest Cổ Ve Áo Khoác Ngoài Vải Lụa Mềm Mịn - SMV01
Thoi Trang Nam,Áo khoác măng tô nam trẻ trung thời trang mới NMT74
Thoi Trang Nam,"Áo khoác jean nam King168 , áo khoác bò cao cấp AK17"
Thoi Trang Nam,Áo Khoác Big Size Nam Nữ Unisex Áo Khoác Dù Nam 2 Lớp Chống Nắng Chống Lạnh Chống Gió Thời Trang Phom Body Phối Màu Hàn Quốc Cao Cấp AD73 - ShopN6
Thoi Trang Nam,"Áo khoác da cá GOKING 6 túi cho nam nữ, form unisex. Chống lanh, giữ ấm, chống nắng, chống tia UV hiệu quả"
Thoi Trang Nam,Áo Khoác Da Nam Lót Lông Phong Cách Hàn Quốc BN19
Thoi Trang Nam,"COMBO 4 QUẦN LÓT BOXER NAM cao cấp chất vải mềm mịn, hút mồ hôi tốt, kiểu dáng quyến rũ L2893"
Thoi Trang Nam,Áo Khoác Phao Nam Cao Cấp ShopN6 - PN1
Thoi Trang Nam,áo khoác dù nam
Thoi Trang Nam,Quần lót Nam thời trang mẫu mới - QL004
Thoi Trang Nam,Quần lót tam giác có lưng Nam vải thun lạnh mềm mát - A160
Thoi Trang Nam,"14 mẫu Áo thun in hình Naruto (phần 2/2), Sasuke, Kakashi, Itachi, Hinata, Gaara. Áo phông anime đẹp cho nam nữ, trẻ em"
Thoi Trang Nam,Quần thun ngắn nam tập gym DOGYMSHOP thun poly 2 da co giãn 4 chiều thoáng mát thoải mái khi chơi thể thao QGQL6
Thoi Trang Nam,Quần kaki Aligro ALGK053
Thoi Trang Nam,"Áo polo, áo phông, áo thun cổ bẻ nam màu navy in thân Aligro chất liệu cotton, không xù, không bám dính ALGPLO68"
Thoi Trang Nam,"LION KING, mã logo.g155. Áo thun polo cổ bẻ cho nam nữ, form unisex. Áo phông cổ trụ hàng hiệu Goking, quà tặng cao cấp cho gia đình, cặp đôi, doanh nghiệp"
Thoi Trang Nam,"Quần shorts nam đi biển, thể thao, mặc nhà - A130"
Thoi Trang Nam,Áo thun Polo nam Novelty 210096N
Thoi Trang Nam,Quần Short Jean nam Leman xanh trơn JL03 - Slim Form
Thoi Trang Nam,"YOU'RE THE BEST DAD, mã G163. Áo thun in siêu đẹp tặng cha. Áo phông hàng hiệu GOKING, form unisex cho nam nữ, trẻ em"
Thoi Trang Nam,Áo Sơ Mi Nam Xanh Dương Ngắn Tay Công Sở Trung Niên Anton Vải Sợi Tre Thấm Hút Mồ Hôi - NT203
Thoi Trang Nam,Áo phao nam trẻ trung thời trang hàn quốc NAP38
Thoi Trang Nam,ÁO NGẮN TAY VẠT NGANG
Thoi Trang Nam,Áo Khoác Nam Big Size Áo Khoác Dù Dày Nam Trơn Hai Lớp Chống Lạnh Chống Nắng Chống Gió Cao Cấp QD34 - ShopN6 (Nhiều Màu)
Thoi Trang Nam, Áo khoác dù nam 2 lớp SAM ANGELS - M098
Thoi Trang Nam,Quần Biển Nam
Thoi Trang Nam,Quần Jogger Nam Thể Thao - Quần Nỉ Nam QD1 Lót Lông Cao Cấp Chính Hãng
Thoi Trang Nam,Áo thun nam trung niên cotton 100% cực tốt
Thoi Trang Nam,Áo thun cá sấu nam 3 sọc kẻ
Thoi Trang Nam,"Quần boxer nam , quần lót đùi nam cao cấp ARES 01 được làm bằng chất thun lạnh mềm mịn thấm hút mồ hôi co giãn 4 chiều"
Thoi Trang Nam,"Combo 3 Quần lót nam cotton lụa phối 2 màu túi zip bạc 2601 – Thoáng mát, co giãn, đóng gói cao cấp (Size M-3XL)"
Thoi Trang Nam,"NEVER GIVE UP, mã G174. Áo thun nam nữ in chữ siêu đẹp. Áo phông thoát nhiệt GOKING hàng hiệu cao cấp"
Thoi Trang Nam,"Áo thun nam nữ in logo Hạc Giấy siêu đẹp, mã Logo-G55. Áo phông GOKING hàng hiệu, quà tặng cao cấp cho gia đình, cặp đôi, lớp nhóm, doanh nghiệp"
Thoi Trang Nam,Áo khoác dù nam có nón kiểu rằn ri kiểu lính
Thoi Trang Nam,Áo Phông Nam Cotton 100% In Hình 3D Cao Cấp Có Big Size - Áo Thun Nam Ngắn Tay Chất Mát Mùa Hè SZone PM70
Thoi Trang Nam,Áo thun nam ngắn tay cổ tim cotton thoáng mát FREEMAN TSF311
Thoi Trang Nam,Áo thun Polo nam Novelty 191227N
Thoi Trang Nam,"Áo jean nam xám cúc trắng in chữ paris, áo khoác bò nam cao cấp"
Thoi Trang Nam,Combo 3 Quần Lót Nam Quần Sịp Nam Sợi Cotton Cao Cấp MRM FASHION 1 Màu TẶNG Đôi Tất Nam Cao Cấp
Thoi Trang Nam,Quần Lót Nam Woada Bief Bamboo LK150
Thoi Trang Nam,Hộp combo 5 sịp đùi boxer SQB101 BLACK
Thoi Trang Nam,Combo sỉ gồm 5 quần lót đùi nam xuất nhật - quần boxernam
Thoi Trang Nam,Áo Khoác Kaki Nam Hai Lớp Phối Màu Cao Cấp QK20
Thoi Trang Nam,"Quần Âu Nam ALIGRO Màu Ghi Form Chuẩn Slimfit Vải Cotton Cao Cấp Cực Tôn Dáng, Lịch Sự ALGO1027"
Thoi Trang Nam,"Life Is Better With Coffee Cats And Books, mã G288. Áo thun siêu đẹp cho cả gia đình. Form unisex cho nam nữ, trẻ em, bé trai gái. Quà tặng ý nghĩa"
Thoi Trang Nam,"ARIZONA, mã G257. Áo thun in hình chữ siêu đẹp cho nam nữ, form unisex. Áo phông hàng hiệu GOKING. Quà tặng cao cấp cho gia đình, cặp đôi, hội nhóm, doanh nghiệp"
Thoi Trang Nam,"To the world you are a dad. To your family you are the world, mã G140. Áo thun in chữ đẹp tặng cha. Áo phông hàng hiệu Goking cao cấp. Quà tặng ý nghĩa cho bố"
Thoi Trang Nam,Áo Sơ Mi Nam Công Sở Trung Niên Thương Hiệu Anton Dài Tay Vải Cotton Xanh Đậm Trơn Có Túi -XA13
Thoi Trang Nam,Áo Sơ Mi Nam Trung Niên Công Sở Dài Tay Thương Hiệu Anton Vải Sợi Tre Kẻ Caro Màu Nâu - AC135
Thoi Trang Nam,QUẦN TÂY MÀU XANH ĐEN VIỆT TIẾN
Thoi Trang Nam,"Quần Túi Hộp Nam Lính Mỹ US ARMY U768 Cao Cấp, Chất Liệu Vải Kaki,Bền Màu, Ống Rộng Phong Cách, Thiết kế Túi Hộp- HÀNG CHÍNH HÃNG"
Thoi Trang Nam,"Áo Sơ Mi Nam Ngắn Tay Kiểu Dáng Cơ Trưởng U886 Thời Trang Hàn Quốc Chất Cotton Pha Lụa Mềm Mại, Thoáng Mát, Chống Nhăn, Trẻ Trung, Năng Động- HÀNG CHÍNH HÃNG"
Thoi Trang Nam,Áo Khoác Big Size Áo Khoác Kaki Nam Chống Nắng Chống Gió Chống Lạnh Chống Nóng Có Cổ Cao Dày 2 Lớp Thời Trang Nam Tính Hàn Quốc Cao Cấp ShopN6 - QK51  - M
Thoi Trang Nam,Combo 1 hộp 2 quần sịp boxer nam Jones304
Thoi Trang Nam,Áo thun nam Polo NOVELTY dệt họa tiết 210136N
Thoi Trang Nam,"(Video ) Áo khoác dù , áo khoác cặp đôi  , áo khoác gió , áo khoác nam kiểu bomber vải dù ngoại 2 lớp"
Thoi Trang Nam,Áo thun nam ngắn tay loang màu NOVELTY 210142
Thoi Trang Nam,(MỚI) ÁO KHOÁC KAKI M160 (Có Form Rộng XL - Chữ Thêu - Kèm Ảnh Thật)
Thoi Trang Nam,"ÁO THUN CỔ BẺ NAM, ÁO POLO THỜI TRANG NGẮN TAY, CHẤT THUN CÁ SẤU DỄ PHỐI ĐỒ  - LZPS114"
Thoi Trang Nam,ÁO THUN NAM COTTON CỔ BẺ CAO CẤP Y HÌNH
Laptop May Vi Tinh Linh Kien,Trend Micro Internet Security 1PC - Hàng chính hãng
Laptop May Vi Tinh Linh Kien,Máy in laser đen trắng Canon LBP 243DW II (In đảo mặt| A4| A5| USB| LAN| WIFI)- hàng nhập khẩu
Laptop May Vi Tinh Linh Kien,"Usb phát sóng wifi từ sim 4G USB Modem, Bộ phát Wifi từ Sim 4G, Dcom phát wifi tốc độ cao,  phủ sóng rộng - Hàng chính hãng / Hàng nhập khẩu"
Laptop May Vi Tinh Linh Kien,Mực nạp 35A/85A  dành cho hộp mực HP 35A 48A 83A 85A 78A 79A Canon 337 312 313 325 326 328 hàng chính hãng Alphacartridge
Laptop May Vi Tinh Linh Kien,"Hộp mực 337 dành cho máy in Canon MF211, MF221D,  MF215, MF241D LBP151dw/ Image CLASS MF 237W/ 247DW/ 211D/ MF212W/ MF221D/ MF241D/ MF215/ MF217W/ MF226DN/ MF229DW/ MF 236N/ MF244DW/ Hàng chính hãng Alpha Cartridge"
Laptop May Vi Tinh Linh Kien,Nguồn máy tính AIGO CK550 - Hàng Chính Hãng
Laptop May Vi Tinh Linh Kien,Nguồn máy tính AIGO CK450 - Hàng Chính Hãng
Laptop May Vi Tinh Linh Kien,"Hộp mực máy in Canon 2900 hàng nhập khẩu dùng cho máy in Canon LBP 2900, 3000, MF4100, MF4122, MF4140, MF4150, MF4270, MF4320, MF4340D, MF4350D, MF4370D, MF4380D, MF4680, L11121E, FX9 - Cartridge 103 / 303 / 703 mới 100% - 12A"
Laptop May Vi Tinh Linh Kien,Máy Đếm Tiền - Máy Đếm Tiền Oudis 5200C - Hàng Chính Hãng
Laptop May Vi Tinh Linh Kien,Ổ Cứng Gắn Ngoài Toshiba Canvio Flex Hàng Chính Hãng
Laptop May Vi Tinh Linh Kien,"Ổ Cứng Di Động HDD Seagate One Touch 2TB 2.5"" USB 3.0 + Phục Hồi Dữ liệu Rescue_Hàng chính hãng"
Laptop May Vi Tinh Linh Kien,Bộ Chuyển Đổi Internet TP-Link TL-PA7017 KIT Qua Đường Dây Điện Giagbit AV 1000Mbps - Hàng Chính Hãng
Laptop May Vi Tinh Linh Kien,USB 3.0 SanDisk Ultra Flair CZ73 SDCZ73-G46 - Hàng Chính Hãng
Laptop May Vi Tinh Linh Kien,Bộ mực in phun Brother BT5000C/Y/M - Hàng chính hãng
Laptop May Vi Tinh Linh Kien,Ram Laptop HyNix DDR3 2GB 1333Mhz PC3-10600s - Hàng Nhập Khẩu
Laptop May Vi Tinh Linh Kien,Băng mực máy in Kim Epson LQ310 - HÀNG CHÍNH HÃNG
Laptop May Vi Tinh Linh Kien,Hộp Đựng Ổ Cứng Di Động HDD Box 2.5 ORICO 2139C3-G2 USB3.1 Gen2 Type-C/2.5 Nhựa Trong Suốt - Hàng Chính Hãng
Laptop May Vi Tinh Linh Kien,USB SanDisk CZ430 Ultra Fit 16GB USB 3.1 - Hàng Chính Hãng
Laptop May Vi Tinh Linh Kien,Dây Cáp Mạng Ugreen CAT7 11270 (3m) - Hàng Chính Hãng
Laptop May Vi Tinh Linh Kien,Brother BT6000BK Ink Cho DCP-T300/T700W/MFC-T800W (Đen) - Hàng Chính Hãng
Laptop May Vi Tinh Linh Kien,Hộp mực 057 dành cho Canon LBP 223dw 226dw 228x MF453dw MF440 445dw 449x-KHÔNG CẦN GẮN CHIP VẪN NHẬN LỆNH IN 100% Hàng chính hãng Alpha Cartridge
Laptop May Vi Tinh Linh Kien,Bộ Lưu Điện UPS Santak TG 1250 PRO-Hàng chính hãng
Laptop May Vi Tinh Linh Kien,"Khay Đựng Ổ Cứng ORICO 1125SS Hỗ Trợ gắn SSD/HDD 2.5"" vào khay 3.5"" trên PC - Hàng chính hãng "
Laptop May Vi Tinh Linh Kien,(Giá Huỷ Diệt) Thiết Bị Chuyển Đổi USB Wi-Fi Nhỏ Gọn TP-Link Archer T2UB Nano Chuẩn Bluetooth 4.2 Tốc Độ Cao AC600 - Hàng Chính Hãng
Laptop May Vi Tinh Linh Kien,Bộ Phát Wifi TP-Link Archer C86 MU-MIMO Chuẩn AC 1900Mpbs - Hàng Chính Hãng
Laptop May Vi Tinh Linh Kien,Máy in laser đa chức năng Pantum M6505 ( In - Scan - Copy ) - Hàng Chính Hãng
Laptop May Vi Tinh Linh Kien,Bàn Phím cho Laptop Asus K45A  - Hàng Nhập Khẩu
Laptop May Vi Tinh Linh Kien,Pin cho Laptop Dell Latitude E6220 E6230 E6320 E6330 - Hàng Nhập Khẩu  MIBAT745
Laptop May Vi Tinh Linh Kien,Đầu cắm nguồn dành cho sạc Macbook Macbook Air Macbook Pro ( dạng 2 chấu ) - Hàng Nhập Khẩu
Laptop May Vi Tinh Linh Kien,Bộ mở rộng sóng TP-Link RE305- Hàng chính hãng
Laptop May Vi Tinh Linh Kien,Bộ chia mạng 5 cổng tốc độ 1000Mbps Switch SG105 Tenda hàng chính hãng
Laptop May Vi Tinh Linh Kien,Bộ Phát Wifi TP-Link Archer C64 Băng Tần Kép Chuẩn AC1200 - Hàng Chính Hãng
Laptop May Vi Tinh Linh Kien,"Bo Mạch Chủ/Mainboard MSI H510M-A PRO (Intel H510, Socket 1200, m-ATX, 2 khe Ram DDR4)- Hàng chính hãng"
Laptop May Vi Tinh Linh Kien,TOTOLINK A650USM - USB Wi-Fi mini băng tần kép AC650 Hàng chính hãng
Laptop May Vi Tinh Linh Kien,"Soundcard XOX K10 10th Jubilee phiên bản tiếng Anh 2021 chuyên hát Thu âm, Livestream Bigo, Facebook"
Laptop May Vi Tinh Linh Kien,"Bộ chuyển đổi USB 3.0 sang mạng LAN 10/100/1000Mbps RJ45 Gigabit Ethernet, mở rộng thêm cổng mạng cho máy tính, laptop... UGREEN CM209 50922 - Hàng Chính Hãng"
Laptop May Vi Tinh Linh Kien,Hộp mực máy in canon Lbp 6030/ 6030w
Laptop May Vi Tinh Linh Kien,Dây Cáp Mạng Orico PUG-C6-20 CAT6 2m - Hàng Chính Hãng
Laptop May Vi Tinh Linh Kien,TP-Link  TG-3468 - Card Mạng Gigabit - Hàng Chính Hãng
Laptop May Vi Tinh Linh Kien,"Adapter Nguồn 9V - 0.6A Cho TP-LINK Nguồn Adapter 9v 0.6A chân thường 5.5*2.5mm nguồn cắm cho thiết bị Wifi Tplink, - Adapter Tplink, Tenda - Hàng Nhập Khẩu"
Laptop May Vi Tinh Linh Kien,Ổ cứng gắn ngoài SSD Transcend ESD270C 500GB USB 3.1 Gen 2 type C - Hàng Chính Hãng
Laptop May Vi Tinh Linh Kien,Bộ Phát WIFI  Từ Sim 4G/5G/LTE MF800 - Pin 2100mAh ( hoạt động 6-8h) - Bộ Phát WIFI Không Dây Kết Nối Tối Đa 10 Thiết Bị - Hàng Chính Hãng
Laptop May Vi Tinh Linh Kien,Máy in laser đơn năng PANTUM P3012D ( In đảo mặt) - Hàng Chính Hãng
Laptop May Vi Tinh Linh Kien,[Combo 3 hộp] Nhãn In đa lớp Tz2-221 - Đen nền trắng 9mm x 8m - Hàng nhập khẩu
Laptop May Vi Tinh Linh Kien,Hộp đựng Ổ Cứng 2’5 màu trắng trong ORICO 2139US3 - Hàng Chính Hãng
Laptop May Vi Tinh Linh Kien,USB 3.0 SanDisk Ultra CZ48 - Hàng chính hãng
Laptop May Vi Tinh Linh Kien,"Phát Wifi Tenda F6 Chính hãng (4 anten 5dBi, 300Mbps, Repeater) - Hàng chính hãng"
Laptop May Vi Tinh Linh Kien,Mực đổ Thuận Phong TP17 dùng cho máy in Ricoh SP 100/ 200/ 201/ 202/ 203/ 210/ 212/ 300/ 310/ 311/ 312 - Hàng Chính Hãng
Laptop May Vi Tinh Linh Kien,"Ổ đĩa dvd rời cho laptop, desktop, máy tính bàn, ổ đĩa quang dvd rw gắn ngoài qua cổng USB hỗ trợ đọc, ghi đĩa dvd, cd không kén đĩa."
Laptop May Vi Tinh Linh Kien,USB SanDisk Cruzer Blade usb 2.0 CZ50 32GB - Hàng Chính Hãng
Laptop May Vi Tinh Linh Kien,Bộ Chia Mạng Switch 16 Cổng 10/100/1000M D-Link DGS-1016C - Hàng Chính Hãng
Laptop May Vi Tinh Linh Kien,Màn Hình Dell E2016HV 19.5inch (1600 x 900) 5ms 60Hz VGA - Hàng Chính Hãng
Laptop May Vi Tinh Linh Kien,Ổ Cứng Di Động Transcend StoreJet H3P 1TB USB 3.0/3.1 - TS1TSJ25H3P - Hàng Chính Hãng
Laptop May Vi Tinh Linh Kien, Vỏ Máy Tính Case VSP X2 Galaxy (Black/White) - Hàng Chính Hãng
Laptop May Vi Tinh Linh Kien,Ổ cứng SSD di động 1TB SSD Crucial X9 USB 3.2 Gen-2 2x2 CT1000X9SSD9 - HÀNG CHÍNH HÃNG
Laptop May Vi Tinh Linh Kien,Bộ Phát WIFI Tốc Độ Cao Từ Sim 4G/5G/LTE ZTE MF800 - Pin 2100mAh - Bộ Phát WIFI Không Dây Kết Nối Tối Đa 10 Thiết Bị - Hàng Chính Hãng
Laptop May Vi Tinh Linh Kien,Bộ Chuyển Đổi USB Wifi Bluetooth TP-Link Archer T2UB Nano Chuẩn AC 600Mbps - Hàng Chính Hãng
Laptop May Vi Tinh Linh Kien,Hộp đựng ổ cứng Ugreen M.2 Portable Hard Drive Enclosure CM238 - Hàng chính hãng
Laptop May Vi Tinh Linh Kien,Loa hội nghị truyền hình Jabra Speak 510 MS - Hàng nhập khẩu
Laptop May Vi Tinh Linh Kien,Bộ Phát Wifi TP-Link Archer AX53 Chuẩn Wifi 6 Tốc Độ 3000Mbps - Hàng Chính Hãng
Laptop May Vi Tinh Linh Kien,[Hàng chính hãng] Máy scan thông minh Czur Lens 1200 Pro
Laptop May Vi Tinh Linh Kien,"Router Wifi 6 băng tần 2,4/5Ghz TP-Link Archer AX10 - Hàng Chính Hãng"
Laptop May Vi Tinh Linh Kien,Giấy in nhiệt K57x38mm thùng 100 cuộn
Laptop May Vi Tinh Linh Kien,Giấy in tem mã vạch a4 65 tem
Laptop May Vi Tinh Linh Kien,Box Chuyển SSD M2 Sata Sang Ổ Cứng Di Động SSK SHE-C320 Chuẩn 3.0 Hỗ Trợ Đến 5Gbps  - Hàng Nhập Khẩu
Laptop May Vi Tinh Linh Kien,Đĩa CD trắng Maxell - Cọc 50 đĩa - Hàng nhập khẩu
Laptop May Vi Tinh Linh Kien,Ổ đĩa quang gắn ngoài Asus SDRW-08D2S-U LITE - Hàng chính hãng
Laptop May Vi Tinh Linh Kien,Bộ Phát Wifi Mercusys MW305R Chuẩn N 300Mbps - Hàng Chính Hãng
Laptop May Vi Tinh Linh Kien,Bộ Phát Sóng WiFi Di Động Tốc Độ Cao 4G/5G LTE 150Mbps - Màn Hình Màu LCD - Phát Sóng Mạnh - Bản Quốc Tế Hỗ Trợ Tất Cả Nhà Mạng - Dung Lượng Pin Cao - Hàng Chính Hãng
Laptop May Vi Tinh Linh Kien,"SET Mực in pigment Epson 008 siêu bền màu, không phai cho máy in Epson L15150 L15160 L6570 L6580 Hàng Nhập Khẩu"
Laptop May Vi Tinh Linh Kien,KEO Tản Nhiệt Cooler Master Mastergel Pro V2 - Hàng Chính Hãng
Laptop May Vi Tinh Linh Kien,Nguồn máy tính AIGO CK350 - Hàng Chính Hãng
Laptop May Vi Tinh Linh Kien,"TP-Link LS1008 - Bộ chia mạng 8 cổng, tiết kiệm điện năng, tốc độ cao 10/100 Mbps - Hàng chính hãng"
Laptop May Vi Tinh Linh Kien,"Bộ phát Wifi di động PROLiNK DL7203E, SIM 4G LTE 150Mbps, pin 5200mAH, màn hình 1.44"", cổng RJ45, USB 2.0, microSD - Hàng chính hãng"
Laptop May Vi Tinh Linh Kien,USB wifi TP-Link chuẩn AC600 Mbps USB adapter băng tần kép wifi Archer T2U Plus - Hàng chính hãng.
Laptop May Vi Tinh Linh Kien,Đèn treo màn hình Yeelight LED Screen Light Bar Pro Flagship Edition (Limited)- Dùng được màn hình monitor cong/phẳng - Hàng Chính Hãng
Laptop May Vi Tinh Linh Kien,USB 32GB SanDisk Ultra Dual Drive Luxe Type-C (SDDDC4-032G-G46)- Hàng chính hãng
Laptop May Vi Tinh Linh Kien,Máy in đen trắng HP LaserJet M211D (9YF82A) - Hàng chính hãng
Laptop May Vi Tinh Linh Kien,USB thu sóng Wifi TP-Link TL-WN821N- Hàng chính hãng
Laptop May Vi Tinh Linh Kien,Combo 3 lọ mực nạp dành cho máy in Brother - Hàng nhập khẩu
Laptop May Vi Tinh Linh Kien,USB 3.2 Gen 1 Kingston DataTraveler Exodia - Hàng Chính Hãng
Laptop May Vi Tinh Linh Kien,Bộ Phát Wifi Mesh TP-Link Deco X60 AX3000 MU-MIMO Hàng Chính Hãng
Laptop May Vi Tinh Linh Kien,Tp-Link MR100 | Router Wi-Fi 4G LTE Chuẩn N Tốc Độ 300 Mbps | Hàng Chính Hãng
Laptop May Vi Tinh Linh Kien,Dây cáp mạng 2 đầu đúc sẵn Cat6 UTP UGREEN NW102 20164 dài 10M - Hàng chính hãng
Laptop May Vi Tinh Linh Kien,Màn Hình Viewsonic VA2223-H 22 inch Full HD - Hàng Chính Hãng
Laptop May Vi Tinh Linh Kien,USB 3.1 SanDisk Ultra Luxe CZ74 256GB 150MB/s (Bạc) - Hàng Chính Hãng
Laptop May Vi Tinh Linh Kien,Máy scan thông minh ET18 Pro-Czur - Hàng Chính Hãng
Laptop May Vi Tinh Linh Kien,USB SanDisk CZ430 Ultra Fit  256gb - USB 3.1
Laptop May Vi Tinh Linh Kien,Mini PC Intel NUC NUC5CPYH - Celeron N3050 - Hàng Chính Hãng
Giay Dep Nam,"Keo Dán Giày Thể Thao Sêu Dính Dùng Nhiệt Trong Suốt Không Tổn Thương Da, Keo Dính Giày Đa Năng Siêu Bền Chống Nước Tốt Xanh"
Giay Dep Nam,Dép nam quai ngang da bò thật cao cấp BHD8083 Dép quai hậu
Giay Dep Nam,Dép Nam Bít Đầu BIGGBEN Da Bò Thật DN357
Giay Dep Nam,Giày Mọi Nam Da Bò Thật BIGGBEN Cao Cấp GM274
Giay Dep Nam,"Túi Giày Thể Thao TNBags TN.B 9002 – Chống Nước, 2 Ngăn, Phù Hợp Gym, Đá Banh, Unisex!"
Giay Dep Nam,Giày Sandal Nam The Bily  Quai Chéo - Xám Thổ Cẩm BL01XTC
Giay Dep Nam,Đón gót giày bằng sừng liền khối (DGH904) Cứng chắc/ bền/ bóng đẹp /màu sắc tự nhiên - Cho giày Nam & Nữ 
Giay Dep Nam,"Giày Tây Nam Da Bò Pull-up Cao Cấp SUNPOLO MU8003 (Đen, Nâu, Đỏ)"
Giay Dep Nam,"Giày Nam, Giày Lười Da Bò Cao Cấp SUNPOLO SUMU05 (Đen, Nâu)"
Giay Dep Nam,Giày Sandal Nam HA NAM Da Bò Thật Cao Cấp DNA2137
Giay Dep Nam,Giấy lau giày sneaker
Giay Dep Nam,Giày Boot Nam BIGGBEN Da Bò Thật Cao Cấp BT1
Giay Dep Nam,Giày Tây Nam Da Bò SUNPOLO TAY234
Giay Dep Nam,Giày Mọi Nam Da Bò SUNPOLO SU3028D
Giay Dep Nam,Dép Nam Quai Ngang Da Bò SUNPOLO SUD24N - Nâu (Size
Giay Dep Nam,Dép Nam Quai Ngang HÀ NAM Da Bò Thật Cao Cấp DNA2217
Giay Dep Nam,Dép Nam Da Bò Thật BIGGBEN Cao Cấp DN320
Giay Dep Nam,Dây Giày Loại Tròn Tết Soắn Thừng Phủ Lớp Sáp Chống Nước Cao Cấp DGD2022
Giay Dep Nam,Dép nam xỏ ngón da bò màu đen may viền chính hãng Trường Hải XN159
Giay Dep Nam,Dép Bít Mũi Nam HÀ NAM Da Bò Thật Cao Cấp GSB2068
Giay Dep Nam,Giày Tây Nam Da Bò BIGGBEN Cao Cấp GT171
Giay Dep Nam,Dép Xỏ Ngón Nam BIGGBEN Da Bò Thật DK63
Giay Dep Nam,Giày Mọi Nam BIGGBEN Da Bò Thật GM225
Giay Dep Nam,Dép nam bít mũi da bò cao cấp TH_QN053
Giay Dep Nam,Combo 2 bộ miếng lau giày siêu sạch SHOE SHINE (Màu Đen)
Giay Dep Nam,Giày Mọi Nam Da Bò Sunpolo SUS505N
Giay Dep Nam,Dép Sục Nam BIGGBEN Da Bò Thật Vân Cá Sấu SB45
Giay Dep Nam,Giày Tây Tăng Chiều Cao Nam BIGGBEN Da Bò Thật Cao Cấp GT66
Giay Dep Nam,Giày Tây Nam BIGGBEN Da Bò Thật GT16
Giay Dep Nam,Dép Kẹp Nam da PABNO PN21043
Giay Dep Nam,DÉP NAM QUAI NGANG DA BÒ CAO CẤP VATIS
Giay Dep Nam,Bộ dụng cụ đánh giày 7 món Linh Chi Bedding kèm 2 hộp xi đánh giày tiện lợi
Giay Dep Nam,Dép Nam Quai Ngang Da Bò Thật TiTi ĐÔ Cao Cấp DNA2074d
Giay Dep Nam,"Dép Quai Ngang, Dép Nam Da Bò SUNPOLO SUA022 (Đen, Nâu)"
Giay Dep Nam,Dép Nam Quai Ngang HÀ NAM Da Bò Thật Cao Cấp DNA2145
Giay Dep Nam,Dép Nam Quai Ngang HÀ NAM Da Bò Thật Cao Cấp DNA2074
Giay Dep Nam,Dép nam quai ngang da bò thật HÀ NAM cao cấp DN275
Giay Dep Nam,Giày Converse Chuck Taylor All Star 1970S Signature Low Top 167698C
Giay Dep Nam,Dép Nam Da Bò BIGGBEN Cao Cấp DN227
Giay Dep Nam,Dép Nam BIGGBEN Da Bò Thật Cao Cấp DN132
Giay Dep Nam,Dép Nam BIGGBEN Da Bò Thật Cao Cấp DN125
Giay Dep Nam,Giày Mọi Nam BiGGBEN Da Bò Thật Cao Cấp GM206
Giay Dep Nam,Dép nam quai ngang da bò đế doctor cao 2.5cm màu đen Trường Hải DN01-125
Giay Dep Nam,Dép Xỏ Ngón Nam HÀ NAM Da Bò Thật Cao Cấp DNA22205
Giay Dep Nam,Giày sandal nam da bò thật BIGGBEN cao cấp SD123
Giay Dep Nam,Dây Giày Loại Tròn Cao Cấp DGD2024a
Giay Dep Nam,DÉP NAM QUAI NGANG DA BÒ CAO CẤP VA2004
Giay Dep Nam,Giày Sandal Nam The Bily Quai Ngang - Xám Thổ Cẩm BL03XTC
Giay Dep Nam,Giày Tây Nam Da Bò Cao Cấp SUNPOLO MU3103 (Đen)
Giay Dep Nam,Dép nam da bò BIGGBEN cao cấp DN272
Giay Dep Nam,Giày mọi nam đế âm HÀ NAM da bò thật cao cấp GDA2021
Giay Dep Nam,Dép bít mũi nam da bò thật HÀ NAM cao cấp GSB2049
Giay Dep Nam,Dép Nam Da Bò BIGGBEN Cao Cấp DN262
Giay Dep Nam,Dép nam quai chéo Trường Hải màu nâu  da cá sấu thật sang trọng sắc sảo  may viền chắc chắn đế kếp mềm dẻo  không trơn  DN0811
Giay Dep Nam,Giày Mọi Nam Da Bò BIGGBEN GM213
Giay Dep Nam,Dép Nam BIGGBEN Da Bò Thật Cao Cấp DN205
Giay Dep Nam,Giày Mọi Nam Da Bò Sunpolo SU007DN
Giay Dep Nam,Giày Lười Nam Da Bò SUNPOLO SUKT2581N
Giay Dep Nam,Chuck 70 Parchment Low | Giày Converse 1970s Kem Cổ Thấp Egret 162062C
Giay Dep Nam,Dép nam da cá sấu đế cao 3cm Trường Hải Màu đen quai ngang DN266
Giay Dep Nam,Dép bít mũi nam da bò thật BIGGBEN cao cấp SB108
Giay Dep Nam,Giày Mọi Nam HÀ NAM Da Bò Thật Cao Cấp GM2065
Giay Dep Nam,Dép Nam Quai Ngang HÀ NAM Da Bò Thật Cao Cấp DNA2075
Giay Dep Nam,Giày Mọi Nam Da Bò BIGGBEN Cao Cấp GM240
Giay Dep Nam,Giày sục nam da bò  Trường Hải màu xanh rêu đế cao su không trơn hàng may chắc chắn thời trang cao cấp BMN0200
Giay Dep Nam,Giày nam da bò đế doctor Trường hải da bò cao cấp mêm mại GN045
Giay Dep Nam,Dép bít mũi nam da bò cao cấp Trường Hải BM215
Giay Dep Nam,Dép Nam BIGGBEN Da Bò Thật Cao Cấp DN196
Giay Dep Nam,Giày Mọi Nam BIGGBEN Da Bò Thật Cao Cấp GM145
Dien Tu Dien Lanh,"Set 4 cái chân đế cao su đặc chống rung lắc, va đập, trơn trượt cho máy giặt, tủ lạnh, bàn ghế, thiết bị điện Morado- Hàng chính hãng"
Dien Tu Dien Lanh,Máy rửa chén BEKO DEN48520X - Hàng chính hãng
Dien Tu Dien Lanh,Máy giặt Samsung Inverter 10kg WW10TP44DSH/SV - Chỉ giao HCM
Dien Tu Dien Lanh,Máy giặt Toshiba Inverter 9.0 kg AW-DK1000FV-KK - HÀNG CHÍNH HÃNG
Dien Tu Dien Lanh,Điều Khiển Dùng Cho Điều Hòa LG - Hàng nhập khẩu
Dien Tu Dien Lanh,Máy nước nóng trực tiếp Panasonic 4500W (KHÔNG BƠM) DH-4VS1VW Mẫu mới - HÀNG CHÍNH HÃNG - CHỈ GIAO HCM
Dien Tu Dien Lanh,Tủ lạnh Toshiba Inverter 233 lít GR-RT303WE-PMV(52) - Hàng Chính Hãng (Chỉ giao HCM) 
Dien Tu Dien Lanh,Tủ lạnh Sharp Inverter 362 lít SJ-FX420V-SL - Hàng chính hãng (chỉ giao HCM)
Dien Tu Dien Lanh,Google Tivi Mini LED Sony 4K 65 inch XR-65X95K - Model 2022
Dien Tu Dien Lanh,Tủ Ướp  Rượu Vang Kết Hợp Tủ Mát Keplercook BCW69A1D- Hàng Chính Hãng
Dien Tu Dien Lanh,TỦ MÁT SANAKY 700 LÍT VH-8009HP ĐỒNG (HÀNG CHÍNH HÃNG) (CHỈ GIAO HCM)
Dien Tu Dien Lanh,TỦ ĐÔNG SANAKY INVERTER 240 LÍT VH-2899A4K ĐỒNG (R600A) (KÍNH CƯỜNG LỰC)   - HÀNG CHÍNH HÃNG
Dien Tu Dien Lanh,Đầu thu kỹ thuật số DVB T2 LTP STB-1306  hàng chính hãng  tặng Anten DVB T2
Dien Tu Dien Lanh,Tủ Mát Alaska LC-50 (50L)
Dien Tu Dien Lanh,Máy sấy bơm nhiệt Electrolux UltimateCare 8 kg EDH803J5WC - HÀNG CHÍNH HÃNG - CHỈ GIAO HCM
Dien Tu Dien Lanh,Google Tivi Sony 4K 43 inch K-43S30 Mới 2024 - Hàng chính hãng - Giao HCM và 1 số tỉnh thành
Dien Tu Dien Lanh,Máy Giặt Sharp 8.5kg ES-Y85HVS - Chỉ giao HCM
Dien Tu Dien Lanh,MÁY GIẶT TOSHIBA 9kg AW-M1000FV(MK) - Hàng chính hãng( Chỉ giao HCM)
Dien Tu Dien Lanh,MÁY NƯỚC NÓNG TRỰC TIẾP PANASONIC DH-4US1VS - Hàng chính hãng( Chỉ giao HCM)
Dien Tu Dien Lanh,Giá Treo TiVi North Bayou P6 Xoay Đa Năng Màu Đen Mẫu 2021 Lắp Cho Màn Hình Từ 45 inch - 75 inch Nhập Khẩu
Dien Tu Dien Lanh,"Bộ 04 chân đế cao su chống rung máy giặt   - HT SYS - Đế chống rung máy giặt - Đế chống ồn máy giặt, máy sấy,tủ lạnh, bàn ghế - Giao màu ngẫu nhiên"
Dien Tu Dien Lanh,Smart Tivi OLED LG 4K 55 inch OLED55GXPTA
Dien Tu Dien Lanh,Tủ lạnh Hitachi Inverter 569 lít R-WB640VGV0 GBK
Dien Tu Dien Lanh,Tủ Mát Inverter Sanaky VH-408W3L (340L) - Hàng Chính Hãng - Chỉ giao tại HCM
Dien Tu Dien Lanh,Tủ Đông SANAKY 1 Ngăn VH-1599HY - Hàng Chính Hãng
Dien Tu Dien Lanh,Tủ Đông Sanaky VH-2899A3 (240L) - Hàng Chính Hãng
Dien Tu Dien Lanh,Tủ lạnh Toshiba GR-RS775WI-PMV(06)-MG Inverter 596 lít - Hàng chính hãng ( chỉ giao HCM )
Dien Tu Dien Lanh,Chân máy giặt tủ lạnh đa năng máy lọc nước may rửa bát chống rung chống ồn trụ bọc inox sang trọng
Dien Tu Dien Lanh,Máy nước nóng gián tiếp 15 lít Ariston AN2 15 LUX-D AG+
Dien Tu Dien Lanh,Bình nóng lạnh trực tiếp Ariston 4500W AURES PREMIUM+ 4.5 - Hàng chính hãng
Dien Tu Dien Lanh,Tủ lạnh Electrolux 94 Lít EUM0930AD-VN - Hàng chính hãng (chỉ giao HCM)
Dien Tu Dien Lanh,Tủ lạnh Panasonic Inverter 550 lít NR-DZ601VGKV - Ngăn đông mềm siêu tốc - Hàng chính hãng
Dien Tu Dien Lanh,Tủ lạnh Panasonic Inverter 234 lít NR-TV261APSV - Chỉ giao tại HCM
Dien Tu Dien Lanh,Tủ đông Sanaky 100 lít VH-1599HYK - Chỉ giao HCM
Dien Tu Dien Lanh,Máy lạnh Toshiba Inverter 1 HP RAS-H10E2KCVG-V Mới 2021 - Hàng chính hãng ( chỉ giao HCM ) 
Dien Tu Dien Lanh,Tủ Lạnh Inverter Samsung 208 Lít RT20HAR8DBU/SV- Hàng Chính Hãng - Chỉ Giao tại HCM
Dien Tu Dien Lanh,Máy Rửa Chén Candy CDPN 1L390PW - Hàng Chính Hãng - Chỉ Giao tại HCM
Dien Tu Dien Lanh,Điều khiển điều hòa panasonic CS 2 Chiều
Dien Tu Dien Lanh,Tủ lạnh Hitachi Inverter 540 lít R-FW690PGV7X GBK
Dien Tu Dien Lanh,Máy Nước Nóng Panasonic 4MP1VW (4500W)
Dien Tu Dien Lanh,Máy giặt Aqua Inverter 8.5 kg AQD-A852J(BK) - hàng chính hãng - chỉ giao HCM
Dien Tu Dien Lanh,Máy Nước Nóng Ariston AN2 15 RS - 2.5 - FE (2500W) - Lắp 250k tại TP. HCM - Lắp đặt 250k tại tp.hcm. Khách CHAT với shop
Dien Tu Dien Lanh,Máy Nước Nóng Trực Tiếp Panasonic DH-4US1VW
Dien Tu Dien Lanh,Máy nước nóng Panasonic U Series DH-4UDP1VZ có bơm - Hàng chính hãng( Chỉ giao HCM)
Dien Tu Dien Lanh,Máy nước nóng trực tiếp Ariston 4500W AURES PREMIUM+ 4.5P - Hàng Chính Hãng - Chỉ Giao Hồ Chí Minh
Dien Tu Dien Lanh,Máy giặt Panasonic Inverter 12.5 Kg NA-FD125V1BV Mới 2021 - Hàng chính hãng (chỉ giao HCM)
Dien Tu Dien Lanh,Chân kệ kê máy giặt - tủ lạnh có thể thay đổi độ dài
Dien Tu Dien Lanh,Máy lạnh Panasonic Inverter 1.5 HP CU/CS-XU12ZKH-8 - Hàng chính hãng - Chỉ giao HCM
Dien Tu Dien Lanh,Tủ lạnh Side By Side Inverter LG GR-D247MC (601L) - Hàng chính hãng - Chỉ giao tại HCM
Dien Tu Dien Lanh,Tủ Đông Sanaky VH-6699W3 (500L) - Hàng Chính Hãng
Dien Tu Dien Lanh,Tủ Đông Sanaky VH-5699W3 (400L) - Hàng Chính Hãng
Giay Dep Nu,Dép Nữ Đế Xuồng BIGGBEN Da Bò Thật DX21
Giay Dep Nu,Giày sandal nữ Trường Hải da bò thật đế cao su không trơn dép cao 2.5cm dép thời trang cao cấp SDN074
Giay Dep Nu,Dép Xỏ Ngón Nữ BIGGBEN Da Bò Thật DXN03
Giay Dep Nu,Dép Đế Xuồng Nữ Da Bò BIGGBEN Cao Cấp DX31
Giay Dep Nu,Dép Xỏ Ngón Nữ Da Bò BIGGBEN Cao Cấp DXN27
Giay Dep Nu,Dép quai kẹp xốp Bitis nữ đế 7cm
Giay Dep Nu,Dép quai kẹp Bitis nữ 5cm
Giay Dep Nu,"Cặp lót giày cao gót mũi nhọn giảm size cho giày bị rộng, thoáng khí và êm chân MÀU ĐEN"
Giay Dep Nu,Chai Xịt Tạo Bọt Vệ Sinh Giày SNOKER Cao Cấp 300ml Làm Sạch Giày Cao Cấp Giúp Giày Trắng Sáng
Giay Dep Nu,Gel Tẩy Ố Đế Giày Và Các Chi Tiết Cao Su Chuyên Dụng 100ml Dincox X Matteo Chính Hãng
Giay Dep Nu,Dép Xỏ Ngón Nữ BIGGBEN Da Bò Thật DXN20
Giay Dep Nu,Dép nữ da bò thật BIGGBEN cao cấp DNQN42
Giay Dep Nu,Giày búp bê nữ BIGGBEN da bò cao cấp BB91
Giay Dep Nu,Dép Sục Nữ Da Bò BIGGBEN Cao Cấp SBN39
Giay Dep Nu,Crep Protect Sneakers Shields - Miếng Lót Chống Nhăn Mũi Giầy Nữ
Giay Dep Nu,Dép cao su Nữ 5 quai to
Giay Dep Nu,Dép quai kẹp Bitis nữ đế 5cm
Giay Dep Nu,Sandal Xuồng Nữ BIGGBEN Cao Cấp SDX10
Giay Dep Nu,Dép Nữ Đế Xuồng BIGGBEN Da Bò Thật DX22
Giay Dep Nu,Giày Sandal Cao Gót BIGGBEN Da Bò Thật SDCG44
Giay Dep Nu,Giày Sandal Nữ BIGGBEN Da Bò Thật SDN42 - 37
Giay Dep Nu,Giày Sandal Nữ BIGGBEN Da Bò Thật SDN35 - 40
Giay Dep Nu,Sandal Xuồng Nữ BIGGBEN Cao Cấp SDX09
Giay Dep Nu,Dép Nữ Cao Gót BIGGBEN Cao Cấp DCG42
Giay Dep Nu,Giày Sandal Nữ BIGGBEN Da Bò Thật SDN50
Giay Dep Nu,Giày Sandal Nữ BIGGBEN Da Bò Thật SDN0399
Giay Dep Nu,Dép Xỏ Ngón Nữ BIGGBEN Da Bò Thật Cao Cấp DXN08
Giay Dep Nu,Dép Nữ Da Bò Thật BIGGBEN Cao 3 Phân DNQN46
Giay Dep Nu,Giày Sandal Đế Xuồng Nữ Da Bò BIGGBEN Cao Cấp SDX29
Giay Dep Nu,Giày Búp Bê Nữ Da Bò BIGGBEN Cao Cấp BB74
Giay Dep Nu,Giày Sandal Nữ BIGGBEN Da Bò Thật SDN19
Giay Dep Nu,Set Lót Giày Sợi Tre Khử Mùi Hôi Thoáng Khí – Combo Miếng Lót Êm Cho Nam Và Nữ
Giay Dep Nu,Dép Quai Ngang Nữ Màu Cam Xanh The Bily 01-BLD01W
Giay Dep Nu,Giày nữ mũi nhọn Đế Xuồng 5cm Da Bò đính nơ xinh xắn Màu Đen Trường Hải DX117Đ
Giay Dep Nu,Giày Đế Xuồng Nữ BIGGBEN Da Bò Thật Cao 7 Phân SDX52
Giay Dep Nu,Giày Mọi Nữ Đế Bệt Da Bò Thật TiTi ĐÔ Cao Cấp GBBN2050d
Giay Dep Nu,Giày Nữ Búp Bê Đế Bệt Da Bò Thật TiTi ĐÔ Cao Cấp GBB2060d
Giay Dep Nu,Sục nữ cao gót 7cm da mềm mại màu đen Trường Hải S112
Giay Dep Nu,Giày Búp Bê Nữ Đế Bệt HÀ NAM Da Bò Thật Cao Cấp GBBN2062
Giay Dep Nu,Giày Nữ Búp Bê Đế Bệt HÀ NAM Da Bò Thật Cao Cấp GBBN2041
Giay Dep Nu,Giày Búp Bê Nữ Đế Xuồng Da Bò BIGGBEN Cao Cấp BB105
Giay Dep Nu,Giày búp bê nữ BIGGBEN da bò cao cấp BB97
Giay Dep Nu,Giày búp bê nữ da bò BIGGBEN cao cấp BB92
Giay Dep Nu,Giày Sandal Cao Gót BIGGBEN Da Bò Thật SDCG43
Giay Dep Nu,Giày Búp Bê BIGGBEN Da Bò Thật Cao Cấp BB21
Giay Dep Nu,Lót Giày Tăng Chiều Cao Không Khí Nửa Bàn 2 Lớp Winwinshop88 (5cm) - Đen
Giay Dep Nu,Sandal Bitis nữ (35-40)
Giay Dep Nu,Giày Đế Xuồng Nữ BIGGBEN Da Bò Thật Đế Cao 5 Phân SDX44
Giay Dep Nu,Dép quai ngang Bitis nữ đế 4cm
Giay Dep Nu,Giày Cao Gót Da Bò Thật BIGGBEN Gót 7 Phân SDCG74
Giay Dep Nu,Giày sục nữ đế xuồng 5cm da bò Trường Hải màu hồng phấn  da mềm mại không bong tróc SN136
Giay Dep Nu,Dép Nữ Cao Gót BIGGBEN Cao Cấp DCG44
Giay Dep Nu,Dép Xỏ Ngón Nữ Da Bò BIGGBEN Cao Cấp DXN25
Giay Dep Nu,Bộ 2 cặp lót giày bảo vệ gót chân và chống tuột gót giày (loại hạt xoài) - buybox - BBPK20
Giay Dep Nu,Dép Xuồng Nữ BIGGBEN Cao Cấp DX14
Giay Dep Nu,Giày Sabo Nữ BIGGBEN Da Bò Thật SBN22
Giay Dep Nu,Dép Nữ Đế Xuồng BIGGBEN Da Bò Thật DX7
Giay Dep Nu,Dép Sabo Nữ BIGGBEN Da Bò Thật SBN13
Giay Dep Nu,Dép Nữ BIGGBEN Da Bò Thật DNQN10
Giay Dep Nu,Nước giặt giày cao cấp Elmie 500ml nội địa Nhật Bản
Giay Dep Nu,Sandal Bitis nữ (size 35-40)
Giay Dep Nu,Dép Cao Gót Nữ BIGGBEN Da Bò Cao 8 Phân DCG100
Giay Dep Nu,Giày Sandal Nữ Kẹp Da Bò Thật BIGGBEN Cao Cấp SDN91
Giay Dep Nu,Giày Boot Nữ Da Bò BIGGBEN Cao 7 phân BON3
Giay Dep Nu,Dép Nữ Da Bò Thật BIGGBEN Cao Cấp DNQN50
Giay Dep Nu,Giày Sandal Cao Gót Da Bò Thật BIGGBEN SDCG69
Giay Dep Nu,Giày sandal nữ đê xuồng 5cm da bò thật màu đen Trường Hải SDNTH0113
Giay Dep Nu,Giày Sandal Nữ Cao Gót BIGGBEN Da Bò Thật SDCG41
Giay Dep Nu,"Bộ 3 chai xịt khử mùi giày dép, mũ bảo hiểm 120ml Hando"
May Anh,"Chân đế gắn camera cho camera Ezviz, Imou,... - Gắn camera vào bất cứ đâu, tiện lợi, dễ dàng - Hàng Nhập Khẩu"
May Anh,ROGTZ - Camera nội soi P10 Chống nước IP68 Màn hình IPS 2.8 inch Đường kính camera 3.9mm Độ phân giải cao 1080p 8 đèn LED Đa ngôn ngữ  Pin lithium dung lượng cao 3.7V 2600mAh Nhà xưởng Y tế Cầm tay Ô tô Nhà cửa Hàng Chính Hãng
May Anh," Ulanzi R094 / Ulanzi R096 - Kẹp Đa Năng Xoay 360°, Chịu Tải 1.5 Kg- Hàng chính hãng"
May Anh,Camera IP Dome hồng ngoại 4.0 Megapixel HIKVISION DS-2CD1143G0-IUF (Hàng chính hãng)
May Anh,"Camera wifi gia đình IMOU Ranger 2 A42P 4MP chính hãng xoay 360 độ , đàm thoại hai chiều , nhận thông báo khi phát hiện chuyển động và tiếng động lạ - Hàng Chính Hãng"
May Anh,Camera HDTVI Thân ColorVu có mic 2MP HIKVISION DS-2CE12DF3T-FS chính hãng Nhà An Toàn
May Anh,"Ống nhòm cao cấp Carson RD-050 (10x50) - (Chống nước, sương mù) - Hàng chính hãng"
May Anh,Kính hiển vi bỏ túi Carson PocketMicro MM-450 (20x-60x) - Hàng chính hãng
May Anh,Micro Thu Âm Không Dây By-WM4 Pro
May Anh,Camera IP Yoosee 3 râu 2.0 Full HD 1080p dùng phần mềm Yoosee bảo mật cao - Hàng Nhập Khẩu
May Anh,Camera HIKVISION DS-2CE56H0T-ITMF 5.0 Megapixel – Hàng Nhập Khẩu
May Anh,Micro Thu Âm Cài Áo Rode Rodelink FiLMmaker Kit - Hàng Chính Hãng
May Anh,Camera quan sát HD-TVI Hồng Ngoại 2MP HIKVISION DS-2CE56D0T-IRP - Hàng Chính Hãng
May Anh,Đầu Ghi Hình HD 4MP 16 Kênh Chuẩn H.265 Pro+ HIKvision DS-7216HQHI-K1 - Hàng Chính Hãng
May Anh,Bộ 2 Pin + 1 Sạc đôi Ravpower LP-E6 Cho Canon 5D Mark IV / 5D Mark III / 5DS / 5DS R / 5D Mark II / 6D Mark II / 7D Mark II / 7D / 80D / 70D / 60D (Chính Hãng Ravpower)
May Anh,Gói Hút Ẩm (Silica Gel Desiccant) 10 Gram/túi (1kg/bọc) 
May Anh,Mic Thu Âm Cho Điện Thoại Và Máy Ảnh BOYA BY-M1 - Hàng Chính Hãng
May Anh,Micro Ghi Âm Cài Áo BOYA BY-M - Hàng Chính Hãng
May Anh,Tẩu Sạc Đổi Nguồn Ô Tô cổng USB 2.1A DC 12V sang AC 220V 150W
May Anh,"Camera IMOU Ranger 2C, Camera Xoay 360, AI Phát hiện người, màng trập riêng tư 2MP/4MP - Hàng Chính Hãng"
May Anh,Camera IP Wifi Tenda CP3 1080P 360°-Có Báo Động - Hàng Chính Hãng
May Anh,Camera IP Wifi Tenda CP3 Full HD 1080P 360° - Hàng Chính Hãng
May Anh,"Túi chống ẩm thực phẩm, giày dép, quần áo - Hàng chính hãng"
May Anh, Đầu ghi hình camera IP 16 kênh HIKVISION DS-7616NI-K1(B) - Hàng chính hãng
May Anh,"Chân Máy Ảnh, Điện Thoại Yunteng 228 - Hàng Nhập Khẩu"
May Anh,"Camera Wifi Ezviz Dome H4 3MP 2K đàm thoại 2 chiều, ghi hình màu ban đêm - hàng chính hãng"
May Anh,"Camera Wifi Ezviz Ngoài Trời AI thông minh, màu ban đêm, H3C 4MP 2K - Hàng chính hãng"
May Anh,"Camera Wifi Ngoài Trời EZVIZ CS-BC1C Dùng Pin Tặng Kèm pin mặt trời CS-CMT-Solar, bộ nhớ trong 32G - hàng chính hãng"
May Anh,Camera IP hồng ngoại 4MP tích hợp Mic Hikvision DS-2CD1143G0-IUF - Hàng chính hãng
May Anh,Camera wifi Ezviz C6N 1080p (2MP) theo dõi chuyển động thông minh không có điểm mù- Hàng chính hãng. Tặng Kèm thẻ nhớ 32Gb
May Anh,Camera Dahua 2 Mp DH HAC T1A21P 1080P - Dome Bán Cầu Trong Nhà - Hàng chính hãng
May Anh,Camera An Ninh Độ Phân Giải 2K Tích Hợp Micro Truyền Âm Thanh Trên Cáp Đồng Trục  HIKVISION DS-2CE16H0T-ITFS - Hàng Chính Hãng
May Anh,Camera Hikvision 2MP DS-2CE56D0T-IRP Lắp Trong Nhà - Hàng Chính Hãng
May Anh,Đầu Ghi Hình Camera IP Wifi Không Dây 8 Kênh NVR  - Hikvision DS-7108NI-Q1 - Hàng chính hãng
May Anh,1 kg gói hút ẩm clays 10 gram (100 gói nhỏ) thương hiệu MAX DESI hàng chính hãng
May Anh,Đầu ghi hình camera IP 8 kênh Hikvision DS-7108NI-Q1/M - Hàng Chính Hãng
May Anh,Bộ KIT 4 Camera UNV 2MP Full HD 1080P - Hàng chính hãng
May Anh,Gói hút ẩm 100 gram ( 10 túi/ bịch)
May Anh,"Túi hút ẩm ,  gói hút ẩm loại 5/10/20g (tổng trọng lượng 500g) thương hiệu MAX DESI hàng chính hãng"
May Anh,1 kg gói hút ẩm 5/10/20gr nhãn hiệu MAXDESI hàng chính hãng
May Anh,Camera Wifi Ngoài Trời Tenda CT6 Độ Phân Giải 2K - Hàng Chính Hãng
May Anh,Tripod Ulanzi MT-09 cho Gopro hàng chính hãng
May Anh,Kẹp Đa Dụng Ulanzi Cho Osmo Pocket Và Smartphone - Hàng Nhập Khẩu
May Anh,Mic Thu Âm Comica CVM-WM100 (TX+RX) - Hàng Nhập Khẩu
May Anh, Túi hút ẩm loại 50grams 0.5Kg - Hàng chính hãng
May Anh, 0.5Kg túi chống ẩm loại 2gram - Hàng chính hãng
May Anh,Ống Nhòm Barska Lucid 16x32mm - Hàng chính hãng
May Anh,Ống Nhòm Fomei 12x50 ZCF - Hàng chính hãng
May Anh,Đầu Tripod Mini Ball Head - Hàng Nhập Khẩu
May Anh,Cặp Micro Cài Áo Cho Điện Thoại Và Máy Ảnh Arimic Clip-On Dual Lavalier (6m) - Hàng Chính Hãng
Phu Kien Thoi Trang,Đai thắt eo da thật bản nhỏ 1cm khóa bấm Aaa Jeans
Phu Kien Thoi Trang,Bờm bản to có nơ mẫu mới BN75
Phu Kien Thoi Trang,Kẹp tóc hoa sứ tráng gương chất lượng cao
Phu Kien Thoi Trang,Mũ tai bèo nam thêu chữ A-X nón tai bèo lính vành rộng giúp chống nắng tốt với chất liệu vải cotton tốt mềm mại dễ thấm
Phu Kien Thoi Trang,Quần tất lót lông nữ người già ấm áp mùa đông đại hàn - quan tat lot long
Phu Kien Thoi Trang,"Băng đô cài tóc nhựa xếp gọn bỏ túi du lịch tiện lợi, phụ kiện tóc nữ CT019 - Filibra style"
Phu Kien Thoi Trang,"Nón bucket 2 mặt vành tròn trơn - mũ tai bèo Ulzzang phong cách, cá tính Unisex nam nữ"
Phu Kien Thoi Trang,Mũ lưỡi trai TRƠN đủ màu Unisex
Phu Kien Thoi Trang,Dây buộc tóc Vintage srunchies thêu hoa dễ thương HD141
Phu Kien Thoi Trang,"Kính màu, Kính râm Mắt vuông mini gọng mảnh nhẹ đi Ngày và Đêm"
Phu Kien Thoi Trang,"Nón kết nhung YES YOU CAN, chất liệu vải mềm mượt, kiểu dáng thời trang cá tính, có khóa tăng giảm size - Hạnh Dương - Xanh nhạt"
Phu Kien Thoi Trang,Găng tay ống chống nắng UPF50+ xanh đậm Zigzag GLV00203
Phu Kien Thoi Trang,Hộp đựng mắt kính chống vỡ chuyên dụng kiểu dáng bánh mì - Màu đen
Phu Kien Thoi Trang,Combo 5 Đôi Tất (Vớ) Nữ Cotton NU31.002 (Freesize)
Phu Kien Thoi Trang,Máy Cưa Xích Điện Mini 6 Inch 3000W Kèm Pin cưa Gỗ Tỉa Cưa Một Tay Khai Thác Vườn Dụng Cụ Điện
Phu Kien Thoi Trang,"Sét kẹp tóc 5-6 món cao cấp , thiết kế độc lạ , kim loại đính hạt , tạo hình tinh xảo ,cho bạn gái làm đẹp mỗi ngày"
Phu Kien Thoi Trang,Khăn Choàng Quàng Cổ Voan Lụa Kim Tuyến Cao Cấp Sọc Caro (Nhiều Màu)
Phu Kien Thoi Trang,"Khăn Choàng , Khăn Quàng Cổ Len Mềm Mịn Ấm Áp (Nhiều Mẫu)"
Phu Kien Thoi Trang,Hình Xăm To Miếng Dán Tạm Thời Tattoo Chống Nước Lâu Trôi Quyến Rũ
Phu Kien Thoi Trang,Mũ đi biển nón rộng vành nữ đẹp thời trang Hàn Quốc nhiều mẫu dona220701
Phu Kien Thoi Trang,"Nón kết jean trơn nam nữ bụi, vải jean bền đẹp, dễ dàng điều chỉnh size, khóa gài cứng cáp, sang trọng"
Phu Kien Thoi Trang,Lens nâu tự nhiên có độ cận từ 0 đến 8 MY CHOCO hiệu Angel Eyes chất liệu Silicone đường kính 13.5mm
Phu Kien Thoi Trang,Lens xám tây có độ Build a Barbie tự nhiên hiệu Angel Eyes - Độ cận 0-8 - Đường kính màu 13.3mm
Phu Kien Thoi Trang,Tròng kính Cận - Viễn - Loạn - Lão Ouress
Phu Kien Thoi Trang,"Kính mát, Kính râm Nam Cơn Phi Công Cổ Điển - Hàng cao cấp Fullbox Phụ kiện"
Phu Kien Thoi Trang,Mũ Lưỡi Trai Nón Lưỡi Trai Nón Kết Nam Nữ Jeans Just Do It Vải Denim
Phu Kien Thoi Trang,"Quần tất siêu dai,siêu bền"
Phu Kien Thoi Trang,Sét kẹp tóc 5 món siêu xinh
Phu Kien Thoi Trang,"Nón beret bít đuôi, thiết kế mỏ vịt độc đáo, quà tặng cho người trung niên, vòng đầu 58cm - Hạnh Dương"
Phu Kien Thoi Trang,"Thắt lưng nam,dây nịt nam HÀ NAM da bò thật mặt khóa tự động TLNA2045"
Phu Kien Thoi Trang,Dây buộc tóc vải lụa Scrunchies Vintage sang chảnh chất lụa mềm HD52
Phu Kien Thoi Trang,Thắt lưng da cá sấu có gù rất đẹp. DA CÁ SẤU THẬT 100%. Kích thước chuẩn 3.5x120cm phù hợp với cả quần tây và quần jean
Phu Kien Thoi Trang,Sét 7 kẹp tóc KAH138 dễ thương
Phu Kien Thoi Trang,Khăn choàng khăn len quàng cổ nữ thêu hoa Cashmere chất len dệt mịn
Phu Kien Thoi Trang,Combo 10 đôi tất nam vớ nam Cao Cấp Cổ Ngắn MRM FASHION
Phu Kien Thoi Trang,Mặt nạ che mắt dạng ren cosplay - Màu đen
Phu Kien Thoi Trang,(XẢ HANG) Kính mắt nam phân cực chống chói lóa khi lái xe đi ngày và đêm loại tốt hàng cao cấp
Phu Kien Thoi Trang,BỘ Găng Tay Bao Tay Ống Chống Nắng Cao Cấp Unisex MÀU XÁM
Phu Kien Thoi Trang,Kính Viễn Thị Lão Đọc Sách Lắp Sẵn Độ Gọng Nhựa Mắt Mèo Dẻo Nhẹ Cho Người Trung Niên Già Lớn Tuổi Ông Bà Cha Mẹ Nâu
Phu Kien Thoi Trang,"Bộ Dây Buộc Tóc Đàn Hồi Cao Cấp, 137 Phụ Kiện Tóc Phong Cách Mới Đuôi Ngựa - HÀNG CHÍNH HÃNG MINIIN"
Phu Kien Thoi Trang,Vớ Tất Nam Nữ Nhật Cotton 100% Hàng Đẹp
Phu Kien Thoi Trang,Set 14 kẹp tóc mái nhiều màu dễ thương cho bạn gái
Phu Kien Thoi Trang,Sét 5 Kẹp Tóc Hàn Quốc Cực Xinh Nhiều Mẫu - Hàng Chính Hãng
Phu Kien Thoi Trang,Set 3 kẹp tóc càng cua Thái lan siêu hot
Phu Kien Thoi Trang,Trâm cài tóc bằng sừng hàng VIP (HH602) đục khắc hình dễ thương - đủ loại kiểu dáng
Phu Kien Thoi Trang,Mặt Thắt Lưng Nam Khóa Tự Động Cao Cấp 203886
Phu Kien Thoi Trang,Combo 3 găng tay chống nắng Nhật Bản
Phu Kien Thoi Trang,"Combo 5 đôi Tất vớ dài, chất liệu cotton FREEMAN [SOF40"
Phu Kien Thoi Trang,"Gọng kính cận, Kính giả cận mắt tròn kim loại tăm mảnh"
Phu Kien Thoi Trang,Kẹp tóc càng cua hình nơ dễ thương KAH174
Phu Kien Thoi Trang,Bộ Kính cận râm 2 tròng 2 in1 Mắt vuông nhỏ tiện lợi cho nam và nữ 
Phu Kien Thoi Trang,Dây Đai Nịt Thắt Lưng Giữ Áo Sơ Mi Thẳng Khi Đóng Thùng Loại Quấn Bụng LOẠI CAO CẤP
Phu Kien Thoi Trang,Combo 5 kẹp càng cua 3 răng màu ngẫu nhiên giá rẻ cực xinh
Phu Kien Thoi Trang,COMBO 2 Kẹp Tóc Càng Cua 8 Răng  Kiểu Dáng Hàn Quốc Chắc Chắn Màu Sắc Sang Trọng - Giao Màu Ngẫu Nhiên - MP128.2
Phu Kien Thoi Trang,"Kẹp nơ ngọc trai, phụ kiện tóc nữ siêu xinh"
Phu Kien Thoi Trang,"NÓN LEN NỮ, MŨ LEN NỮ DN19122209"
Phu Kien Thoi Trang,Combo 5 đôi tất nam vớ nam Cổ Dài Cao Câp MRM FASHION (Đen)
Phu Kien Thoi Trang,Nón khẩu trang chống nắng UPF50+ kem Zigzag MAS00305 size
Phu Kien Thoi Trang,"Mặt Khóa Thắt Lưng Nam Cao Cấp,Mặt Thắt Lưng Nam Khóa Tự Động 203859"
Phu Kien Thoi Trang,Bộ 6 lô cuốn tóc tiện lợi
Phu Kien Thoi Trang,"Kính Giả Cận, Gọng Kính Cận Nam Nữ Dáng Tròn Gọng Bạc Không Độ Hàn Quốc - BLUE LIGHT SHOP"
Phu Kien Thoi Trang,Kẹp tóc ngọc trai hình nơ size lớn mẫu mới
Phu Kien Thoi Trang,Trâm cài tóc cổ trang hoa và cánh bướm nhiều màu sắc
Phu Kien Thoi Trang,"Găng tay giữ ấm mùa đông chống gió, kháng nước mưa Rhino G102 Bao tay thể thao cảm ứng điện thoại, găng tay đi xe máy, xe đạp lót nỉ cho nam nữ, bảo hộ đi phượt"
Phu Kien Thoi Trang,"Nón bucket trơn unisex, nam nữ đội đều đẹp luôn nhé"
Phu Kien Thoi Trang,Khăn Choàng Cổ khẩu trang băng đô nữ dona21111301
Phu Kien Thoi Trang,QUẦN TẤT 3D 6S SANG CHẢNH LOẠI 1
Phu Kien Thoi Trang,Kẹp tóc vuông màu nhám trơn - set 2 màu bất kì
Phu Kien Thoi Trang,Kẹp tóc sau - kẹp tóc đính đá thiên nga
Phu Kien Thoi Trang,Găng Tay Len nữ Bao Tay nữ len hở ngón -dona21012107
Phu Kien Thoi Trang,Thắt Lưng Nữ Da Thật Mặt Oval Aaa Jeans
Phu Kien Thoi Trang,"Kính xinh, Kính râm Mắt tròn Tròng đen thủy tinh dáng cổ điển cao cấp"
Phu Kien Thoi Trang,Mũ làm khô tóc siêu thấm nước dùng sau khi gội đầu/tắm đa năng
Phu Kien Thoi Trang,Dây buộc tóc Scrunchies 2 lớp kẻ và voan dễ thương HD97
Phu Kien Thoi Trang,nón beret nữ mũ bere thời trang dn1911103
Phu Kien Thoi Trang,Khăn len quảng cổ nam lịch lãm sang trọng SK108
Phu Kien Thoi Trang,Cặp Kính Áp Tròng Dùng 1 Ngày Eye Secret KM1N - Okinawa Brown
Phu Kien Thoi Trang,Cài tóc tạo hình bính tóc
Phu Kien Thoi Trang,Sét 12 dây buộc tóc kiểu Hàn Quốc HD01 (chọn mầu)
Phu Kien Thoi Trang,Băng đô Turban
Phu Kien Thoi Trang,Quần Tất Nữ Format - Made in Japan
Phu Kien Thoi Trang,Cài tóc hai con thỏ dễ thương
Phu Kien Thoi Trang,Găng tay cảm ứng chống nước nam nữ cao cấp
Phu Kien Thoi Trang,Khăn choàng/ Áo choàng phong cách Boho thổ cẩm nữ thu đông - Áo choàng len dạ dày
Phu Kien Thoi Trang,[TIẾT KIỆM] Set 2 Quần tất giữ nhiệt Nhật Bản của GUNZE dày 150D 110D 80D 50D 30D hút ẩm sinh nhiệt giữ ấm thu đông
Phu Kien Thoi Trang,Gọng kính titanium thời trang nam siêu nhẹ siêu bền OURESS sw10003
Phu Kien Thoi Trang,SET 100/20 khẩu trang KF94 4D Bảo Long Mask kháng khuẩn chống bụi mịn sản xuất tại Việt Nam theo công nghệ 4D và chuẩn KF94 Hàn Quốc
Phu Kien Thoi Trang,GỌNG KÍNH TR90 PHỐI CÀNG HỢP KIM CAO CẤP BỀN ĐẸP THỜI TRANG – HÀNG CHÍNH HÃNG TRHK 9391
Phu Kien Thoi Trang,"Mũ nón bucket, nón nồi, nón len nữ phong cách Nhật Hàn"
Phu Kien Thoi Trang,"Nón Jean Rách Thời thượng, phong cách bụi, cá tính, khóa inox cứng cáp dễ dàng điều chỉnh size đầu - Hạnh Dương"
Phu Kien Thoi Trang,Nón rộng vành nữ - dona21040401
Phu Kien Thoi Trang,"Mũ lưỡi trai trơn không thêu họa tiết, chất liệu vải kaki dầy bền đẹp, có khóa điều chỉnh size đầu - Hạnh Dương"
Phu Kien Thoi Trang,GĂNG TAY LEN NAM BAO TAY LEN NAM NỮ CẢM ỨNG ĐIỆN THOẠI  DONA20112701
Phu Kien Thoi Trang,Băng đô màu hồng phấn mẫu mới phong cách Hàn Quốc
Phu Kien Thoi Trang,"Nón Chụp Đầu Đa năng, Mũ chụp Đầu thời trang Hàn Quốc dn20040513"
Phu Kien Thoi Trang,KHĂN CHOÀNG NAM WHEN KÈM NÓN MŨ LEN DN19112406
Phu Kien Thoi Trang,"Khẩu trang trơn màu đen, Khẩu trang vải màu đen trơn"
Phu Kien Thoi Trang,Kẹp tóc mái mini
Phu Kien Thoi Trang,Kẹp Tóc Hình Trăng
Dong Ho Va Trang Suc,Đồng hồ đeo tay LONGINES BL41 chạy pin hàng chính hãng
Dong Ho Va Trang Suc,"máy Xông Tinh Dầu phun sương tạo ẩm ,Máy khuếch tán tinh dầu dùng làm phòng ngủ dung tích Dung Tích LỚN 2L"
Dong Ho Va Trang Suc,Dây đeo cho Oppo Band (DOPB)
Dong Ho Va Trang Suc,Dây đeo cho Apple Watch 11/ 10/ 9/ 8/ 7/ 6/ 5/ 4/ 3/ SE/ Ultra/ Ultra 2/ ultra 3 (DAWB)
Dong Ho Va Trang Suc,Bông tai kẹp vành tai S925 đính đá 
Dong Ho Va Trang Suc,Đồng Hồ Pin Bỏ Túi Cổ Điển Retro Năm Tuổi 12 Con Giáp
Dong Ho Va Trang Suc,"Dây đồng hồ da bò loại mỏng, trơn mờ"
Dong Ho Va Trang Suc,Nhẫn nữ đeo ngón chỉ
Dong Ho Va Trang Suc,CUỘN DÂY THUN CO GIÃN ĐỘ DẦY CUỘN THUN 1MM  MÀU VÀNG VÀNG TƯƠI  XỎ VÒNG TAY GỖ NAM 
Dong Ho Va Trang Suc,Nhẫn Nam Màu Đen Titan Cao Cấp TT 0849
Dong Ho Va Trang Suc,Vòng tay phong thủy đá opal mắt mèo mệnh Thủy và mệnh Mộc 8mm
Dong Ho Va Trang Suc,Dây đeo đồng hồ da bò màu Xanh Navy Size 14/15/16/17/18/19/20/21/22mm - Dây đồng hồ da bò Thật 100% - Bảo Hành 12 Tháng
Dong Ho Va Trang Suc,Dây đồng hồ da bò thật nam nữ các màu
Dong Ho Va Trang Suc,Máy đồng hồ Miyota không lịch 3kim dùng chho đồng hồ đeo tay
Dong Ho Va Trang Suc,Dây Đồng Hồ HUBLOT Lót Da Lộn Nâu Vàng Case 38 Size Dây 15 - 23 - 20
Dong Ho Va Trang Suc,Bông tai nơ sang trọng phong cách hàn quốc phụ kiện xinh - không dị ứng
Dong Ho Va Trang Suc,Nhẫn nam kiểu nhẫn mỹ inox mạ vàng trangsucpt đá đen thép không gỉ PTNNA220
Dong Ho Va Trang Suc,"Mặt dây chuyền Phật Bà Quan Âm ngọc Jade, size nhỏ 1.5 x 2.5cm - Đá Non Nước"
Dong Ho Va Trang Suc,Vòng tay gốm thời trang 3D hoa chìm VGOM30
Dong Ho Va Trang Suc,Mặt Dây Chuyền Đá Cẩm Thạch Phật Bà Quan Âm 40mm CV0113
Dong Ho Va Trang Suc,Bông Tai Nam Loại Kẹp Không Cần Bấm Lỗ Tai Kiểu Ngôi Sao Tòn Ten Chất Liệu Thép Titan Không Rỉ Không Dị Ứng TT 1802 - 1 cặp
Dong Ho Va Trang Suc,Bông tai Nam khuyên tròn cực phong cách cực cá tính
Dong Ho Va Trang Suc,Bông tai nam châm ngôi sao
Dong Ho Va Trang Suc,Bông tai nữ trái châu mạ vàng 18k
Dong Ho Va Trang Suc,Vòng Tay Phong Thủy Đá Thạch Anh Tím 8MM
Dong Ho Va Trang Suc,Ốp bảo vệ cho Huawei Watch Fit 4/ Fit 4 Pro - Chất PC + Kính cường lực (FIT4)
Dong Ho Va Trang Suc,Dây đeo cho Huawei Watch 5/ 4/ 4 Pro/ 3/ 3 Pro/ GT6/ GT5/ GT4/ GT3/ GT3 Pro/ GT2/ Buds/ GT/ GT Runner/ GT2e (DD)
Dong Ho Va Trang Suc,Hộp Đựng Đồng Hồ Cơ Xoay Mẫu Mới Chất Liệu Gỗ Phủ Sơn PU Cao Cấp
Dong Ho Va Trang Suc,Bộ Dụng Cụ Sửa Đồng Hồ Túi Vải Chuyên Sửa Đồng Hồ
Dong Ho Va Trang Suc,Vòng Gỗ Bách Xanh TOKDODO
Dong Ho Va Trang Suc,Lắc Tay Tropicana Phối Charm Swarovski Pha Lê Trăng Sao Ngũ Sắc
Dong Ho Va Trang Suc,Vòng tay gốm nhiều vòng phong cách phật giáo xuất Nhật VGOM19
Dong Ho Va Trang Suc,Bông tai nam đá đỏ
Dong Ho Va Trang Suc,Vòng tay mã não đỏ tự nhiên 14 mm
Dong Ho Va Trang Suc,VÒNG MẮT HỔ BẢN ĐẸP NAM MỆNH KIM THỔ 20MM ĐK 8MM ĐÁ THIÊN NHIÊN TAY NAM ĐEO ĐƯỢC HẾT
Dong Ho Va Trang Suc,Bông tai nam khoen tròn 12mm màu bạc
Dong Ho Va Trang Suc,Bông tai nam châm họa tiết sao không cần xỏ lỗ
Dong Ho Va Trang Suc,Dây đồng hồ cho Amazfit Active/ Active 2/ Active 3 Premium/ GTS 4/ 3/ GTS/ 2/ 2e/ 2 mini/ 4 mini/ Bip 3/ 3 Pro/ Bip U (DGNT)
Dong Ho Va Trang Suc,Khoá bướm đồng hồ dùng cho dây da - Khóa chống hằn bấm mở bóng
Dong Ho Va Trang Suc,Dây đồng hồ vân cá sấu nam nữ các màu
Dong Ho Va Trang Suc,Bộ dụng cụ sửa đồng hồ đeo tay 18 món
Dong Ho Va Trang Suc,Dây đồng hồ Nam nữ size 12mm 14mm 16mm 18mm 20mm 22mm
Dong Ho Va Trang Suc,Vòng Tay Đá Mắt Hổ Xanh Lục Cao Cấp Hạng A - Tâm Phong Thủy
Dong Ho Va Trang Suc,Nhẫn nam kiểu nhẫn mỹ inox mạ vàng trangsucpt đá đỏ thép không gỉ PTNNA 221
Dong Ho Va Trang Suc,Bông tai nam châm - mẫu
Dong Ho Va Trang Suc,"Bộ set 5nhẫn Kim Tae Hyunh (V - BTS) bao ngầu, siêu hot. Nhẫn thần tượng V BTS"
Dong Ho Va Trang Suc,Bông tai nữ sao trên đá
Dong Ho Va Trang Suc,Bông tai nữ dáng nơ khối cầu lấp lánh
Dong Ho Va Trang Suc,Bông tai nữ sang trọng
Dong Ho Va Trang Suc,"Pin Tiểu 2A 3A Con Ó Chính Hãng, Bin Đồng Hồ, Pin Xe Đồ Chơi Chất Lượng Cao (Có Hàng Sẵn) (Xả Rẻ Lấy 5*)"
Dong Ho Va Trang Suc,"Khóa bướm, khóa đồng hồ cao cấp Bụi Leather P106 hai nút bấm bằng thép mạ tĩnh điện không rỉ"
Dong Ho Va Trang Suc,Vòng tay Tropicana phối cùng Charm Swarovski Pha Lê Mèo Đen
Dong Ho Va Trang Suc,"Nhẫn ngọc càn long, đeo ngón tay cái, chất liệu ngọc thiên nhiên, thấu quang, chiếc nhẫn dành cho người thủ lĩnh, kèm bản Photo giấy kiểm định của SJC"
Dong Ho Va Trang Suc,Dây AW da bò Saffiano Bụi Leather D117- Da thật khâu tay thủ công cao cấp - chính hãng
Dong Ho Va Trang Suc,Vòng Tay Đá Mắt Hổ Xanh Lá Cho Người Mệnh Mộc Và Mệnh Hỏa
Dong Ho Va Trang Suc,"Combo Vòng đeo tay Ngọc Trai Nuôi cấy tự nhiên đính đá Cẩm Thạch, KÈM BẢN PHOTOCOPY GIẤY KIỂM ĐỊNH, KÈM HỘP CUNG HỶ LÓT NHUNG, ĐÍNH HOA HỒNG"
Dong Ho Va Trang Suc,Bộ trang sức bi mạ 18k cao cấp H575
Dong Ho Va Trang Suc,Vòng tay chuỗi đá mắt hổ tỳ hưu-nhiều cỡ ly
Dong Ho Va Trang Suc,Vòng Tay Đá Phong Thủy Nữ Thạch Anh Tóc Xanh Thiên Nhiên AAAA Mạng Mộc - Hỏa VT056
Dong Ho Va Trang Suc,Vòng tay nam mắt xích - G534
Dong Ho Va Trang Suc,"Vòng Tay Đá Ưu Linh Nâu - Vòng tay phong thủy hợp mệnh Thổ, Mộc"
Dong Ho Va Trang Suc,Đồng hồ Casio nữ dây da LTP-VT01L-2BUDF (34mm)
Dong Ho Va Trang Suc,Vòng tay Trầm hương 108 hạt- Gỗ Nghệ Thuật Kinh Bắc ( Size hạt 8mm )
Dong Ho Va Trang Suc,Đồng Hồ Nam Casio Dây Kim Loại MTP-1302D-1A2VDF
Dong Ho Va Trang Suc,Bông tai xoắn BT164 chất liệu cao cấp
Dong Ho Va Trang Suc,Bông Tai Nụ Ngọc Trai 1863 - Bạc
Balo Va Vali,Túi Xách Du Lịch Thời Trang Cao Cấp SAKOS VIGOR
Balo Va Vali,"Ba lô du lịch thể thao nam công suất lớn phong cách hiện đại, trẻ trung, nhiều ngăn"
Balo Va Vali,Balo đựng Laptop thương hiệu TARGUS dòng Cypress EcoSmart Convertible
Balo Va Vali,Balo Nam HARAS HRTK159VN (45 x 11 cm)
Balo Va Vali,Túi xách Tomtoc Versatile-T23 Laptop Tote Bag MBook 13 inch/14 inch/15 inch/16 inch - Hàng chính hãng
Balo Va Vali,"Vali Kéo Du Lịch S20/S25/S31 Thương Hiệu IT Luggage 12-2894E08: Chất Liệu 100% Từ Chai Nhựa Thải Tái Chế Sau Tiêu Dùng, Khóa TSA An Ninh Quốc Tế"
Balo Va Vali,Túi bọc bảo vệ vali -Áo vỏ bọc vali
Balo Va Vali,Túi thể thao nam nữ trống tập gym đá bóng du lịch đựng đồ tập quần áo có ngăn để giày tiện ích
Balo Va Vali,"Túi xách du lịch 2 tầng cỡ lớn túi đựng đồ thể thao tập gym, yoga, quần áo nữ chống nước có thể nới đáy thành 2 tầng"
Balo Va Vali,Vali vải Mr.Vui VLM200 size 24 inch xách tay (60 x 27 x 41cm)
Balo Va Vali,Túi xách - túi chống sốc cho laptop 13.3 INCH cao cấp phong cách mới - TL0127
Balo Va Vali,"Túi Thể Thao Xbags XB 6001 - Túi Trống Tập Gym Đựng Đồ Đa Năng, Có Ngăn Để Giày Riêng, Vải Chống Nước Cao Cấp"
Balo Va Vali,Balo nữ đi học đi làm không thấm nước cao cấp phong cách hàn quốc
Balo Va Vali,"Balo Laptop Du Lịch Thời Trang Cao Cấp SAKOS MATURA Phối Da Dành Cho Laptop 15.6 Inch (15.6"")"
Balo Va Vali,Vali kéo du lịch cao cấp bảo hành chính hãng Size 24inch KS-219 - Trắng Sữa
Balo Va Vali,Áo Bọc Vali Trong Suốt Cao Cấp -Áo Trùm Bảo Vệ Vali Chống Trầy Xước -Cover Bảo Vệ Vali Chống Nước 18–30 Inch -Áo Bọc Vali Co Giãn Chống Bụi Bẩn
Balo Va Vali,"Balo học sinh Arctic Hunter chất liệu Oxford chống nước, có cổng USB - B00120"
Balo Va Vali,Túi chống sốc bao da laptop dành cho macbook kiêm giá đỡ tản nhiệt kèm ví đựng sạc chuột
Balo Va Vali,Ba lô nữ thời trang cao cấp
Balo Va Vali,Balo Thời Trang Phong Cách Hàn Quốc HARAS HR263
Balo Va Vali,Balo nam thông minh đa chức năng cao cấp phong cách châu âu
Balo Va Vali,"TÚI XÁCH, CẶP XÁCH CHỐNG SỐC CHO MACBOOK, SURFACE, LAPTOP CÓ DÂY ĐEO VAI"
Balo Va Vali,Cặp Đeo Laptop Editor Briefcase Mikkor EB 002 - Xanh Lá Mạ 
Balo Va Vali,Dây Đai Vali Chữ Thập Có Khóa Số 3 Mã Bảo Mật 4m- Dây Đai Vali Chống Trộm Khóa Số 3 – Bản To Siêu Chắc- Dây Đai Hành Lý 4m – Dây Đôi Khóa Số Tiện Lợi- Dây Đai Vali Du Lịch Khóa Mã 3 Số
Balo Va Vali,"Balo da nữ đi chơi, ba lô công sở họa tiết chần trám ngăn trước IDIGO FBP2 - 4322"
Balo Va Vali,"Túi chống sốc laptop, bao chống sốc máy tính xách tay mỏng gọn nhẹ chống nước - Hàng chính hãng"
Balo Va Vali,Túi xách du lịch thể thao có bánh xe phong cách mới BEE GEE T1063
Balo Va Vali,"Túi xách vải chống sốc laptop macbook surface, túi công sở đeo chéo nam nữ cặp đựng laptop"
Balo Va Vali,[ TIKI TRỢ GIÁ ]Vali kéo Liniar KAMILIANT  BY AMERICAN TOURISTER - MỸ sản phẩm chính hãng bảo hành quốc tế
Balo Va Vali,Túi xách du lịch thể thao nam đa năng cao cấp phong cách mới
Balo Va Vali,"Túi Chống Sốc dành cho Laptop 11.6""/13.3""/14"" /15.6"" TARGUS City Gear 3 - Hàng Chính Hãng"
Balo Va Vali,"Vali Kéo Vải Du Lịch SAKOS VIVIAN 7 - Size L (28inch)/ Ký Gửi (Đại) - Khóa TSA - Chống Thấm, Trượt Nước - Hàng chính hãng"
Balo Va Vali,Túi bọc bảo vệ vali -Áo vỏ bọc vali - Hươu Cao Cổ H112
Balo Va Vali,"Bao da, cặp da, túi da PU cho máy tính, macbook, laptop, surface chống nước tuyệt đối"
Balo Va Vali,Balo Laptop Unisex Hasun HS655 (48 x 34 cm)
Balo Va Vali,BALO TOMTOC (USA) TRAVEL BACKPACK 40L A82-F01D - Hàng Chính Hãng
Balo Va Vali,Balo nữ thỏ bông jellycat bunny cao cấp NATOLI nhiều ngăn đi học cute phong cách hàn quốc - BST Sweet Bunny Backpack B28
Balo Va Vali,"Túi Đựng Giày Dép Du Lịch 3 Ngăn Chất Liệu Chống Thấm Nước, Túi Để Giày Thể Thao Đa Năng Có Móc Gài Tay Kéo Vali Tiện Lợi - Hàng chính hãng"
Balo Va Vali,Balo Yuumy ( Thời trang nữ tiện lợi cỡ trung - Balo da Seasand YBA69 )
Balo Va Vali,Túi Trùm Vali Gấp Gọn Trượt Nước Cao Cấp SAKOS
Balo Va Vali,Túi đeo điện thoại bắp tay tập thể dục AOLIKES A-CW0017
Balo Va Vali,Balo laptop nữ thời trang cao cấp phong cách mới 14
Balo Va Vali,Vali Kéo Thời Trang NiceVilla Size 20inch & 24 Inch & 28inch
Balo Va Vali,Balo nữ thông minh đa chức năng cao cấp phong cách mới
Balo Va Vali,"Ví Đựng Passport Hộ Chiếu Nam Nữ, Da Bò NAPA Láng Mịn Cao Cấp, Thiết Kế Hiện Đại - Mỏng Nhẹ - Đa Năng, Đựng Được Nhiều Loại Hộ Chiếu, Nhiều Ngăn Thẻ ATM, Đựng Tiền, Vé Máy Bay, Tiện Dụng Khi Đi Du Lịch, Công Tác - Hàng Chính Hãng SAIGIO"
Balo Va Vali,"Balo laptop chống sốc đa năng thời trang cao cấp Xbags XB 2004 tiện ích đi học đi làm năng động cá tính, nhiều ngăn!"
Balo Va Vali,"Túi xách chống sốc Laptop 15.6"" TOMTOC (USA) Briefcase - A14-E01 - Hàng Chính Hãng"
Balo Va Vali,"Túi Du Lịch Cần Kéo Mr Vui 103 vải trượt nước, nhiều ngăn phụ, có thể mang lên máy bay - Hàng Chính Hãng"
Balo Va Vali,Balo UNISEX Thời Trang Hàn Quốc HARAS HR265
Balo Va Vali,Vali nhựa STARGO MARIS
Balo Va Vali,Balo laptop Mr Vui BLLT686 15 inch
Balo Va Vali,Balo dây kéo ANELLO cỡ nhỏ (Phiên bản cải tiến) AT-B2572 - Màu
Balo Va Vali,Túi Chống Sốc Laptop SimpleCarry LCF16
Balo Va Vali,"Túi đựng giày dép du lịch NATOLI, nhiều ngăn đựng giày thể thao, đi du lịch tiện lợi BST Elite Shoe Bag T28"
Balo Va Vali,"Bộ 11 Lọ Chiết Mỹ Phẩm Du Lịch Tiện Dụng Kèm Túi Đựng 11 Món- Chọn màu-Combo 11 Món Chai Chiết Du Lịch Cao Cấp – Silicone Mềm, Đa Dụng, Chuẩn Mang Lên Máy Bay"
Balo Va Vali,Túi Laptop Chống Sốc 5 Ngăn – Túi Chống Thấm Nước - Hàng Chính Hãng
Balo Va Vali,"Túi Trống Thể Thao Tập GYM, Đá Bóng Có Ngăn Đựng Giầy Vải Dầy Cao Cấp"
Balo Va Vali,Balo laptop 16inh đi học đi chơi đi làm thời trang cao cấp phong cách mới
Balo Va Vali,"Vali Kéo Du Lịch Lug Azure Lusetti S20/S24 LS1159: Nhựa PP Chống Bể Vỡ, Khóa TSA An Ninh Quốc Tế"
Balo Va Vali,"Túi xách túi chống sốc macbook và laptop 14,1 và 15,6 inh cao cấp phong cách mới"
Balo Va Vali,Túi xách chính hãng TOMTOC (USA) Messenger Bags - A45-C01 cho Macbook 13-14 inch/Ultrabook 13 inch
Balo Va Vali,"Balo Laptop Nam Cao Cấp Xbags Naituo Xb2004 – Nhiều Ngăn Tiện Dụng, Chống Sốc Chống Nước, Thiết Kế Mạnh Mẽ, Cá Tính!"
Balo Va Vali,Vali du lịch kéo tay TN 24 inch
Balo Va Vali,Balo Laptop Du Lịch Thời Trang Uniex STARGO KEVAN Dành Cho Laptop 15.6 Inch
Balo Va Vali,Balo Laptop 15.6 Inch Thời Trang Cao Cấp SAKOS Agatha - Hàng Chính Hãng
Balo Va Vali,"Balo Laptop Haras HRTK048 15.6"" - Đen"
Balo Va Vali,"Túi chống sốc, bao chống sốc máy tính laptop surface cute dễ thương đáng yêu"
Balo Va Vali,Balo Du Lịch Laptop 17.3 inch Đa Năng Rộng Rãi REEYEE 111 có ngăn đựng giày - Hàng Chính Hãng
Balo Va Vali,"Túi Đựng Đồ Cá Nhân, Túi Đựng Mỹ Phẩm, Đồ Trang Điểm Makeup Du Lịch Chống Thấm Nước (Hàng Chính Hãng)"
Balo Va Vali,Balo TOMTOC Slash Flip Laptop Backpack 12L dành cho Macbook Ultrabook 13 14 Inch A63-C1G1 / A63-C1K1 - Hàng Chính Hãng
Balo Va Vali,Gối du lịch đa năng AT Accessories AMERICAN TOURISTER - MỸ
Balo Va Vali,"Balo laptop du lịch 15.6”, ba lô công sở đựng máy tính 15.6inch ngăn trước nắp gập IDIGO UBP2 - 6016"
Balo Va Vali,"Balo Laptop Xbags Modern XB 2007 - Balo Thời Trang Nhỏ Gọn Cho Teen, Học Sinh Sinh Viên, Dân Văn Phòng, Thiết Kế Hiện Đại, Vải Bền Đẹp"
Balo Va Vali,Vali du lịch BAMOZO cao cấp 8801 vali kéo nhựa được bảo hành 5 năm
Balo Va Vali,Vali du lịch kéo cao cấp Size 24inch- Chất lượng cao  KS-155 - Vàng
Balo Va Vali,Túi Trống Thể Thao Chống Nước Rộng Rãi Hasun HS 672 - Hàng Chính Hãng
Balo Va Vali,"BAO DA, CẶP DA, TÚI DA CHỐNG SỐC CHO MACBOOK, SURFACE PRO, LAPTOP MÀU HỒNG - TẶNG KÈM VÍ ĐỰNG SẠC/ CHUỘT"
Balo Va Vali,KHÓA VALI MASTER LOCK 4670EURDCOL
Balo Va Vali,BAO DA CHỐNG SỐC CHO MICROSOFT SURFACE PRO CAO CẤP kèm ví đựng phụ kiện
Balo Va Vali,Cặp Đa Năng Thời Trang Cao Cấp SAKOS FLASH 20 15.6 Inch
Balo Va Vali,Balo ANELLO vải cotton nylon 10 ngăn cỡ vừa AP-H1451 - Màu
Balo Va Vali,Túi xách chống sốc MacBook Pro 13” 2018 TOMTOC (USA) Briefcase - Hàng chính hãng
Balo Va Vali,Túi cần kéo du lịch Sakos Stilo
Balo Va Vali,Túi đựng mỹ phẩm xanh họa tiết hoa 
Tui Vi Nu,Túi xách nữ 2 trong 1 thời trang công sở cao cấp phong cách mới
Tui Vi Nu,"Ví nữ Marrant - BHM8608 Ví mini, Vi đựng thẻ. Da bò thật, hàng chính hãng"
Tui Vi Nu,Ví Avocado Brother - Magic Channel 01-20-071-B
Tui Vi Nu,Balo mini nữ thời trang - Túi đeo vai nữ sành điệu New4all BL111
Tui Vi Nu,Túi đeo chéo dạo phố hình thú New4all Canvas NC37 - Con Chó
Tui Vi Nu,Ví nữ Cầm Tay Thời Trang VARAS VRS013
Tui Vi Nu,Túi đựng phụ kiện Tomtoc Light-T12 Electronic Accessory Pouch 1L T12S1 - Hàng chính hãng
Tui Vi Nu,Túi Đeo Chéo Nữ Thời Trang Cao Cấp SAKOS BELLEZA
Tui Vi Nu,Ví Avocado Brother - Magic Channel 01-20-071-A
Tui Vi Nu,Túi Yuumy ( Thời trang nữ hình chữ nhật khóa cài kim loại size 23 - Túi đeo vai da Seasand YN234 )
Tui Vi Nu,Ví Yuumy ( Thời trang nữ dáng dài kèm dây đeo chéo - Ví da Seasand YV104 )
Tui Vi Nu,Ví Yuumy ( Thời trang nữ dáng ngắn cầm tay khóa kéo - Ví da Seasand YV99 )
Tui Vi Nu,Túi Yuumy ( Thời trang nữ họa tiết hình vuông - Túi đeo chéo da Seasand YN193 )
Tui Vi Nu,Ví Lata ( Thời trang nữ dáng cầm tay dáng dài - Ví da VN70 )
Tui Vi Nu,"Túi xách tote RUN, mã G26. Quà tặng cao cấp cho gia đình, nam nữ cặp đôi, hội nhóm, doanh nghiệp"
Tui Vi Nu,Ví Lata ( Thời trang nữ dáng cầm tay dáng dài - Ví da VN59 )
Tui Vi Nu,Túi Lata ( Thời trang nữ đi chơi size 17 - Túi đeo chéo da HN97 )
Tui Vi Nu,Túi đeo chéo da nữ Yuumy Seasand YN110
Tui Vi Nu,Túi Lata ( Thời trang nữ đi chơi cỡ trung - Túi đeo chéo da HN88 )
Tui Vi Nu,Ví cầm tay nữ Yuumy YV32
Tui Vi Nu,Túi Yuumy ( Thời trang nữ dự tiệc size 21 - Túi đeo chéo da Verein YN158 )
Tui Vi Nu,Túi Yuumy ( Thời trang nữ công sở dáng đứng cỡ trung - Túi xách da Seasand YTX40 )
Tui Vi Nu,Ví nữ da bò cao cấp Huy Hoàng 3 gấp lửng màu đỏ đô HT3167
Tui Vi Nu,Ví nữ da bò vân cá sấu nhỏ 2 gấp Huy Hoàng
Tui Vi Nu,Ví nữ Huy Hoàng da bò 1 khóa
Tui Vi Nu,Ví Nữ Huy Hoàng HT3140 (9.5 x 19 cm) - Cam
Tui Vi Nu,Ví Nữ Huy Hoàng HT3126 (9.5 x 19 cm) - Đen
Tui Vi Nu,Ví Nữ Huy Hoàng HT3123 (9 x 18.5 cm) - Nâu
Tui Vi Nu,Ví Nữ Huy Hoàng HT3112 (9.5 x 19 cm) - Đen
Tui Thoi Trang Nam,{DA CÁ SẤU THẬT} Bóp Da Cá Sấu 2 Mặt Màu Nâu - Ví Nam Da Cá Sấu 2 Mặt Có Khoá Kéo Cao Cấp Dáng Ngang Thời Trang
Tui Thoi Trang Nam,{DA CÁ SẤU THẬT} Bóp Da Cá Sấu Nam Màu Nâu Da Bụng - Ví Nam Da Cá Sấu Có Khoá Kéo Cao Cấp Dáng Ngang Thời Trang
Tui Thoi Trang Nam,{DA CÁ SẤU THẬT} Bóp Da Cá Sấu Nam Màu Đen Da Bụng - Ví Nam Da Cá Sấu Có Khoá Kéo Cao Cấp Dáng Ngang Thời Trang
Tui Thoi Trang Nam,Túi Đeo Chéo Thời Trang Hàn Quốc HARAS HR165
Tui Thoi Trang Nam,Túi Đeo Chéo Thời Trang Hàn Quốc HARAS HR264
Tui Thoi Trang Nam,Túi Đeo Chéo Quân Đội Thời Trang HARAS HR252
Tui Thoi Trang Nam,Túi đeo vai nam BEE GEE 06 XAM
Tui Thoi Trang Nam,Túi đeo chéo keeys hợp balo thời trang HARAS HR225
Tui Thoi Trang Nam,Túi Đeo Da Thời Trang HARAS HRTK054  - Đen
Tui Thoi Trang Nam,Túi đeo chéo đeo vai nam vải canvas cao cấp phong cách mới
Tui Thoi Trang Nam,Ví Đứng Da Sáp Đựng Giấy Tờ Cũ Handmade Lealux The Stand Wallet
Tui Thoi Trang Nam,Túi đeo chéo cao cấp phong cách châu âu
Tui Thoi Trang Nam,"Ví Da Nam, Bóp Da Nam Kim Bảo Smeraldo SM201 Da Bò Màu Đen, Nâu"
Tui Thoi Trang Nam,Ví Ngắn 5THEWAY Tím aka 5THEWAY /solid/ SQUARE WALLET in BURGUNDY
Tui Thoi Trang Nam,túi xách nam da bò thật -túi xách nam da bò cao cấp
Tui Thoi Trang Nam,Ví Nam Da Cá Sấu Thật  BIGGBEN Cao Cấp BG6
Tui Thoi Trang Nam,Ví Nam Da Đà ĐIểu BIGGBEN BG1
Tui Thoi Trang Nam,Túi đựng ipad Simplecarry LC Ipad
Tui Thoi Trang Nam,Cặp nam văn phòng Marrant BHM17610 Da bò thật Túi xách công sở nam. Vừa laptop 14inch. Phom cứng.Hàng chính hãng
Tui Thoi Trang Nam,Ví mini da bò Anh Tho Leather 055
Tui Thoi Trang Nam,Ví dài cầm tay da bò Mill cao cấp Bụi Leather C104 - Bảo hành 12 tháng
Tui Thoi Trang Nam,Ví nam da bò Anh Tho Leather 065
Tui Thoi Trang Nam,Ví nam da bò Anh Tho Leather MIN-02
Tui Thoi Trang Nam,Ví da bò nam Anh Tho Leather 042
Tui Thoi Trang Nam,"Ví da nam, bóp da nam Bụi Leather V110 - Da bò Pullup cao cấp - Bảo hành 12 tháng"
Tui Thoi Trang Nam,Ví nam da bò cao cấp Gianni Conti Italy 587620BLA - màu đen 
Tui Thoi Trang Nam,Ví da nam Gianni Conti Italy 1607220BRO
Tui Thoi Trang Nam,Ví da nam Gianni Conti Italy 1607220BLA 
Tui Thoi Trang Nam,Ví da bò nam Handmade AT Leather WEN-01
Tui Thoi Trang Nam,Ví nam da bò AT Leather 046
Tui Thoi Trang Nam,Ví Da Nam Gianni Conti Italy 9407073TAN - Nâu
Tui Thoi Trang Nam,Túi Đeo Simplecarry Sling Big (40 x 25cm) - Grey
Tui Thoi Trang Nam,Túi Đeo Simplecarry LC IPAD 2 (33 x 25cm) - L.Navy
Tui Thoi Trang Nam,Ví nam da đà điểu da bụng kiểu đứng nhiều màu HJ92408-09-10-18-30-31
Tui Thoi Trang Nam,Ví nam da bò kiểu đứng nhiều màu Huy Hoàng HC2107-08-09
Tui Thoi Trang Nam,Túi Đeo Chéo Nam Chống Trộm HARAS HRTK196 (31 x 18 cm) - Đen
Nha Cua Doi Song,"Combo 2 Túi bọc quần áo chống bụi bẩn, nấm mốc có khóa kéo tiện dụng size S/M/L giúp bảo vệ quần áo luôn sạch sẽ"
Nha Cua Doi Song,Bình Giữ Nhiệt Lock&amp;Lock Name Tumbler LHC4125B (500ml)
Dien Gia Dung,Máy hút chân không bảo quản thực phẩm AL-13834 dùng cho gia đình - Hàng chính hãng
Lam Dep Suc Khoe,Mặt Nạ Ngủ Cấp Ẩm Chuyên Sâu Dạng Gel Senka Deep Moist Gel Cream 50g
Lam Dep Suc Khoe,Sáp Khử Mùi Enchanteur Charming 40g - 1012050
Lam Dep Suc Khoe,Dầu Xả Pantene Ngăn Rụng Tóc Chai 650ml
Lam Dep Suc Khoe,Sáp khử mùi Old Spice Antiperspirant/Deodorant (73g) - Hàng chính hãng
Lam Dep Suc Khoe,Sáp tẩy lông ấm con lăn Jax Wax Australia Waratah 100ml
The Thao Da Ngoai,Nón Bơi Nhật Bản VIEW V-31 Chất Liệu 100% Silicone - Hàng Chính Hãng
Thoi Trang Nam,ZENTO - QUẦN LÓT NAM LƯNG DA BEO
Cham Soc Nha Cua,Dây 10 gói nước xả vải Maxpure hương CoCo 20ml
Cham Soc Nha Cua,[Mới] Viên rửa chén bát hương chanh Finish Ultimate Plus All in one túi 18 viên - dòng siêu cao cấp
Cham Soc Nha Cua,"Muối rửa bát Finish Dishwasher Salt 4kg dùng cho máy rửa bát, muối finish 2kg làm mềm nước nhập khẩu chính hãng"
Cham Soc Nha Cua,Dung dịch vệ sinh máy rửa bát 250ml
Cham Soc Nha Cua,viên rửa bát finish Nhật Bản ( Viên rửa bát finish tổng hợp 3 trong 1 tích hợp muối bóng bột)
Cham Soc Nha Cua,Nước rửa chén bát sinh học ENZYCO 100ml - Chiết xuất Bồ hòn và Enzyme Dứa
Cham Soc Nha Cua,Nước làm bóng chén bát Finish Eco 0% - 400ml/ chai
Cham Soc Nha Cua,"Nước rửa chén bát 97% gốc thiên nhiên Cocayhoala Hương Quế 500 ml- Chiết xuất Bồ Hòn, Quế, Muối Trắng, Chanh..."
Cham Soc Nha Cua,Hộp 100 viên rửa chén Finish All In 1 Dishwasher Tablets PTT04592
Cham Soc Nha Cua,Nước Rửa Chén Layer Clean Túi 2LIT
